startup_id,simulation_id,horizon_months,ending_cash_balance_usd,ending_runway_months,minimum_runway_months,ending_sharf_score,cashout_flag,critical_risk_flag
ST001,1,6,923009.85,17.12,16.72,59.4,False,False
ST001,2,6,863409.61,14.75,13.76,59.9,False,False
ST001,3,6,888398.79,14.78,13.91,46.4,False,True
ST001,4,6,863041.04,14.1,14.05,52.4,False,False
ST001,5,6,859808.93,12.05,12.05,58.4,False,False
ST001,6,6,888481.29,14.83,13.83,60.2,False,False
ST001,7,6,815229.1,11.29,10.88,57.6,False,False
ST001,8,6,904167.09,14.92,14.92,60.8,False,False
ST001,9,6,786830.48,10.01,10.01,56.8,False,False
ST001,10,6,874672.65,12.93,12.93,57.1,False,False
ST001,11,6,918357.73,16.2,15.54,62.9,False,False
ST001,12,6,891307.85,14.54,14.37,54.0,False,False
ST001,13,6,882168.4,15.17,14.13,59.7,False,False
ST001,14,6,871606.1,12.51,11.94,55.1,False,False
ST001,15,6,840898.25,12.24,12.24,53.4,False,False
ST001,16,6,853354.71,11.41,11.41,50.7,False,False
ST001,17,6,919655.93,17.14,15.27,60.4,False,False
ST001,18,6,938822.44,18.97,17.29,70.6,False,False
ST001,19,6,853501.94,12.26,12.26,48.6,False,True
ST001,20,6,852455.49,13.04,13.04,59.1,False,False
ST001,21,6,832662.56,10.9,10.9,51.3,False,False
ST001,22,6,778983.19,9.11,9.11,48.6,False,True
ST001,23,6,783657.21,9.31,9.31,51.2,False,False
ST001,24,6,897349.99,15.45,14.96,62.8,False,False
ST001,25,6,870949.42,12.84,12.84,54.8,False,False
ST001,26,6,922007.32,17.67,16.99,59.8,False,False
ST001,27,6,911032.56,16.04,15.27,60.8,False,False
ST001,28,6,907282.96,17.78,15.11,67.0,False,False
ST001,29,6,839911.76,11.46,11.46,53.2,False,False
ST001,30,6,901895.77,14.28,14.28,63.1,False,False
ST001,31,6,855088.44,12.52,12.52,52.5,False,False
ST001,32,6,833744.47,12.05,12.01,59.9,False,False
ST001,33,6,961830.88,18.42,17.21,63.0,False,False
ST001,34,6,926080.24,17.93,16.93,64.8,False,False
ST001,35,6,875481.71,12.32,12.32,55.7,False,False
ST001,36,6,897518.52,14.32,14.28,60.1,False,False
ST001,37,6,885820.11,13.26,12.52,55.9,False,False
ST001,38,6,880763.9,14.35,13.56,62.6,False,False
ST001,39,6,871199.43,12.42,12.42,56.2,False,False
ST001,40,6,790354.04,8.9,8.9,51.0,False,False
ST001,41,6,897711.47,14.3,14.3,55.0,False,False
ST001,42,6,879061.76,13.14,13.14,51.4,False,False
ST001,43,6,917596.43,16.38,15.95,60.4,False,False
ST001,44,6,818591.63,10.2,10.2,55.1,False,False
ST001,45,6,914021.49,16.85,15.85,66.4,False,False
ST001,46,6,909825.82,15.17,15.17,62.5,False,False
ST001,47,6,850370.02,12.44,12.44,59.6,False,False
ST001,48,6,828902.36,11.08,11.08,52.5,False,False
ST001,49,6,918483.13,18.06,16.38,59.9,False,False
ST001,50,6,957569.22,20.39,17.29,72.3,False,False
ST001,51,6,911278.16,14.44,14.44,63.8,False,False
ST001,52,6,920859.13,17.57,15.71,54.1,False,False
ST001,53,6,890514.51,13.08,13.08,61.3,False,False
ST001,54,6,894504.49,15.91,15.08,61.3,False,False
ST001,55,6,896873.46,13.09,13.09,55.6,False,False
ST001,56,6,856045.73,11.81,11.81,51.4,False,False
ST001,57,6,893306.78,15.41,14.68,63.3,False,False
ST001,58,6,867994.06,12.01,12.01,55.9,False,False
ST001,59,6,844976.01,11.69,11.69,55.8,False,False
ST001,60,6,867674.9,11.31,11.31,59.1,False,False
ST001,61,6,804864.88,10.66,10.66,45.6,False,True
ST001,62,6,873724.06,11.72,11.72,59.1,False,False
ST001,63,6,867690.53,13.35,12.76,58.1,False,False
ST001,64,6,920894.4,15.45,15.45,59.1,False,False
ST001,65,6,859520.59,12.36,12.36,52.6,False,False
ST001,66,6,906303.68,15.08,15.08,57.8,False,False
ST001,67,6,912489.14,18.32,15.52,55.8,False,False
ST001,68,6,828279.76,11.01,11.01,53.3,False,False
ST001,69,6,862691.47,11.58,11.58,52.6,False,False
ST001,70,6,806116.29,10.53,10.53,51.0,False,False
ST001,71,6,871957.96,13.25,13.25,59.2,False,False
ST001,72,6,827863.31,11.12,11.12,53.3,False,False
ST001,73,6,816437.75,11.25,11.02,51.1,False,False
ST001,74,6,844027.09,10.98,10.98,50.7,False,False
ST001,75,6,913399.49,17.2,15.88,67.4,False,False
ST001,76,6,940931.68,18.12,16.65,61.4,False,False
ST001,77,6,864101.54,12.42,12.42,49.8,False,True
ST001,78,6,915364.77,18.19,16.14,62.3,False,False
ST001,79,6,882838.82,13.51,13.51,62.8,False,False
ST001,80,6,901713.14,13.25,13.25,56.3,False,False
ST001,81,6,877915.32,12.63,12.63,55.0,False,False
ST001,82,6,931525.67,18.23,16.65,55.0,False,False
ST001,83,6,868220.68,14.07,13.33,46.6,False,True
ST001,84,6,915809.15,14.11,14.11,58.7,False,False
ST001,85,6,874498.5,13.76,13.34,53.7,False,False
ST001,86,6,895694.38,14.76,14.76,57.4,False,False
ST001,87,6,947315.08,21.47,17.29,71.4,False,False
ST001,88,6,862524.96,13.37,13.37,62.6,False,False
ST001,89,6,900269.34,13.0,13.0,54.6,False,False
ST001,90,6,911924.6,16.92,15.03,63.8,False,False
ST001,91,6,846567.85,12.08,12.08,52.9,False,False
ST001,92,6,918155.03,14.85,14.85,57.3,False,False
ST001,93,6,863732.58,12.7,12.7,60.6,False,False
ST001,94,6,869138.74,11.06,11.06,57.6,False,False
ST001,95,6,910559.3,17.59,16.02,55.1,False,False
ST001,96,6,918019.36,17.9,15.05,66.7,False,False
ST001,97,6,880631.96,15.03,14.43,58.2,False,False
ST001,98,6,868292.58,13.21,13.21,55.8,False,False
ST001,99,6,936249.63,16.8,16.27,57.1,False,False
ST001,100,6,846513.23,12.05,12.05,56.8,False,False
ST001,101,6,874014.93,13.69,13.69,55.8,False,False
ST001,102,6,867763.88,13.51,13.51,56.1,False,False
ST001,103,6,891449.88,14.1,13.99,60.4,False,False
ST001,104,6,853143.67,11.61,11.61,55.4,False,False
ST001,105,6,869303.31,12.02,12.02,60.3,False,False
ST001,106,6,938909.79,16.2,16.2,61.8,False,False
ST001,107,6,839583.58,11.4,11.4,55.3,False,False
ST001,108,6,919478.38,13.41,13.41,64.4,False,False
ST001,109,6,874805.3,12.77,12.77,58.0,False,False
ST001,110,6,816888.15,9.51,9.51,46.6,False,True
ST001,111,6,925293.09,17.65,16.01,61.9,False,False
ST001,112,6,824582.06,11.0,11.0,48.2,False,True
ST001,113,6,815067.03,10.09,10.09,49.8,False,True
ST001,114,6,902612.34,13.94,13.94,55.8,False,False
ST001,115,6,926883.0,16.0,15.71,57.7,False,False
ST001,116,6,859208.46,11.09,11.09,52.0,False,False
ST001,117,6,890379.82,13.46,13.46,53.6,False,False
ST001,118,6,901636.36,14.72,14.72,53.8,False,False
ST001,119,6,901684.35,15.33,15.33,61.7,False,False
ST001,120,6,884375.2,15.21,14.46,59.7,False,False
ST001,121,6,933116.46,17.28,16.8,63.9,False,False
ST001,122,6,875804.69,12.94,12.94,59.6,False,False
ST001,123,6,838257.17,12.47,12.06,60.9,False,False
ST001,124,6,881555.47,14.87,14.49,64.2,False,False
ST001,125,6,891398.7,15.11,13.88,61.6,False,False
ST001,126,6,833757.45,10.21,10.21,46.1,False,True
ST001,127,6,892291.46,15.84,14.68,59.5,False,False
ST001,128,6,870129.95,13.91,13.7,56.9,False,False
ST001,129,6,878588.26,13.49,13.49,54.5,False,False
ST001,130,6,961818.17,19.76,17.29,64.6,False,False
ST001,131,6,930212.09,18.81,16.15,63.2,False,False
ST001,132,6,906687.52,15.67,15.27,57.0,False,False
ST001,133,6,966783.6,22.28,16.08,62.5,False,False
ST001,134,6,922394.56,14.22,14.22,63.4,False,False
ST001,135,6,904641.59,14.08,14.08,54.4,False,False
ST001,136,6,872699.77,12.17,12.17,59.2,False,False
ST001,137,6,906015.94,17.38,14.49,58.7,False,False
ST001,138,6,870196.22,14.05,13.71,56.1,False,False
ST001,139,6,830228.16,10.54,10.54,49.5,False,True
ST001,140,6,839472.84,10.93,10.93,58.0,False,False
ST001,141,6,901392.43,15.73,15.11,64.7,False,False
ST001,142,6,844379.01,11.04,11.04,61.0,False,False
ST001,143,6,873471.36,13.44,13.44,54.0,False,False
ST001,144,6,941367.46,16.57,16.57,61.0,False,False
ST001,145,6,877531.49,13.24,13.24,55.5,False,False
ST001,146,6,929173.28,16.72,16.72,60.0,False,False
ST001,147,6,948010.92,19.25,17.29,59.9,False,False
ST001,148,6,852700.94,11.13,11.13,51.3,False,False
ST001,149,6,870229.66,12.83,12.83,54.4,False,False
ST001,150,6,822005.77,9.43,9.43,52.7,False,False
ST001,151,6,961077.56,17.62,17.29,66.8,False,False
ST001,152,6,871136.57,13.57,13.39,54.6,False,False
ST001,153,6,885506.38,14.95,14.21,55.1,False,False
ST001,154,6,938374.8,20.26,17.14,68.0,False,False
ST001,155,6,885406.62,12.89,12.89,50.6,False,False
ST001,156,6,897146.73,13.4,13.4,52.8,False,False
ST001,157,6,884972.04,14.03,14.03,56.0,False,False
ST001,158,6,896065.31,12.99,12.99,58.2,False,False
ST001,159,6,847437.54,10.0,10.0,45.2,False,True
ST001,160,6,868749.85,11.54,11.54,50.8,False,False
ST001,161,6,858510.87,12.02,12.02,52.5,False,False
ST001,162,6,884301.89,14.3,13.75,57.7,False,False
ST001,163,6,950526.54,20.71,17.2,66.7,False,False
ST001,164,6,880004.17,13.65,13.65,54.9,False,False
ST001,165,6,856910.73,11.25,11.25,40.1,False,True
ST001,166,6,920694.0,15.86,15.64,52.0,False,False
ST001,167,6,753046.45,8.3,8.19,53.4,False,False
ST001,168,6,823373.24,10.77,10.77,55.4,False,False
ST001,169,6,863634.81,13.15,12.87,57.4,False,False
ST001,170,6,901614.18,15.08,15.08,56.9,False,False
ST001,171,6,832513.31,12.24,12.24,55.7,False,False
ST001,172,6,868453.11,13.7,13.35,51.9,False,False
ST001,173,6,875079.9,13.97,13.97,53.1,False,False
ST001,174,6,869116.55,13.44,13.37,56.0,False,False
ST001,175,6,913037.43,16.38,15.58,58.7,False,False
ST001,176,6,927338.85,15.34,15.34,62.0,False,False
ST001,177,6,888122.34,15.1,15.09,64.0,False,False
ST001,178,6,953395.79,19.29,17.29,66.4,False,False
ST001,179,6,942533.68,18.2,17.29,60.9,False,False
ST001,180,6,895805.8,14.03,14.03,61.0,False,False
ST001,181,6,897692.6,12.71,12.71,51.6,False,False
ST001,182,6,851039.96,12.11,12.11,52.9,False,False
ST001,183,6,860727.01,12.96,12.92,61.0,False,False
ST001,184,6,858760.49,13.26,13.15,54.2,False,False
ST001,185,6,858481.81,11.3,11.3,57.4,False,False
ST001,186,6,906473.13,14.19,14.19,49.2,False,True
ST001,187,6,837906.53,11.55,11.55,55.4,False,False
ST001,188,6,874606.32,13.85,13.85,58.8,False,False
ST001,189,6,901979.55,16.25,15.62,55.8,False,False
ST001,190,6,906719.15,13.3,13.3,48.5,False,True
ST001,191,6,848814.61,12.53,12.53,54.6,False,False
ST001,192,6,944471.64,18.31,17.29,63.2,False,False
ST001,193,6,834533.65,10.93,10.93,57.3,False,False
ST001,194,6,897759.9,15.26,15.26,58.0,False,False
ST001,195,6,857483.5,11.85,11.85,49.8,False,True
ST001,196,6,954183.82,19.64,16.48,66.7,False,False
ST001,197,6,829555.72,10.87,10.87,60.6,False,False
ST001,198,6,866851.32,13.65,13.49,57.2,False,False
ST001,199,6,839019.37,11.78,11.78,50.6,False,False
ST001,200,6,863865.6,13.67,12.86,52.4,False,False
ST001,201,6,832878.84,10.28,10.28,57.7,False,False
ST001,202,6,938127.24,17.13,17.13,69.8,False,False
ST001,203,6,865982.23,11.8,11.8,54.4,False,False
ST001,204,6,793692.89,9.64,9.64,49.3,False,True
ST001,205,6,864105.36,12.51,12.51,54.5,False,False
ST001,206,6,878773.87,13.54,12.99,57.0,False,False
ST001,207,6,864938.68,12.8,12.53,56.0,False,False
ST001,208,6,923560.16,15.44,15.2,58.1,False,False
ST001,209,6,917101.48,14.52,14.52,60.3,False,False
ST001,210,6,883903.95,12.35,12.35,58.2,False,False
ST001,211,6,845249.37,11.78,11.78,53.1,False,False
ST001,212,6,865111.1,13.82,12.91,57.7,False,False
ST001,213,6,855362.35,12.03,12.03,48.9,False,True
ST001,214,6,837680.67,11.61,11.61,58.9,False,False
ST001,215,6,965101.7,17.54,17.29,65.9,False,False
ST001,216,6,857047.49,11.03,11.03,48.3,False,True
ST001,217,6,906311.08,15.68,14.48,59.8,False,False
ST001,218,6,899416.83,14.13,14.13,58.2,False,False
ST001,219,6,865757.77,14.57,13.55,52.9,False,False
ST001,220,6,930898.22,16.88,15.75,62.7,False,False
ST001,221,6,882236.86,15.32,14.44,63.1,False,False
ST001,222,6,926251.86,19.04,16.11,66.4,False,False
ST001,223,6,929696.18,18.97,16.09,67.5,False,False
ST001,224,6,917552.61,16.64,16.12,66.0,False,False
ST001,225,6,898043.38,14.26,13.95,54.4,False,False
ST001,226,6,857763.32,10.87,10.87,55.6,False,False
ST001,227,6,803273.31,10.41,10.41,57.5,False,False
ST001,228,6,904598.5,12.72,12.72,63.4,False,False
ST001,229,6,863405.77,12.88,12.88,53.2,False,False
ST001,230,6,845759.89,11.35,11.35,52.3,False,False
ST001,231,6,849349.54,12.56,12.56,53.9,False,False
ST001,232,6,929112.07,16.78,16.78,59.9,False,False
ST001,233,6,892150.28,13.73,13.73,58.3,False,False
ST001,234,6,926318.5,16.39,16.39,62.4,False,False
ST001,235,6,839990.93,12.01,12.01,50.2,False,False
ST001,236,6,854072.91,12.75,12.75,52.3,False,False
ST001,237,6,834444.83,11.19,11.19,52.6,False,False
ST001,238,6,900338.8,15.6,15.19,61.3,False,False
ST001,239,6,851063.61,12.03,12.03,57.5,False,False
ST001,240,6,882668.13,13.49,13.45,50.1,False,False
ST001,241,6,799266.47,10.05,10.05,48.7,False,True
ST001,242,6,816769.4,9.85,9.85,48.3,False,True
ST001,243,6,887591.91,13.15,13.15,58.1,False,False
ST001,244,6,886586.9,13.11,13.11,54.6,False,False
ST001,245,6,874394.33,11.26,11.26,52.9,False,False
ST001,246,6,840476.13,11.39,11.39,60.9,False,False
ST001,247,6,891296.54,12.44,12.44,60.0,False,False
ST001,248,6,816083.37,9.93,9.93,46.2,False,True
ST001,249,6,887824.84,11.79,11.79,51.4,False,False
ST001,250,6,957514.53,19.55,17.29,61.9,False,False
ST001,251,6,909198.22,15.75,15.75,65.1,False,False
ST001,252,6,811192.18,8.95,8.95,53.6,False,False
ST001,253,6,895198.78,14.22,14.22,56.9,False,False
ST001,254,6,816949.65,10.64,10.64,51.5,False,False
ST001,255,6,859146.11,11.98,11.98,56.5,False,False
ST001,256,6,894511.45,13.91,13.91,48.4,False,True
ST001,257,6,849656.51,12.95,12.23,52.7,False,False
ST001,258,6,891914.01,14.54,14.31,61.6,False,False
ST001,259,6,856567.67,12.52,12.37,51.8,False,False
ST001,260,6,878392.58,13.6,13.43,56.7,False,False
ST001,261,6,877076.68,14.75,13.69,60.7,False,False
ST001,262,6,905962.85,13.92,13.92,57.7,False,False
ST001,263,6,856517.9,9.95,9.95,52.7,False,False
ST001,264,6,839128.69,10.39,10.39,50.3,False,False
ST001,265,6,790914.04,10.36,10.36,56.2,False,False
ST001,266,6,897930.85,15.47,15.18,56.3,False,False
ST001,267,6,905957.54,16.17,15.82,70.1,False,False
ST001,268,6,928692.61,16.69,15.37,54.7,False,False
ST001,269,6,889157.52,12.72,12.72,58.2,False,False
ST001,270,6,830972.59,11.58,10.98,49.4,False,True
ST001,271,6,852830.09,12.26,12.26,45.8,False,True
ST001,272,6,856802.16,12.46,12.46,47.9,False,True
ST001,273,6,866547.53,13.29,13.29,58.0,False,False
ST001,274,6,930104.51,17.49,16.33,66.8,False,False
ST001,275,6,914704.85,15.35,15.35,52.9,False,False
ST001,276,6,841768.85,11.66,11.66,54.3,False,False
ST001,277,6,913381.11,15.98,15.98,64.7,False,False
ST001,278,6,860039.91,11.99,11.99,57.1,False,False
ST001,279,6,937209.02,16.54,16.54,63.5,False,False
ST001,280,6,851722.87,12.04,11.95,54.1,False,False
ST001,281,6,850329.28,12.23,12.02,58.2,False,False
ST001,282,6,851710.31,12.81,12.81,49.7,False,True
ST001,283,6,923251.56,14.09,14.09,50.6,False,False
ST001,284,6,912546.17,16.37,16.16,67.1,False,False
ST001,285,6,917304.6,18.5,16.22,71.8,False,False
ST001,286,6,904176.2,16.95,16.41,70.8,False,False
ST001,287,6,896175.14,15.27,14.6,61.1,False,False
ST001,288,6,893978.8,14.91,14.91,56.4,False,False
ST001,289,6,866789.62,11.37,11.37,47.5,False,True
ST001,290,6,958494.19,20.51,16.61,57.4,False,False
ST001,291,6,929585.73,17.23,16.31,59.8,False,False
ST001,292,6,917870.06,18.45,15.03,59.4,False,False
ST001,293,6,925318.22,18.3,16.01,55.8,False,False
ST001,294,6,922644.87,15.65,15.65,61.7,False,False
ST001,295,6,774131.52,8.84,8.84,50.8,False,False
ST001,296,6,899635.73,14.42,14.42,63.7,False,False
ST001,297,6,912851.11,14.87,14.87,61.0,False,False
ST001,298,6,943783.38,16.16,16.16,59.0,False,False
ST001,299,6,888614.26,14.61,14.61,68.1,False,False
ST001,300,6,917533.04,18.12,14.92,68.9,False,False
ST001,301,6,875266.51,13.46,13.46,57.3,False,False
ST001,302,6,949112.09,18.19,16.69,63.6,False,False
ST001,303,6,897041.51,15.35,14.35,64.0,False,False
ST001,304,6,897648.01,16.38,15.1,63.1,False,False
ST001,305,6,962878.39,19.6,17.29,59.3,False,False
ST001,306,6,816967.85,10.74,10.74,52.4,False,False
ST001,307,6,814650.37,9.14,9.14,45.2,False,True
ST001,308,6,908661.15,16.5,14.53,55.1,False,False
ST001,309,6,880509.96,14.57,13.64,64.4,False,False
ST001,310,6,893496.2,12.56,12.56,53.8,False,False
ST001,311,6,875809.11,12.69,12.69,55.2,False,False
ST001,312,6,871394.64,14.03,13.3,58.3,False,False
ST001,313,6,877401.09,14.26,13.65,62.3,False,False
ST001,314,6,907981.69,14.69,14.69,60.1,False,False
ST001,315,6,953964.26,19.06,17.29,68.8,False,False
ST001,316,6,872404.99,12.65,12.46,60.5,False,False
ST001,317,6,848456.6,11.24,11.24,53.8,False,False
ST001,318,6,849653.41,11.54,11.54,52.9,False,False
ST001,319,6,819408.18,9.68,9.68,47.6,False,True
ST001,320,6,837409.3,10.71,10.71,61.6,False,False
ST001,321,6,904583.84,16.82,15.16,62.8,False,False
ST001,322,6,881481.34,14.02,13.71,59.8,False,False
ST001,323,6,941603.94,16.63,16.49,53.6,False,False
ST001,324,6,874232.8,14.04,13.27,53.5,False,False
ST001,325,6,872058.1,13.92,13.41,61.3,False,False
ST001,326,6,853063.29,11.78,11.78,60.5,False,False
ST001,327,6,909896.81,16.01,16.01,62.7,False,False
ST001,328,6,862775.45,13.46,13.34,49.0,False,True
ST001,329,6,832452.47,9.54,9.54,45.8,False,True
ST001,330,6,930792.64,15.27,15.27,56.8,False,False
ST001,331,6,953676.23,19.4,17.29,61.4,False,False
ST001,332,6,849370.6,10.99,10.99,58.1,False,False
ST001,333,6,935290.85,18.1,17.29,67.7,False,False
ST001,334,6,855829.56,12.29,12.29,55.2,False,False
ST001,335,6,883085.32,12.16,12.16,51.2,False,False
ST001,336,6,889681.59,14.4,14.15,61.8,False,False
ST001,337,6,900179.29,15.28,15.03,58.5,False,False
ST001,338,6,914966.65,15.49,15.44,59.7,False,False
ST001,339,6,821679.13,9.98,9.98,49.0,False,True
ST001,340,6,863119.63,11.79,11.79,59.3,False,False
ST001,341,6,929193.16,19.84,16.51,65.5,False,False
ST001,342,6,821361.75,10.79,10.79,63.0,False,False
ST001,343,6,877632.05,14.78,12.94,57.0,False,False
ST001,344,6,953063.19,18.88,16.22,56.9,False,False
ST001,345,6,921504.52,14.84,14.84,56.1,False,False
ST001,346,6,881913.52,12.62,12.62,53.9,False,False
ST001,347,6,903461.76,15.36,15.22,60.6,False,False
ST001,348,6,802445.12,10.13,10.13,56.5,False,False
ST001,349,6,902677.45,16.8,15.22,63.9,False,False
ST001,350,6,851049.84,11.64,11.64,51.2,False,False
ST001,351,6,937423.39,17.28,16.37,61.6,False,False
ST001,352,6,902966.39,12.35,12.35,53.7,False,False
ST001,353,6,883226.19,13.28,13.28,62.1,False,False
ST001,354,6,867109.91,12.03,12.03,56.1,False,False
ST001,355,6,844673.26,11.52,11.52,45.7,False,True
ST001,356,6,862225.67,11.83,11.83,58.7,False,False
ST001,357,6,916345.73,15.25,15.25,62.1,False,False
ST001,358,6,929916.46,18.12,15.98,62.2,False,False
ST001,359,6,917184.34,15.03,15.03,61.9,False,False
ST001,360,6,821719.85,9.69,9.69,48.4,False,True
ST001,361,6,906346.22,15.59,14.72,58.2,False,False
ST001,362,6,937032.06,16.95,16.95,64.8,False,False
ST001,363,6,947322.83,18.02,17.1,63.5,False,False
ST001,364,6,930548.93,15.76,15.76,65.1,False,False
ST001,365,6,977750.17,22.68,17.29,64.6,False,False
ST001,366,6,940193.82,18.56,17.29,64.0,False,False
ST001,367,6,840026.93,10.84,10.84,59.6,False,False
ST001,368,6,836938.6,11.32,11.32,54.1,False,False
ST001,369,6,880596.25,12.66,12.66,57.5,False,False
ST001,370,6,907381.56,16.61,15.26,61.6,False,False
ST001,371,6,875444.54,13.22,13.22,54.5,False,False
ST001,372,6,859418.57,12.88,12.88,60.0,False,False
ST001,373,6,895722.59,13.32,13.25,55.8,False,False
ST001,374,6,881422.28,13.58,13.58,63.6,False,False
ST001,375,6,896745.07,14.61,14.61,57.5,False,False
ST001,376,6,897932.98,13.9,13.9,53.3,False,False
ST001,377,6,942290.04,16.75,16.75,55.8,False,False
ST001,378,6,905507.47,13.72,13.72,62.3,False,False
ST001,379,6,901187.49,14.2,14.2,58.4,False,False
ST001,380,6,926710.87,20.59,15.87,60.8,False,False
ST001,381,6,896772.88,15.73,15.17,59.4,False,False
ST001,382,6,812525.95,10.5,10.5,54.3,False,False
ST001,383,6,888119.79,13.72,13.72,58.6,False,False
ST001,384,6,881027.11,13.83,12.91,60.5,False,False
ST001,385,6,838065.75,11.62,11.48,54.3,False,False
ST001,386,6,921283.54,17.96,16.15,60.4,False,False
ST001,387,6,863809.69,13.06,13.06,45.0,False,True
ST001,388,6,897309.57,15.21,14.81,70.3,False,False
ST001,389,6,925100.91,19.28,15.73,69.3,False,False
ST001,390,6,924634.76,15.26,15.26,63.9,False,False
ST001,391,6,828770.34,10.48,10.48,49.4,False,True
ST001,392,6,920157.41,17.44,16.67,58.1,False,False
ST001,393,6,790373.44,8.97,8.97,54.4,False,False
ST001,394,6,894774.65,15.1,14.08,57.1,False,False
ST001,395,6,923871.6,16.92,16.1,57.9,False,False
ST001,396,6,886030.2,14.9,14.9,51.9,False,False
ST001,397,6,859624.87,12.66,12.66,59.0,False,False
ST001,398,6,934597.62,18.93,17.28,65.6,False,False
ST001,399,6,814288.62,10.22,10.22,48.9,False,True
ST001,400,6,849093.87,11.29,11.29,53.6,False,False
ST001,401,6,887137.54,12.63,12.63,63.4,False,False
ST001,402,6,825637.34,10.63,10.13,48.9,False,True
ST001,403,6,902281.71,15.19,15.08,56.1,False,False
ST001,404,6,915088.63,16.4,15.6,56.2,False,False
ST001,405,6,881000.3,13.49,13.49,53.7,False,False
ST001,406,6,936949.54,19.67,16.26,64.6,False,False
ST001,407,6,883228.69,12.79,12.79,60.3,False,False
ST001,408,6,887421.21,12.96,12.96,56.4,False,False
ST001,409,6,927705.19,17.59,16.9,60.0,False,False
ST001,410,6,874851.78,12.8,12.8,52.8,False,False
ST001,411,6,899003.61,14.79,14.79,55.3,False,False
ST001,412,6,844625.79,12.12,12.12,51.1,False,False
ST001,413,6,856805.99,12.68,12.68,58.2,False,False
ST001,414,6,851651.7,12.08,12.08,52.1,False,False
ST001,415,6,840656.25,11.36,11.36,60.1,False,False
ST001,416,6,838922.5,11.29,10.79,59.7,False,False
ST001,417,6,861450.45,13.29,13.24,55.8,False,False
ST001,418,6,896869.41,15.84,15.44,58.6,False,False
ST001,419,6,874807.18,11.08,11.08,47.5,False,True
ST001,420,6,895093.39,15.73,15.27,61.1,False,False
ST001,421,6,886798.15,14.68,14.68,54.8,False,False
ST001,422,6,911303.0,15.84,15.84,51.3,False,False
ST001,423,6,881942.82,12.86,12.86,51.9,False,False
ST001,424,6,862596.6,11.1,11.1,59.6,False,False
ST001,425,6,886211.89,13.84,13.84,53.4,False,False
ST001,426,6,859277.73,13.18,12.69,54.3,False,False
ST001,427,6,833687.89,10.35,10.35,49.2,False,True
ST001,428,6,854138.42,13.29,12.48,59.7,False,False
ST001,429,6,802658.63,10.04,9.91,52.2,False,False
ST001,430,6,940247.43,16.98,16.98,61.0,False,False
ST001,431,6,861337.01,12.71,12.06,48.8,False,True
ST001,432,6,805358.6,10.18,10.18,52.3,False,False
ST001,433,6,882247.23,14.01,13.25,59.2,False,False
ST001,434,6,874610.7,13.17,13.17,52.0,False,False
ST001,435,6,916246.85,16.49,15.4,60.2,False,False
ST001,436,6,792470.61,8.81,8.81,46.4,False,True
ST001,437,6,858814.45,12.66,12.66,50.1,False,False
ST001,438,6,862153.61,11.1,11.1,53.5,False,False
ST001,439,6,914492.22,18.54,14.79,65.1,False,False
ST001,440,6,820439.97,11.88,11.5,46.9,False,True
ST001,441,6,833243.74,11.26,11.26,49.0,False,True
ST001,442,6,905871.17,15.65,15.44,53.1,False,False
ST001,443,6,859397.74,13.4,12.99,52.3,False,False
ST001,444,6,865718.86,11.65,11.65,50.1,False,False
ST001,445,6,902172.08,12.8,12.8,59.0,False,False
ST001,446,6,855083.65,12.78,12.0,55.6,False,False
ST001,447,6,935188.46,16.83,16.2,63.8,False,False
ST001,448,6,874579.91,12.66,12.62,57.5,False,False
ST001,449,6,837512.22,12.27,12.16,55.6,False,False
ST001,450,6,833936.74,12.34,11.21,54.4,False,False
ST001,451,6,858537.86,14.6,13.44,53.1,False,False
ST001,452,6,864164.77,13.46,12.78,57.0,False,False
ST001,453,6,795595.15,9.41,9.41,46.2,False,True
ST001,454,6,909430.13,14.88,14.79,54.7,False,False
ST001,455,6,905320.31,14.97,14.97,52.5,False,False
ST001,456,6,862382.53,13.01,12.73,62.1,False,False
ST001,457,6,900633.6,16.69,15.11,60.9,False,False
ST001,458,6,895513.68,13.79,13.79,55.8,False,False
ST001,459,6,873601.88,13.59,13.29,55.3,False,False
ST001,460,6,891841.14,13.84,13.84,56.0,False,False
ST001,461,6,911216.18,15.73,15.73,59.1,False,False
ST001,462,6,864969.16,12.04,12.04,58.1,False,False
ST001,463,6,824521.38,10.7,10.7,51.4,False,False
ST001,464,6,841311.8,12.4,12.4,56.8,False,False
ST001,465,6,854495.76,10.88,10.88,46.7,False,True
ST001,466,6,817301.43,10.45,10.45,55.1,False,False
ST001,467,6,905100.59,14.23,14.23,59.7,False,False
ST001,468,6,861623.63,11.33,11.33,55.6,False,False
ST001,469,6,886676.45,13.48,13.48,52.1,False,False
ST001,470,6,878610.27,13.4,13.4,52.1,False,False
ST001,471,6,852136.05,11.96,11.96,55.8,False,False
ST001,472,6,864347.07,11.33,11.33,51.6,False,False
ST001,473,6,790234.57,8.66,8.66,41.0,False,True
ST001,474,6,867033.22,13.45,13.12,58.1,False,False
ST001,475,6,933940.15,15.22,15.18,60.1,False,False
ST001,476,6,810454.45,10.45,10.45,54.6,False,False
ST001,477,6,883939.75,12.67,12.67,52.4,False,False
ST001,478,6,924363.36,16.45,15.96,59.7,False,False
ST001,479,6,932046.79,16.31,16.31,56.3,False,False
ST001,480,6,898403.47,15.29,15.29,55.9,False,False
ST001,481,6,872666.38,12.87,12.87,52.8,False,False
ST001,482,6,826127.78,11.61,10.92,50.5,False,False
ST001,483,6,864031.27,12.9,12.73,61.7,False,False
ST001,484,6,884551.57,14.95,13.9,60.2,False,False
ST001,485,6,891574.16,15.68,14.48,60.4,False,False
ST001,486,6,865072.88,12.9,12.9,58.3,False,False
ST001,487,6,838134.81,10.51,10.51,57.1,False,False
ST001,488,6,975519.72,19.96,17.29,65.0,False,False
ST001,489,6,858262.75,11.64,11.64,52.4,False,False
ST001,490,6,868944.59,12.77,12.77,51.6,False,False
ST001,491,6,926685.25,16.18,16.18,61.2,False,False
ST001,492,6,847475.84,12.02,12.02,52.0,False,False
ST001,493,6,861980.72,13.5,13.01,56.3,False,False
ST001,494,6,905940.54,18.22,15.61,64.3,False,False
ST001,495,6,877633.42,14.34,13.68,55.8,False,False
ST001,496,6,889821.86,14.63,14.63,51.8,False,False
ST001,497,6,883655.07,14.51,14.51,56.5,False,False
ST001,498,6,860496.19,12.01,12.01,54.5,False,False
ST001,499,6,873506.31,11.9,11.9,47.4,False,True
ST001,500,6,877542.06,13.01,13.01,52.2,False,False
ST001,501,6,944348.76,16.98,16.98,62.8,False,False
ST001,502,6,889558.98,13.94,13.94,58.6,False,False
ST001,503,6,845865.79,12.1,12.1,57.3,False,False
ST001,504,6,916776.37,13.37,13.37,58.8,False,False
ST001,505,6,948147.17,18.16,17.29,69.3,False,False
ST001,506,6,860846.88,13.11,13.11,46.4,False,True
ST001,507,6,912547.17,17.0,14.92,64.7,False,False
ST001,508,6,889442.4,13.47,13.47,50.5,False,False
ST001,509,6,942979.23,17.2,17.2,63.4,False,False
ST001,510,6,908650.24,18.33,14.77,57.1,False,False
ST001,511,6,907922.89,15.77,15.77,58.9,False,False
ST001,512,6,895752.56,15.78,14.46,59.4,False,False
ST001,513,6,894723.83,12.09,12.09,58.3,False,False
ST001,514,6,832081.62,11.42,10.99,59.6,False,False
ST001,515,6,884828.99,13.86,13.86,54.7,False,False
ST001,516,6,845470.11,11.14,11.14,55.8,False,False
ST001,517,6,882316.08,13.01,13.01,58.1,False,False
ST001,518,6,887038.41,13.3,13.3,47.6,False,True
ST001,519,6,881300.01,14.25,14.11,66.2,False,False
ST001,520,6,907552.99,13.22,13.22,64.7,False,False
ST001,521,6,943969.93,17.33,17.18,60.6,False,False
ST001,522,6,909579.1,15.81,15.81,62.9,False,False
ST001,523,6,840330.73,12.16,12.16,58.0,False,False
ST001,524,6,894790.53,15.37,14.65,64.3,False,False
ST001,525,6,926653.27,16.96,15.59,61.2,False,False
ST001,526,6,854717.29,12.76,12.76,62.7,False,False
ST001,527,6,874140.59,13.78,12.94,53.9,False,False
ST001,528,6,881956.17,13.75,13.75,58.8,False,False
ST001,529,6,926658.61,15.93,15.93,68.5,False,False
ST001,530,6,936002.91,16.73,16.73,67.6,False,False
ST001,531,6,875745.66,15.26,13.79,59.6,False,False
ST001,532,6,813791.4,9.78,9.78,48.1,False,True
ST001,533,6,899810.21,13.31,13.31,57.7,False,False
ST001,534,6,877940.87,13.78,11.98,63.4,False,False
ST001,535,6,854465.02,11.37,11.37,51.2,False,False
ST001,536,6,923155.18,17.51,15.11,60.3,False,False
ST001,537,6,831936.44,10.9,10.9,59.6,False,False
ST001,538,6,892320.32,13.78,13.78,46.4,False,True
ST001,539,6,874140.5,12.64,12.64,60.8,False,False
ST001,540,6,829803.48,10.66,10.66,54.0,False,False
ST001,541,6,883742.9,12.55,12.55,62.2,False,False
ST001,542,6,862960.5,14.46,12.95,61.8,False,False
ST001,543,6,965436.81,22.74,17.29,64.5,False,False
ST001,544,6,845839.9,11.03,11.03,51.3,False,False
ST001,545,6,905035.63,15.71,15.71,53.5,False,False
ST001,546,6,909380.73,14.88,14.88,55.7,False,False
ST001,547,6,924736.3,16.04,15.13,56.6,False,False
ST001,548,6,852811.64,12.04,12.04,51.8,False,False
ST001,549,6,783832.15,8.83,8.83,44.9,False,True
ST001,550,6,961087.18,19.87,17.29,67.8,False,False
ST001,551,6,868073.13,13.4,13.24,53.9,False,False
ST001,552,6,900614.47,15.72,14.91,57.7,False,False
ST001,553,6,891687.67,13.86,13.86,59.2,False,False
ST001,554,6,887216.91,14.39,14.39,57.0,False,False
ST001,555,6,871171.05,12.38,12.38,53.5,False,False
ST001,556,6,876092.88,14.58,14.24,57.8,False,False
ST001,557,6,819259.76,10.95,10.95,51.3,False,False
ST001,558,6,873757.47,11.88,11.88,54.1,False,False
ST001,559,6,894952.22,13.18,13.18,57.5,False,False
ST001,560,6,824649.49,8.99,8.99,53.6,False,False
ST001,561,6,842168.57,11.88,11.88,55.2,False,False
ST001,562,6,881682.04,12.53,12.53,54.6,False,False
ST001,563,6,928619.79,17.03,16.94,70.0,False,False
ST001,564,6,898492.71,15.21,15.11,61.0,False,False
ST001,565,6,903712.27,15.6,15.35,59.8,False,False
ST001,566,6,884307.03,15.67,14.14,64.6,False,False
ST001,567,6,873554.59,12.28,12.28,51.8,False,False
ST001,568,6,922405.47,15.52,15.41,64.6,False,False
ST001,569,6,868033.68,12.69,12.69,49.3,False,True
ST001,570,6,854373.9,12.55,12.55,56.1,False,False
ST001,571,6,875113.87,13.64,13.64,62.2,False,False
ST001,572,6,909123.24,16.25,15.96,58.7,False,False
ST001,573,6,951814.33,19.86,17.29,62.9,False,False
ST001,574,6,931378.47,16.5,15.91,59.3,False,False
ST001,575,6,884784.57,14.99,14.8,58.8,False,False
ST001,576,6,826115.58,10.67,10.67,59.1,False,False
ST001,577,6,882740.11,12.59,12.59,58.4,False,False
ST001,578,6,886156.47,14.21,13.28,56.9,False,False
ST001,579,6,806901.68,9.5,9.5,46.9,False,True
ST001,580,6,966740.63,18.68,17.29,60.9,False,False
ST001,581,6,823801.32,11.08,11.08,50.5,False,False
ST001,582,6,855160.11,12.96,12.37,64.2,False,False
ST001,583,6,916246.05,15.33,14.15,64.4,False,False
ST001,584,6,895125.06,13.71,13.71,53.0,False,False
ST001,585,6,894136.03,13.92,13.92,65.1,False,False
ST001,586,6,857798.43,10.79,10.79,57.8,False,False
ST001,587,6,904692.43,17.22,15.36,63.4,False,False
ST001,588,6,856472.64,12.96,12.96,61.4,False,False
ST001,589,6,892537.55,16.64,14.73,56.6,False,False
ST001,590,6,875200.57,13.89,13.89,60.7,False,False
ST001,591,6,881164.74,13.41,13.41,61.9,False,False
ST001,592,6,799305.04,8.81,8.81,50.4,False,False
ST001,593,6,868447.28,14.77,13.82,54.2,False,False
ST001,594,6,892163.21,12.75,12.75,64.3,False,False
ST001,595,6,893414.17,14.29,13.84,57.4,False,False
ST001,596,6,911612.96,16.33,15.86,58.6,False,False
ST001,597,6,911199.82,14.79,14.79,62.7,False,False
ST001,598,6,846070.34,11.77,11.77,55.0,False,False
ST001,599,6,869977.54,12.8,12.8,61.0,False,False
ST001,600,6,905584.81,13.37,13.37,58.8,False,False
ST001,601,6,886486.37,14.89,14.61,65.9,False,False
ST001,602,6,879464.38,14.65,14.51,57.1,False,False
ST001,603,6,880006.33,14.26,14.26,52.2,False,False
ST001,604,6,914769.09,16.4,15.89,60.0,False,False
ST001,605,6,916837.8,14.88,14.88,56.1,False,False
ST001,606,6,922131.88,16.4,16.4,62.4,False,False
ST001,607,6,932993.07,14.93,14.93,57.7,False,False
ST001,608,6,802993.68,10.27,10.0,51.3,False,False
ST001,609,6,835511.95,10.61,10.61,48.8,False,True
ST001,610,6,915717.46,15.02,15.02,63.6,False,False
ST001,611,6,872849.34,13.67,13.67,62.2,False,False
ST001,612,6,879641.56,12.72,12.72,54.1,False,False
ST001,613,6,918252.61,17.41,16.0,70.5,False,False
ST001,614,6,893850.48,13.75,13.75,58.2,False,False
ST001,615,6,814653.17,10.32,10.27,49.2,False,True
ST001,616,6,934952.56,16.81,15.98,65.0,False,False
ST001,617,6,878005.75,13.32,13.32,54.5,False,False
ST001,618,6,869547.15,13.05,13.05,59.4,False,False
ST001,619,6,888400.05,12.36,12.36,54.8,False,False
ST001,620,6,842972.36,12.63,12.56,55.6,False,False
ST001,621,6,869748.98,12.26,12.26,57.8,False,False
ST001,622,6,849314.93,11.36,11.36,52.3,False,False
ST001,623,6,958672.82,18.95,17.29,59.7,False,False
ST001,624,6,853203.48,12.84,12.84,55.1,False,False
ST001,625,6,846651.68,12.15,11.95,54.5,False,False
ST001,626,6,848292.88,10.41,10.41,54.3,False,False
ST001,627,6,852404.32,10.01,10.01,48.2,False,True
ST001,628,6,888515.43,12.65,12.65,60.8,False,False
ST001,629,6,947990.08,18.54,17.29,65.9,False,False
ST001,630,6,895920.46,13.9,13.9,54.0,False,False
ST001,631,6,855586.93,11.86,11.86,53.0,False,False
ST001,632,6,780813.32,9.89,9.89,50.8,False,False
ST001,633,6,876609.44,13.64,13.64,52.7,False,False
ST001,634,6,993871.53,24.47,17.29,70.3,False,False
ST001,635,6,916009.61,16.72,16.44,62.3,False,False
ST001,636,6,892901.23,15.95,14.23,55.6,False,False
ST001,637,6,894848.55,15.04,15.04,66.2,False,False
ST001,638,6,959758.09,19.28,17.29,58.6,False,False
ST001,639,6,939658.24,18.88,16.75,67.7,False,False
ST001,640,6,864629.45,13.21,13.21,50.7,False,False
ST001,641,6,929985.52,17.51,16.67,60.6,False,False
ST001,642,6,849339.84,12.84,12.09,55.4,False,False
ST001,643,6,916774.54,17.14,16.38,59.7,False,False
ST001,644,6,858142.25,12.42,12.42,56.4,False,False
ST001,645,6,892965.94,13.1,13.1,52.6,False,False
ST001,646,6,837409.78,11.87,11.22,57.9,False,False
ST001,647,6,868719.24,13.02,13.02,60.7,False,False
ST001,648,6,867927.34,11.58,11.58,54.9,False,False
ST001,649,6,945541.61,18.18,16.06,63.4,False,False
ST001,650,6,802758.2,11.92,11.41,58.7,False,False
ST001,651,6,861524.16,12.07,11.99,54.1,False,False
ST001,652,6,938050.02,18.29,17.29,63.3,False,False
ST001,653,6,868456.75,11.8,11.8,52.0,False,False
ST001,654,6,877437.23,12.3,12.3,52.8,False,False
ST001,655,6,871751.93,12.85,12.85,57.0,False,False
ST001,656,6,808904.04,9.66,9.66,52.5,False,False
ST001,657,6,869411.63,12.32,12.32,53.7,False,False
ST001,658,6,876190.67,13.33,13.33,60.5,False,False
ST001,659,6,895397.23,13.14,13.14,54.9,False,False
ST001,660,6,936287.26,19.05,17.29,70.5,False,False
ST001,661,6,902824.72,16.17,15.7,60.4,False,False
ST001,662,6,838432.34,10.71,10.71,51.5,False,False
ST001,663,6,804576.75,8.7,8.7,50.7,False,False
ST001,664,6,825703.21,9.77,9.77,51.0,False,False
ST001,665,6,844648.77,11.01,11.01,53.8,False,False
ST001,666,6,854137.08,13.8,12.73,55.5,False,False
ST001,667,6,864400.92,12.23,12.23,55.3,False,False
ST001,668,6,883233.48,16.27,13.87,69.5,False,False
ST001,669,6,899248.75,14.63,14.3,57.2,False,False
ST001,670,6,854676.75,11.67,10.99,53.1,False,False
ST001,671,6,877881.1,12.8,12.8,60.6,False,False
ST001,672,6,886148.78,13.59,13.59,56.3,False,False
ST001,673,6,923128.15,16.6,16.35,58.4,False,False
ST001,674,6,875857.62,12.12,12.12,53.5,False,False
ST001,675,6,855085.9,10.63,10.63,53.7,False,False
ST001,676,6,953396.36,21.23,16.8,68.8,False,False
ST001,677,6,942949.63,18.66,17.29,66.0,False,False
ST001,678,6,839869.84,10.83,10.83,46.6,False,True
ST001,679,6,890806.12,14.54,14.54,48.8,False,True
ST001,680,6,859245.47,14.11,13.3,65.6,False,False
ST001,681,6,903024.72,13.04,13.04,58.1,False,False
ST001,682,6,885648.85,15.96,13.85,63.0,False,False
ST001,683,6,870614.09,13.99,13.05,56.9,False,False
ST001,684,6,907864.68,17.17,15.23,61.0,False,False
ST001,685,6,888180.95,13.62,13.62,58.4,False,False
ST001,686,6,856798.9,12.22,12.22,57.6,False,False
ST001,687,6,857376.05,10.9,10.9,60.1,False,False
ST001,688,6,890877.03,13.07,12.77,56.5,False,False
ST001,689,6,876487.58,12.83,12.83,59.3,False,False
ST001,690,6,870002.38,13.73,13.57,65.6,False,False
ST001,691,6,823538.08,10.74,10.74,53.6,False,False
ST001,692,6,794919.23,10.03,10.03,47.6,False,True
ST001,693,6,878124.76,13.43,13.43,60.5,False,False
ST001,694,6,823605.5,11.55,11.55,57.7,False,False
ST001,695,6,894601.13,14.19,14.19,62.8,False,False
ST001,696,6,909069.5,16.17,15.64,61.3,False,False
ST001,697,6,858863.93,13.3,12.56,59.8,False,False
ST001,698,6,918728.99,15.18,15.18,56.9,False,False
ST001,699,6,953592.43,20.29,16.66,59.5,False,False
ST001,700,6,929892.91,18.31,16.8,63.9,False,False
ST001,701,6,908638.76,16.82,14.76,52.8,False,False
ST001,702,6,852134.49,12.09,12.09,53.0,False,False
ST001,703,6,936333.29,15.74,15.74,61.9,False,False
ST001,704,6,853564.49,13.73,13.1,59.1,False,False
ST001,705,6,841015.25,11.49,11.49,54.7,False,False
ST001,706,6,917770.74,15.2,15.2,65.8,False,False
ST001,707,6,822814.63,10.34,10.34,52.6,False,False
ST001,708,6,880787.75,13.3,13.3,61.6,False,False
ST001,709,6,868946.52,12.63,12.63,58.6,False,False
ST001,710,6,805636.62,9.22,9.22,50.0,False,False
ST001,711,6,885170.71,15.8,14.09,66.3,False,False
ST001,712,6,846129.76,11.13,11.13,49.2,False,True
ST001,713,6,836124.69,11.03,11.03,53.6,False,False
ST001,714,6,865171.7,13.07,12.99,52.4,False,False
ST001,715,6,884930.84,13.43,13.43,56.7,False,False
ST001,716,6,854821.2,12.57,12.57,56.2,False,False
ST001,717,6,921150.97,16.97,16.52,55.5,False,False
ST001,718,6,933505.19,16.76,16.45,70.8,False,False
ST001,719,6,907104.27,14.63,14.63,58.0,False,False
ST001,720,6,884693.19,15.65,15.27,55.1,False,False
ST001,721,6,893078.39,14.63,14.54,58.3,False,False
ST001,722,6,890521.25,14.95,14.95,59.3,False,False
ST001,723,6,906194.82,15.11,15.11,62.5,False,False
ST001,724,6,857096.51,12.78,12.3,63.6,False,False
ST001,725,6,965113.6,20.62,17.29,68.9,False,False
ST001,726,6,816876.36,11.1,11.1,54.7,False,False
ST001,727,6,866658.36,13.75,13.01,61.0,False,False
ST001,728,6,892909.62,15.64,15.26,60.1,False,False
ST001,729,6,833755.0,11.05,11.05,49.6,False,True
ST001,730,6,847982.8,11.89,11.87,53.6,False,False
ST001,731,6,804204.75,10.05,10.05,53.9,False,False
ST001,732,6,898135.16,13.68,13.68,53.3,False,False
ST001,733,6,904296.17,17.85,14.58,66.2,False,False
ST001,734,6,885032.82,14.56,14.0,57.3,False,False
ST001,735,6,865726.93,12.21,12.21,51.3,False,False
ST001,736,6,921048.94,14.37,14.37,53.8,False,False
ST001,737,6,768636.99,8.01,8.01,53.1,False,False
ST001,738,6,832830.13,12.87,12.08,54.1,False,False
ST001,739,6,825819.47,11.75,11.69,56.9,False,False
ST001,740,6,820348.66,10.04,10.04,50.4,False,False
ST001,741,6,884427.03,15.36,13.97,61.2,False,False
ST001,742,6,890118.24,13.12,13.12,57.5,False,False
ST001,743,6,865791.64,14.05,13.06,58.3,False,False
ST001,744,6,848973.17,11.46,11.46,48.8,False,True
ST001,745,6,878200.2,13.06,13.06,55.9,False,False
ST001,746,6,926678.03,16.21,16.21,66.0,False,False
ST001,747,6,904276.27,14.52,14.52,64.5,False,False
ST001,748,6,936324.87,16.68,16.07,64.8,False,False
ST001,749,6,902187.32,13.96,13.96,60.3,False,False
ST001,750,6,923155.45,16.31,15.31,53.4,False,False
ST001,751,6,847201.22,11.92,11.92,58.8,False,False
ST001,752,6,888928.06,14.35,13.5,58.7,False,False
ST001,753,6,942394.35,16.99,16.99,61.4,False,False
ST001,754,6,858049.66,13.88,12.62,62.8,False,False
ST001,755,6,933336.81,16.3,15.74,59.9,False,False
ST001,756,6,843622.06,11.44,11.44,53.5,False,False
ST001,757,6,854341.49,12.2,12.2,52.8,False,False
ST001,758,6,814111.7,10.54,10.54,48.1,False,True
ST001,759,6,941292.79,19.99,17.29,62.7,False,False
ST001,760,6,894623.04,15.35,14.5,62.6,False,False
ST001,761,6,868885.52,11.93,11.93,53.6,False,False
ST001,762,6,845451.85,11.95,11.95,55.6,False,False
ST001,763,6,909244.19,16.28,15.72,60.7,False,False
ST001,764,6,862243.11,12.35,12.35,53.9,False,False
ST001,765,6,950301.0,18.95,17.29,62.5,False,False
ST001,766,6,882602.75,13.4,13.2,56.7,False,False
ST001,767,6,930356.75,16.72,15.64,63.9,False,False
ST001,768,6,896226.73,14.3,14.03,50.8,False,False
ST001,769,6,893062.86,16.67,14.89,64.3,False,False
ST001,770,6,890212.58,15.4,14.68,69.3,False,False
ST001,771,6,911366.53,17.24,14.35,70.6,False,False
ST001,772,6,932406.25,15.9,15.9,60.3,False,False
ST001,773,6,810613.28,10.31,10.31,50.1,False,False
ST001,774,6,883774.55,13.67,13.67,58.4,False,False
ST001,775,6,883396.53,13.1,13.1,59.1,False,False
ST001,776,6,912421.42,16.52,16.01,63.2,False,False
ST001,777,6,824283.56,11.49,11.49,52.5,False,False
ST001,778,6,912745.2,17.89,15.97,60.1,False,False
ST001,779,6,882738.39,12.32,12.32,57.0,False,False
ST001,780,6,863252.65,11.64,11.64,46.4,False,True
ST001,781,6,888410.06,12.41,12.41,61.5,False,False
ST001,782,6,857213.46,10.79,10.79,57.6,False,False
ST001,783,6,900618.13,14.68,14.68,55.7,False,False
ST001,784,6,794754.13,8.87,8.87,45.4,False,True
ST001,785,6,877464.31,14.08,13.4,55.1,False,False
ST001,786,6,908693.37,15.35,15.35,59.3,False,False
ST001,787,6,902286.11,14.39,14.39,51.2,False,False
ST001,788,6,904184.77,13.52,13.52,60.7,False,False
ST001,789,6,911030.16,15.5,15.5,64.5,False,False
ST001,790,6,892522.88,13.48,13.48,58.8,False,False
ST001,791,6,840682.15,10.79,10.79,45.0,False,True
ST001,792,6,842166.0,11.91,11.91,54.8,False,False
ST001,793,6,912424.56,17.12,16.17,58.3,False,False
ST001,794,6,949503.86,20.42,17.06,59.7,False,False
ST001,795,6,876887.82,13.15,13.15,53.8,False,False
ST001,796,6,885261.13,15.32,14.66,50.5,False,False
ST001,797,6,863540.7,13.14,13.14,58.4,False,False
ST001,798,6,958944.12,20.74,17.29,68.1,False,False
ST001,799,6,894463.68,14.06,14.06,54.1,False,False
ST001,800,6,893663.32,14.88,14.38,61.6,False,False
ST001,801,6,948500.83,16.36,16.36,60.3,False,False
ST001,802,6,926917.02,17.87,16.48,64.4,False,False
ST001,803,6,871144.06,14.57,13.76,65.4,False,False
ST001,804,6,827867.6,10.41,10.41,51.5,False,False
ST001,805,6,886583.98,14.98,13.99,59.7,False,False
ST001,806,6,915988.81,16.71,15.68,60.8,False,False
ST001,807,6,857110.09,12.37,12.37,50.1,False,False
ST001,808,6,898570.86,14.71,14.71,57.8,False,False
ST001,809,6,875979.65,14.84,14.0,56.4,False,False
ST001,810,6,881246.42,12.48,12.48,57.1,False,False
ST001,811,6,901749.78,17.73,15.51,57.3,False,False
ST001,812,6,886644.13,15.44,13.66,65.3,False,False
ST001,813,6,861858.63,12.58,12.14,52.6,False,False
ST001,814,6,891944.05,15.84,15.1,61.3,False,False
ST001,815,6,857557.43,11.67,11.67,55.9,False,False
ST001,816,6,822228.41,8.95,8.95,40.8,False,True
ST001,817,6,876066.11,12.5,12.5,52.4,False,False
ST001,818,6,898375.45,14.28,14.28,58.4,False,False
ST001,819,6,868866.11,13.95,13.51,56.1,False,False
ST001,820,6,805861.46,10.28,10.28,50.2,False,False
ST001,821,6,845756.53,12.21,11.99,54.7,False,False
ST001,822,6,926122.63,17.39,16.95,62.2,False,False
ST001,823,6,814117.68,10.06,10.06,45.9,False,True
ST001,824,6,938156.93,17.22,16.18,64.4,False,False
ST001,825,6,900315.06,13.39,13.39,48.0,False,True
ST001,826,6,965347.73,21.48,17.21,68.9,False,False
ST001,827,6,834735.91,10.86,10.86,45.6,False,True
ST001,828,6,901824.17,15.6,14.44,61.7,False,False
ST001,829,6,873831.07,13.44,13.44,60.9,False,False
ST001,830,6,859289.64,12.38,12.38,51.8,False,False
ST001,831,6,886821.54,12.92,12.92,49.3,False,True
ST001,832,6,896441.16,13.91,13.91,57.8,False,False
ST001,833,6,897088.61,16.43,14.98,60.1,False,False
ST001,834,6,882978.0,14.23,14.23,64.1,False,False
ST001,835,6,831522.49,10.79,10.79,46.6,False,True
ST001,836,6,901351.93,15.83,14.45,55.1,False,False
ST001,837,6,885139.94,13.46,13.46,56.1,False,False
ST001,838,6,901448.31,14.73,14.73,59.8,False,False
ST001,839,6,779772.45,9.36,9.36,57.5,False,False
ST001,840,6,895673.16,14.61,14.34,61.1,False,False
ST001,841,6,902311.31,15.65,15.39,57.7,False,False
ST001,842,6,945482.87,17.68,17.29,59.1,False,False
ST001,843,6,815285.57,11.25,10.64,53.9,False,False
ST001,844,6,907274.47,14.49,14.49,61.4,False,False
ST001,845,6,964851.29,22.12,17.29,62.8,False,False
ST001,846,6,884541.5,13.83,13.83,55.1,False,False
ST001,847,6,950334.43,20.61,16.86,57.7,False,False
ST001,848,6,785534.63,9.14,9.14,46.1,False,True
ST001,849,6,860410.36,10.31,10.31,54.6,False,False
ST001,850,6,914924.3,15.22,14.97,59.4,False,False
ST001,851,6,903945.72,14.39,14.39,62.9,False,False
ST001,852,6,836649.42,10.52,10.52,59.4,False,False
ST001,853,6,875762.59,13.31,13.31,49.6,False,True
ST001,854,6,806290.99,9.13,9.13,56.3,False,False
ST001,855,6,853759.84,11.87,11.87,56.4,False,False
ST001,856,6,891006.1,13.7,13.7,59.6,False,False
ST001,857,6,902056.25,15.54,14.44,57.8,False,False
ST001,858,6,845548.24,10.36,10.36,56.3,False,False
ST001,859,6,959549.05,16.72,16.72,67.9,False,False
ST001,860,6,846167.54,10.43,10.43,59.2,False,False
ST001,861,6,857831.49,12.55,12.55,57.7,False,False
ST001,862,6,889406.31,13.72,13.72,57.8,False,False
ST001,863,6,883252.15,15.15,13.84,59.1,False,False
ST001,864,6,907606.01,14.12,14.12,49.9,False,True
ST001,865,6,841930.59,12.43,12.3,55.0,False,False
ST001,866,6,850173.38,12.67,12.43,46.4,False,True
ST001,867,6,901320.8,15.57,14.9,59.0,False,False
ST001,868,6,922418.15,19.33,15.58,62.7,False,False
ST001,869,6,900725.34,14.36,13.95,55.4,False,False
ST001,870,6,863655.83,13.56,13.56,57.7,False,False
ST001,871,6,918683.57,15.88,15.88,68.5,False,False
ST001,872,6,932966.29,16.9,16.9,68.8,False,False
ST001,873,6,900404.18,14.56,14.56,58.1,False,False
ST001,874,6,913195.44,15.61,15.61,60.8,False,False
ST001,875,6,907912.66,15.04,15.04,59.9,False,False
ST001,876,6,873537.99,11.54,11.54,54.5,False,False
ST001,877,6,906844.83,16.66,15.41,55.7,False,False
ST001,878,6,842287.66,10.72,10.72,54.2,False,False
ST001,879,6,919979.7,18.27,15.74,64.2,False,False
ST001,880,6,896438.93,14.22,13.19,56.6,False,False
ST001,881,6,936243.23,18.33,16.17,60.3,False,False
ST001,882,6,847370.27,12.41,12.41,51.2,False,False
ST001,883,6,919254.12,19.09,16.46,64.4,False,False
ST001,884,6,889114.69,14.46,14.46,51.6,False,False
ST001,885,6,841759.54,12.48,12.35,58.6,False,False
ST001,886,6,907033.09,13.79,13.6,62.5,False,False
ST001,887,6,780346.83,8.57,8.57,55.9,False,False
ST001,888,6,844549.3,11.64,11.64,53.3,False,False
ST001,889,6,843182.57,10.97,10.87,51.6,False,False
ST001,890,6,875845.91,12.35,12.35,58.3,False,False
ST001,891,6,897527.94,13.07,13.07,54.9,False,False
ST001,892,6,883831.82,13.06,13.06,54.8,False,False
ST001,893,6,903692.87,15.72,15.39,61.6,False,False
ST001,894,6,889406.24,14.74,14.74,58.1,False,False
ST001,895,6,913954.67,16.11,16.11,72.9,False,False
ST001,896,6,923803.9,14.89,14.89,59.6,False,False
ST001,897,6,967053.49,21.62,17.29,63.7,False,False
ST001,898,6,894401.17,13.85,13.64,59.7,False,False
ST001,899,6,919307.02,18.15,16.59,61.8,False,False
ST001,900,6,867758.44,13.62,13.62,55.3,False,False
ST001,901,6,905489.84,14.18,14.18,62.4,False,False
ST001,902,6,856040.12,12.58,11.89,60.4,False,False
ST001,903,6,888378.05,13.34,13.34,55.4,False,False
ST001,904,6,889127.31,15.22,15.22,59.6,False,False
ST001,905,6,847265.37,13.7,12.73,52.1,False,False
ST001,906,6,924201.99,18.1,17.05,57.6,False,False
ST001,907,6,829303.54,10.86,10.86,42.8,False,True
ST001,908,6,909804.67,16.16,16.16,58.7,False,False
ST001,909,6,815346.67,8.95,8.95,45.4,False,True
ST001,910,6,873866.9,13.56,12.76,54.4,False,False
ST001,911,6,870576.41,12.95,12.95,58.6,False,False
ST001,912,6,926726.9,18.54,16.18,62.9,False,False
ST001,913,6,803629.43,9.95,9.95,48.6,False,True
ST001,914,6,772918.11,8.43,8.43,48.2,False,True
ST001,915,6,937526.48,17.11,17.11,63.8,False,False
ST001,916,6,885180.49,13.57,13.57,56.3,False,False
ST001,917,6,885034.89,13.48,13.48,58.5,False,False
ST001,918,6,762369.27,7.87,7.87,50.0,False,False
ST001,919,6,904251.38,15.08,15.08,60.5,False,False
ST001,920,6,851712.57,12.61,12.61,56.1,False,False
ST001,921,6,860063.65,12.3,12.3,57.1,False,False
ST001,922,6,922391.8,17.82,16.13,66.3,False,False
ST001,923,6,878750.07,13.52,13.52,53.5,False,False
ST001,924,6,877818.4,11.94,11.94,52.7,False,False
ST001,925,6,890511.66,13.38,13.38,47.6,False,True
ST001,926,6,861403.49,13.77,12.49,63.2,False,False
ST001,927,6,816503.99,11.18,11.18,59.2,False,False
ST001,928,6,926006.7,16.99,15.81,62.7,False,False
ST001,929,6,907080.57,12.67,12.67,47.1,False,True
ST001,930,6,910462.11,14.61,14.61,63.7,False,False
ST001,931,6,873800.0,12.59,12.59,55.8,False,False
ST001,932,6,911167.13,12.96,12.96,58.6,False,False
ST001,933,6,891418.55,13.59,13.08,60.8,False,False
ST001,934,6,834510.57,11.01,11.01,52.0,False,False
ST001,935,6,929898.14,16.69,16.69,58.1,False,False
ST001,936,6,915409.03,16.07,15.18,54.9,False,False
ST001,937,6,865051.55,12.82,12.82,56.0,False,False
ST001,938,6,906900.78,16.13,15.83,56.8,False,False
ST001,939,6,835203.32,12.16,11.76,56.1,False,False
ST001,940,6,890662.1,13.69,13.69,61.8,False,False
ST001,941,6,908288.3,16.88,15.63,61.9,False,False
ST001,942,6,892020.64,14.49,14.49,52.8,False,False
ST001,943,6,927935.4,17.6,16.58,69.5,False,False
ST001,944,6,926717.55,16.21,16.21,58.3,False,False
ST001,945,6,932140.95,18.08,16.49,64.4,False,False
ST001,946,6,908209.9,16.94,15.47,58.3,False,False
ST001,947,6,905075.1,14.13,14.13,62.4,False,False
ST001,948,6,855505.74,12.2,12.2,51.9,False,False
ST001,949,6,876181.4,13.62,13.41,55.7,False,False
ST001,950,6,952242.58,19.23,17.29,72.1,False,False
ST001,951,6,918783.84,15.93,15.93,53.5,False,False
ST001,952,6,896459.16,15.73,13.91,61.4,False,False
ST001,953,6,882072.34,14.49,14.49,59.2,False,False
ST001,954,6,875519.95,12.14,12.14,56.5,False,False
ST001,955,6,908489.92,16.84,16.03,56.0,False,False
ST001,956,6,839216.54,11.35,11.35,51.6,False,False
ST001,957,6,911938.39,14.4,14.4,56.4,False,False
ST001,958,6,916892.75,15.19,15.19,60.4,False,False
ST001,959,6,848288.78,12.88,12.88,57.5,False,False
ST001,960,6,841522.91,12.78,12.34,62.0,False,False
ST001,961,6,897531.12,15.77,14.98,56.6,False,False
ST001,962,6,889206.92,13.09,13.09,56.1,False,False
ST001,963,6,947667.46,20.77,17.2,60.8,False,False
ST001,964,6,840352.36,10.83,10.83,50.7,False,False
ST001,965,6,831064.19,9.98,9.98,47.4,False,True
ST001,966,6,898627.02,13.2,13.2,58.3,False,False
ST001,967,6,921525.58,17.2,15.96,64.5,False,False
ST001,968,6,918083.7,16.32,15.92,56.9,False,False
ST001,969,6,905694.13,15.73,15.56,60.4,False,False
ST001,970,6,893758.45,15.43,14.14,60.7,False,False
ST001,971,6,920771.38,16.56,15.11,61.3,False,False
ST001,972,6,861865.58,11.22,11.22,50.1,False,False
ST001,973,6,880652.75,14.36,13.65,60.7,False,False
ST001,974,6,891250.73,13.54,13.54,59.2,False,False
ST001,975,6,861694.07,11.7,11.7,51.1,False,False
ST001,976,6,942932.71,20.05,16.54,69.2,False,False
ST001,977,6,866956.34,13.19,13.19,53.9,False,False
ST001,978,6,888711.67,14.39,14.39,59.8,False,False
ST001,979,6,838572.58,9.81,9.81,49.9,False,True
ST001,980,6,905987.64,14.72,14.72,65.0,False,False
ST001,981,6,870610.43,11.99,11.99,53.8,False,False
ST001,982,6,899780.77,14.8,13.7,57.1,False,False
ST001,983,6,876644.05,11.88,11.88,44.2,False,True
ST001,984,6,956867.26,17.07,17.07,59.6,False,False
ST001,985,6,816076.25,9.77,9.77,48.1,False,True
ST001,986,6,815357.08,9.57,9.57,48.5,False,True
ST001,987,6,902164.97,15.24,15.24,59.6,False,False
ST001,988,6,833835.62,10.73,10.73,54.6,False,False
ST001,989,6,883481.05,15.78,14.65,62.5,False,False
ST001,990,6,885648.18,14.12,14.12,55.3,False,False
ST001,991,6,929000.07,16.61,16.59,62.1,False,False
ST001,992,6,835603.75,10.69,10.69,51.4,False,False
ST001,993,6,853585.64,12.17,12.17,50.2,False,False
ST001,994,6,917338.97,16.28,15.09,59.9,False,False
ST001,995,6,907797.93,12.9,12.9,56.3,False,False
ST001,996,6,866197.91,12.84,12.84,50.9,False,False
ST001,997,6,817398.63,9.95,9.95,54.4,False,False
ST001,998,6,873251.17,12.31,12.31,48.6,False,True
ST001,999,6,838548.5,10.65,10.65,51.7,False,False
ST001,1000,6,868502.29,14.38,13.34,65.5,False,False
ST002,1,6,0.0,0.0,0.0,41.7,True,True
ST002,2,6,0.0,0.0,0.0,41.4,True,True
ST002,3,6,0.0,0.0,0.0,40.5,True,True
ST002,4,6,0.0,0.0,0.0,29.1,True,True
ST002,5,6,0.0,0.0,0.0,36.9,True,True
ST002,6,6,0.0,0.0,0.0,29.2,True,True
ST002,7,6,0.0,0.0,0.0,28.6,True,True
ST002,8,6,0.0,0.0,0.0,40.3,True,True
ST002,9,6,0.0,0.0,0.0,34.5,True,True
ST002,10,6,0.0,0.0,0.0,36.2,True,True
ST002,11,6,0.0,0.0,0.0,43.5,True,True
ST002,12,6,0.0,0.0,0.0,38.5,True,True
ST002,13,6,0.0,0.0,0.0,27.1,True,True
ST002,14,6,0.0,0.0,0.0,29.4,True,True
ST002,15,6,0.0,0.0,0.0,28.9,True,True
ST002,16,6,0.0,0.0,0.0,33.6,True,True
ST002,17,6,0.0,0.0,0.0,43.3,True,True
ST002,18,6,0.0,0.0,0.0,37.4,True,True
ST002,19,6,0.0,0.0,0.0,37.6,True,True
ST002,20,6,0.0,0.0,0.0,28.9,True,True
ST002,21,6,0.0,0.0,0.0,42.6,True,True
ST002,22,6,0.0,0.0,0.0,34.8,True,True
ST002,23,6,0.0,0.0,0.0,41.9,True,True
ST002,24,6,0.0,0.0,0.0,29.5,True,True
ST002,25,6,0.0,0.0,0.0,27.9,True,True
ST002,26,6,0.0,0.0,0.0,35.0,True,True
ST002,27,6,0.0,0.0,0.0,37.5,True,True
ST002,28,6,0.0,0.0,0.0,34.9,True,True
ST002,29,6,0.0,0.0,0.0,38.2,True,True
ST002,30,6,0.0,0.0,0.0,38.1,True,True
ST002,31,6,0.0,0.0,0.0,36.1,True,True
ST002,32,6,0.0,0.0,0.0,33.6,True,True
ST002,33,6,0.0,0.0,0.0,41.3,True,True
ST002,34,6,0.0,0.0,0.0,25.6,True,True
ST002,35,6,0.0,0.0,0.0,33.0,True,True
ST002,36,6,0.0,0.0,0.0,40.1,True,True
ST002,37,6,0.0,0.0,0.0,44.5,True,True
ST002,38,6,0.0,0.0,0.0,35.1,True,True
ST002,39,6,0.0,0.0,0.0,37.0,True,True
ST002,40,6,0.0,0.0,0.0,47.3,True,True
ST002,41,6,0.0,0.0,0.0,32.2,True,True
ST002,42,6,0.0,0.0,0.0,35.9,True,True
ST002,43,6,0.0,0.0,0.0,48.3,True,True
ST002,44,6,0.0,0.0,0.0,31.4,True,True
ST002,45,6,0.0,0.0,0.0,36.1,True,True
ST002,46,6,0.0,0.0,0.0,32.6,True,True
ST002,47,6,0.0,0.0,0.0,34.1,True,True
ST002,48,6,0.0,0.0,0.0,35.9,True,True
ST002,49,6,0.0,0.0,0.0,39.1,True,True
ST002,50,6,0.0,0.0,0.0,31.8,True,True
ST002,51,6,0.0,0.0,0.0,39.8,True,True
ST002,52,6,0.0,0.0,0.0,33.2,True,True
ST002,53,6,0.0,0.0,0.0,34.2,True,True
ST002,54,6,0.0,0.0,0.0,36.3,True,True
ST002,55,6,0.0,0.0,0.0,37.2,True,True
ST002,56,6,0.0,0.0,0.0,37.4,True,True
ST002,57,6,0.0,0.0,0.0,44.0,True,True
ST002,58,6,0.0,0.0,0.0,43.4,True,True
ST002,59,6,0.0,0.0,0.0,35.4,True,True
ST002,60,6,0.0,0.0,0.0,43.0,True,True
ST002,61,6,0.0,0.0,0.0,39.7,True,True
ST002,62,6,0.0,0.0,0.0,29.9,True,True
ST002,63,6,0.0,0.0,0.0,35.1,True,True
ST002,64,6,0.0,0.0,0.0,39.1,True,True
ST002,65,6,0.0,0.0,0.0,33.7,True,True
ST002,66,6,0.0,0.0,0.0,41.2,True,True
ST002,67,6,0.0,0.0,0.0,34.8,True,True
ST002,68,6,0.0,0.0,0.0,29.5,True,True
ST002,69,6,0.0,0.0,0.0,38.0,True,True
ST002,70,6,0.0,0.0,0.0,31.4,True,True
ST002,71,6,0.0,0.0,0.0,38.9,True,True
ST002,72,6,0.0,0.0,0.0,41.3,True,True
ST002,73,6,0.0,0.0,0.0,35.7,True,True
ST002,74,6,0.0,0.0,0.0,34.3,True,True
ST002,75,6,0.0,0.0,0.0,28.5,True,True
ST002,76,6,0.0,0.0,0.0,32.1,True,True
ST002,77,6,0.0,0.0,0.0,33.1,True,True
ST002,78,6,0.0,0.0,0.0,35.6,True,True
ST002,79,6,0.0,0.0,0.0,37.0,True,True
ST002,80,6,0.0,0.0,0.0,34.1,True,True
ST002,81,6,0.0,0.0,0.0,30.7,True,True
ST002,82,6,0.0,0.0,0.0,35.2,True,True
ST002,83,6,0.0,0.0,0.0,32.0,True,True
ST002,84,6,0.0,0.0,0.0,41.2,True,True
ST002,85,6,0.0,0.0,0.0,31.3,True,True
ST002,86,6,0.0,0.0,0.0,29.9,True,True
ST002,87,6,0.0,0.0,0.0,37.9,True,True
ST002,88,6,0.0,0.0,0.0,38.8,True,True
ST002,89,6,0.0,0.0,0.0,33.0,True,True
ST002,90,6,0.0,0.0,0.0,37.5,True,True
ST002,91,6,0.0,0.0,0.0,42.1,True,True
ST002,92,6,0.0,0.0,0.0,40.2,True,True
ST002,93,6,0.0,0.0,0.0,30.6,True,True
ST002,94,6,0.0,0.0,0.0,36.7,True,True
ST002,95,6,0.0,0.0,0.0,37.1,True,True
ST002,96,6,0.0,0.0,0.0,35.5,True,True
ST002,97,6,0.0,0.0,0.0,39.5,True,True
ST002,98,6,0.0,0.0,0.0,39.0,True,True
ST002,99,6,0.0,0.0,0.0,32.5,True,True
ST002,100,6,0.0,0.0,0.0,30.6,True,True
ST002,101,6,0.0,0.0,0.0,33.1,True,True
ST002,102,6,0.0,0.0,0.0,37.1,True,True
ST002,103,6,0.0,0.0,0.0,46.4,True,True
ST002,104,6,0.0,0.0,0.0,38.9,True,True
ST002,105,6,0.0,0.0,0.0,37.4,True,True
ST002,106,6,0.0,0.0,0.0,40.3,True,True
ST002,107,6,0.0,0.0,0.0,39.2,True,True
ST002,108,6,0.0,0.0,0.0,41.3,True,True
ST002,109,6,0.0,0.0,0.0,32.0,True,True
ST002,110,6,0.0,0.0,0.0,36.7,True,True
ST002,111,6,0.0,0.0,0.0,32.5,True,True
ST002,112,6,0.0,0.0,0.0,41.6,True,True
ST002,113,6,0.0,0.0,0.0,30.8,True,True
ST002,114,6,0.0,0.0,0.0,40.7,True,True
ST002,115,6,0.0,0.0,0.0,33.7,True,True
ST002,116,6,0.0,0.0,0.0,39.0,True,True
ST002,117,6,0.0,0.0,0.0,37.0,True,True
ST002,118,6,0.0,0.0,0.0,38.4,True,True
ST002,119,6,0.0,0.0,0.0,38.5,True,True
ST002,120,6,0.0,0.0,0.0,40.2,True,True
ST002,121,6,0.0,0.0,0.0,37.9,True,True
ST002,122,6,0.0,0.0,0.0,36.9,True,True
ST002,123,6,0.0,0.0,0.0,40.2,True,True
ST002,124,6,0.0,0.0,0.0,38.7,True,True
ST002,125,6,0.0,0.0,0.0,32.6,True,True
ST002,126,6,0.0,0.0,0.0,43.6,True,True
ST002,127,6,0.0,0.0,0.0,38.8,True,True
ST002,128,6,0.0,0.0,0.0,37.6,True,True
ST002,129,6,0.0,0.0,0.0,36.1,True,True
ST002,130,6,0.0,0.0,0.0,34.7,True,True
ST002,131,6,0.0,0.0,0.0,34.7,True,True
ST002,132,6,0.0,0.0,0.0,38.2,True,True
ST002,133,6,0.0,0.0,0.0,37.9,True,True
ST002,134,6,0.0,0.0,0.0,36.6,True,True
ST002,135,6,0.0,0.0,0.0,38.4,True,True
ST002,136,6,0.0,0.0,0.0,39.5,True,True
ST002,137,6,0.0,0.0,0.0,29.4,True,True
ST002,138,6,0.0,0.0,0.0,45.0,True,True
ST002,139,6,0.0,0.0,0.0,40.7,True,True
ST002,140,6,0.0,0.0,0.0,38.5,True,True
ST002,141,6,0.0,0.0,0.0,36.6,True,True
ST002,142,6,0.0,0.0,0.0,31.6,True,True
ST002,143,6,0.0,0.0,0.0,39.9,True,True
ST002,144,6,0.0,0.0,0.0,26.2,True,True
ST002,145,6,0.0,0.0,0.0,34.1,True,True
ST002,146,6,0.0,0.0,0.0,34.1,True,True
ST002,147,6,0.0,0.0,0.0,31.9,True,True
ST002,148,6,0.0,0.0,0.0,36.1,True,True
ST002,149,6,0.0,0.0,0.0,33.1,True,True
ST002,150,6,0.0,0.0,0.0,36.2,True,True
ST002,151,6,0.0,0.0,0.0,37.2,True,True
ST002,152,6,0.0,0.0,0.0,37.1,True,True
ST002,153,6,0.0,0.0,0.0,42.4,True,True
ST002,154,6,0.0,0.0,0.0,39.8,True,True
ST002,155,6,0.0,0.0,0.0,46.0,True,True
ST002,156,6,0.0,0.0,0.0,38.1,True,True
ST002,157,6,0.0,0.0,0.0,43.0,True,True
ST002,158,6,0.0,0.0,0.0,41.7,True,True
ST002,159,6,0.0,0.0,0.0,40.2,True,True
ST002,160,6,0.0,0.0,0.0,44.5,True,True
ST002,161,6,0.0,0.0,0.0,39.2,True,True
ST002,162,6,0.0,0.0,0.0,37.4,True,True
ST002,163,6,0.0,0.0,0.0,33.8,True,True
ST002,164,6,0.0,0.0,0.0,35.0,True,True
ST002,165,6,0.0,0.0,0.0,27.4,True,True
ST002,166,6,0.0,0.0,0.0,34.3,True,True
ST002,167,6,0.0,0.0,0.0,37.7,True,True
ST002,168,6,0.0,0.0,0.0,27.7,True,True
ST002,169,6,0.0,0.0,0.0,37.0,True,True
ST002,170,6,0.0,0.0,0.0,40.7,True,True
ST002,171,6,0.0,0.0,0.0,44.0,True,True
ST002,172,6,0.0,0.0,0.0,35.9,True,True
ST002,173,6,0.0,0.0,0.0,36.0,True,True
ST002,174,6,0.0,0.0,0.0,34.7,True,True
ST002,175,6,0.0,0.0,0.0,33.0,True,True
ST002,176,6,0.0,0.0,0.0,35.2,True,True
ST002,177,6,0.0,0.0,0.0,37.3,True,True
ST002,178,6,0.0,0.0,0.0,33.7,True,True
ST002,179,6,0.0,0.0,0.0,36.9,True,True
ST002,180,6,0.0,0.0,0.0,37.5,True,True
ST002,181,6,0.0,0.0,0.0,30.4,True,True
ST002,182,6,0.0,0.0,0.0,38.6,True,True
ST002,183,6,0.0,0.0,0.0,36.7,True,True
ST002,184,6,0.0,0.0,0.0,37.1,True,True
ST002,185,6,0.0,0.0,0.0,37.0,True,True
ST002,186,6,0.0,0.0,0.0,41.1,True,True
ST002,187,6,0.0,0.0,0.0,35.3,True,True
ST002,188,6,0.0,0.0,0.0,42.0,True,True
ST002,189,6,0.0,0.0,0.0,36.2,True,True
ST002,190,6,0.0,0.0,0.0,33.0,True,True
ST002,191,6,0.0,0.0,0.0,35.3,True,True
ST002,192,6,0.0,0.0,0.0,34.8,True,True
ST002,193,6,0.0,0.0,0.0,37.7,True,True
ST002,194,6,0.0,0.0,0.0,38.6,True,True
ST002,195,6,0.0,0.0,0.0,35.6,True,True
ST002,196,6,0.0,0.0,0.0,41.5,True,True
ST002,197,6,0.0,0.0,0.0,34.6,True,True
ST002,198,6,0.0,0.0,0.0,35.5,True,True
ST002,199,6,0.0,0.0,0.0,40.2,True,True
ST002,200,6,0.0,0.0,0.0,42.9,True,True
ST002,201,6,0.0,0.0,0.0,29.1,True,True
ST002,202,6,0.0,0.0,0.0,37.0,True,True
ST002,203,6,0.0,0.0,0.0,27.2,True,True
ST002,204,6,0.0,0.0,0.0,32.2,True,True
ST002,205,6,0.0,0.0,0.0,33.5,True,True
ST002,206,6,0.0,0.0,0.0,41.1,True,True
ST002,207,6,0.0,0.0,0.0,34.6,True,True
ST002,208,6,0.0,0.0,0.0,38.5,True,True
ST002,209,6,0.0,0.0,0.0,39.9,True,True
ST002,210,6,0.0,0.0,0.0,33.7,True,True
ST002,211,6,0.0,0.0,0.0,40.7,True,True
ST002,212,6,0.0,0.0,0.0,33.2,True,True
ST002,213,6,0.0,0.0,0.0,36.4,True,True
ST002,214,6,0.0,0.0,0.0,36.2,True,True
ST002,215,6,0.0,0.0,0.0,34.5,True,True
ST002,216,6,0.0,0.0,0.0,41.0,True,True
ST002,217,6,0.0,0.0,0.0,38.3,True,True
ST002,218,6,0.0,0.0,0.0,42.0,True,True
ST002,219,6,0.0,0.0,0.0,39.7,True,True
ST002,220,6,0.0,0.0,0.0,37.3,True,True
ST002,221,6,0.0,0.0,0.0,36.1,True,True
ST002,222,6,0.0,0.0,0.0,35.7,True,True
ST002,223,6,0.0,0.0,0.0,37.7,True,True
ST002,224,6,0.0,0.0,0.0,34.8,True,True
ST002,225,6,0.0,0.0,0.0,26.4,True,True
ST002,226,6,0.0,0.0,0.0,38.6,True,True
ST002,227,6,0.0,0.0,0.0,38.4,True,True
ST002,228,6,0.0,0.0,0.0,31.5,True,True
ST002,229,6,0.0,0.0,0.0,30.6,True,True
ST002,230,6,0.0,0.0,0.0,33.3,True,True
ST002,231,6,0.0,0.0,0.0,44.3,True,True
ST002,232,6,0.0,0.0,0.0,29.9,True,True
ST002,233,6,0.0,0.0,0.0,46.0,True,True
ST002,234,6,0.0,0.0,0.0,32.0,True,True
ST002,235,6,0.0,0.0,0.0,37.8,True,True
ST002,236,6,0.0,0.0,0.0,31.3,True,True
ST002,237,6,0.0,0.0,0.0,36.2,True,True
ST002,238,6,0.0,0.0,0.0,33.5,True,True
ST002,239,6,0.0,0.0,0.0,35.0,True,True
ST002,240,6,0.0,0.0,0.0,27.4,True,True
ST002,241,6,0.0,0.0,0.0,37.2,True,True
ST002,242,6,0.0,0.0,0.0,40.3,True,True
ST002,243,6,0.0,0.0,0.0,27.5,True,True
ST002,244,6,0.0,0.0,0.0,29.4,True,True
ST002,245,6,0.0,0.0,0.0,44.4,True,True
ST002,246,6,0.0,0.0,0.0,27.5,True,True
ST002,247,6,0.0,0.0,0.0,32.0,True,True
ST002,248,6,0.0,0.0,0.0,36.2,True,True
ST002,249,6,0.0,0.0,0.0,37.8,True,True
ST002,250,6,0.0,0.0,0.0,40.3,True,True
ST002,251,6,0.0,0.0,0.0,27.3,True,True
ST002,252,6,0.0,0.0,0.0,33.2,True,True
ST002,253,6,0.0,0.0,0.0,27.2,True,True
ST002,254,6,0.0,0.0,0.0,36.4,True,True
ST002,255,6,0.0,0.0,0.0,45.4,True,True
ST002,256,6,0.0,0.0,0.0,32.7,True,True
ST002,257,6,0.0,0.0,0.0,45.1,True,True
ST002,258,6,0.0,0.0,0.0,32.5,True,True
ST002,259,6,0.0,0.0,0.0,35.0,True,True
ST002,260,6,0.0,0.0,0.0,29.0,True,True
ST002,261,6,0.0,0.0,0.0,40.1,True,True
ST002,262,6,0.0,0.0,0.0,34.4,True,True
ST002,263,6,0.0,0.0,0.0,32.8,True,True
ST002,264,6,0.0,0.0,0.0,42.0,True,True
ST002,265,6,0.0,0.0,0.0,29.7,True,True
ST002,266,6,0.0,0.0,0.0,29.0,True,True
ST002,267,6,0.0,0.0,0.0,33.7,True,True
ST002,268,6,0.0,0.0,0.0,40.7,True,True
ST002,269,6,0.0,0.0,0.0,36.6,True,True
ST002,270,6,0.0,0.0,0.0,35.4,True,True
ST002,271,6,0.0,0.0,0.0,35.8,True,True
ST002,272,6,0.0,0.0,0.0,41.2,True,True
ST002,273,6,0.0,0.0,0.0,41.4,True,True
ST002,274,6,0.0,0.0,0.0,39.4,True,True
ST002,275,6,0.0,0.0,0.0,41.2,True,True
ST002,276,6,0.0,0.0,0.0,39.8,True,True
ST002,277,6,0.0,0.0,0.0,37.3,True,True
ST002,278,6,0.0,0.0,0.0,32.3,True,True
ST002,279,6,0.0,0.0,0.0,46.6,True,True
ST002,280,6,0.0,0.0,0.0,41.6,True,True
ST002,281,6,0.0,0.0,0.0,34.2,True,True
ST002,282,6,0.0,0.0,0.0,28.8,True,True
ST002,283,6,0.0,0.0,0.0,26.4,True,True
ST002,284,6,0.0,0.0,0.0,40.3,True,True
ST002,285,6,0.0,0.0,0.0,41.2,True,True
ST002,286,6,0.0,0.0,0.0,42.6,True,True
ST002,287,6,0.0,0.0,0.0,27.8,True,True
ST002,288,6,0.0,0.0,0.0,35.7,True,True
ST002,289,6,0.0,0.0,0.0,41.4,True,True
ST002,290,6,0.0,0.0,0.0,43.2,True,True
ST002,291,6,0.0,0.0,0.0,39.3,True,True
ST002,292,6,0.0,0.0,0.0,45.3,True,True
ST002,293,6,0.0,0.0,0.0,34.5,True,True
ST002,294,6,0.0,0.0,0.0,29.6,True,True
ST002,295,6,0.0,0.0,0.0,26.5,True,True
ST002,296,6,0.0,0.0,0.0,40.3,True,True
ST002,297,6,0.0,0.0,0.0,33.4,True,True
ST002,298,6,0.0,0.0,0.0,37.0,True,True
ST002,299,6,0.0,0.0,0.0,42.7,True,True
ST002,300,6,0.0,0.0,0.0,37.5,True,True
ST002,301,6,0.0,0.0,0.0,37.7,True,True
ST002,302,6,0.0,0.0,0.0,38.1,True,True
ST002,303,6,0.0,0.0,0.0,32.5,True,True
ST002,304,6,0.0,0.0,0.0,38.1,True,True
ST002,305,6,0.0,0.0,0.0,25.0,True,True
ST002,306,6,0.0,0.0,0.0,30.1,True,True
ST002,307,6,0.0,0.0,0.0,39.8,True,True
ST002,308,6,0.0,0.0,0.0,31.5,True,True
ST002,309,6,0.0,0.0,0.0,38.2,True,True
ST002,310,6,0.0,0.0,0.0,36.3,True,True
ST002,311,6,0.0,0.0,0.0,34.6,True,True
ST002,312,6,0.0,0.0,0.0,33.9,True,True
ST002,313,6,0.0,0.0,0.0,29.9,True,True
ST002,314,6,0.0,0.0,0.0,36.6,True,True
ST002,315,6,0.0,0.0,0.0,36.2,True,True
ST002,316,6,0.0,0.0,0.0,33.3,True,True
ST002,317,6,0.0,0.0,0.0,38.0,True,True
ST002,318,6,0.0,0.0,0.0,33.7,True,True
ST002,319,6,0.0,0.0,0.0,43.0,True,True
ST002,320,6,0.0,0.0,0.0,33.7,True,True
ST002,321,6,0.0,0.0,0.0,32.2,True,True
ST002,322,6,0.0,0.0,0.0,34.6,True,True
ST002,323,6,0.0,0.0,0.0,42.4,True,True
ST002,324,6,0.0,0.0,0.0,41.2,True,True
ST002,325,6,0.0,0.0,0.0,32.8,True,True
ST002,326,6,0.0,0.0,0.0,35.5,True,True
ST002,327,6,0.0,0.0,0.0,33.1,True,True
ST002,328,6,0.0,0.0,0.0,26.4,True,True
ST002,329,6,0.0,0.0,0.0,35.3,True,True
ST002,330,6,0.0,0.0,0.0,34.8,True,True
ST002,331,6,0.0,0.0,0.0,42.6,True,True
ST002,332,6,0.0,0.0,0.0,32.2,True,True
ST002,333,6,0.0,0.0,0.0,36.7,True,True
ST002,334,6,0.0,0.0,0.0,36.9,True,True
ST002,335,6,0.0,0.0,0.0,32.4,True,True
ST002,336,6,0.0,0.0,0.0,40.5,True,True
ST002,337,6,0.0,0.0,0.0,42.0,True,True
ST002,338,6,0.0,0.0,0.0,38.1,True,True
ST002,339,6,0.0,0.0,0.0,44.7,True,True
ST002,340,6,0.0,0.0,0.0,39.0,True,True
ST002,341,6,0.0,0.0,0.0,37.9,True,True
ST002,342,6,0.0,0.0,0.0,41.7,True,True
ST002,343,6,0.0,0.0,0.0,34.0,True,True
ST002,344,6,0.0,0.0,0.0,48.3,True,True
ST002,345,6,0.0,0.0,0.0,36.0,True,True
ST002,346,6,0.0,0.0,0.0,31.3,True,True
ST002,347,6,0.0,0.0,0.0,40.7,True,True
ST002,348,6,0.0,0.0,0.0,40.2,True,True
ST002,349,6,0.0,0.0,0.0,34.7,True,True
ST002,350,6,0.0,0.0,0.0,34.7,True,True
ST002,351,6,0.0,0.0,0.0,37.0,True,True
ST002,352,6,0.0,0.0,0.0,38.3,True,True
ST002,353,6,0.0,0.0,0.0,33.0,True,True
ST002,354,6,0.0,0.0,0.0,37.8,True,True
ST002,355,6,0.0,0.0,0.0,43.5,True,True
ST002,356,6,0.0,0.0,0.0,33.0,True,True
ST002,357,6,0.0,0.0,0.0,38.0,True,True
ST002,358,6,0.0,0.0,0.0,40.3,True,True
ST002,359,6,0.0,0.0,0.0,39.3,True,True
ST002,360,6,0.0,0.0,0.0,43.7,True,True
ST002,361,6,0.0,0.0,0.0,34.7,True,True
ST002,362,6,0.0,0.0,0.0,35.1,True,True
ST002,363,6,0.0,0.0,0.0,38.2,True,True
ST002,364,6,0.0,0.0,0.0,36.0,True,True
ST002,365,6,0.0,0.0,0.0,32.0,True,True
ST002,366,6,0.0,0.0,0.0,42.9,True,True
ST002,367,6,0.0,0.0,0.0,37.1,True,True
ST002,368,6,0.0,0.0,0.0,41.1,True,True
ST002,369,6,0.0,0.0,0.0,33.2,True,True
ST002,370,6,0.0,0.0,0.0,28.5,True,True
ST002,371,6,0.0,0.0,0.0,34.0,True,True
ST002,372,6,0.0,0.0,0.0,33.8,True,True
ST002,373,6,0.0,0.0,0.0,40.2,True,True
ST002,374,6,0.0,0.0,0.0,31.0,True,True
ST002,375,6,0.0,0.0,0.0,27.9,True,True
ST002,376,6,0.0,0.0,0.0,36.0,True,True
ST002,377,6,0.0,0.0,0.0,40.8,True,True
ST002,378,6,0.0,0.0,0.0,31.6,True,True
ST002,379,6,0.0,0.0,0.0,35.2,True,True
ST002,380,6,0.0,0.0,0.0,38.1,True,True
ST002,381,6,0.0,0.0,0.0,34.0,True,True
ST002,382,6,0.0,0.0,0.0,33.4,True,True
ST002,383,6,0.0,0.0,0.0,37.6,True,True
ST002,384,6,0.0,0.0,0.0,32.1,True,True
ST002,385,6,0.0,0.0,0.0,40.1,True,True
ST002,386,6,0.0,0.0,0.0,48.7,True,True
ST002,387,6,0.0,0.0,0.0,46.9,True,True
ST002,388,6,0.0,0.0,0.0,31.9,True,True
ST002,389,6,0.0,0.0,0.0,32.2,True,True
ST002,390,6,0.0,0.0,0.0,39.9,True,True
ST002,391,6,0.0,0.0,0.0,46.1,True,True
ST002,392,6,0.0,0.0,0.0,38.3,True,True
ST002,393,6,0.0,0.0,0.0,34.1,True,True
ST002,394,6,0.0,0.0,0.0,34.5,True,True
ST002,395,6,0.0,0.0,0.0,30.4,True,True
ST002,396,6,0.0,0.0,0.0,36.7,True,True
ST002,397,6,0.0,0.0,0.0,33.2,True,True
ST002,398,6,0.0,0.0,0.0,36.0,True,True
ST002,399,6,0.0,0.0,0.0,39.9,True,True
ST002,400,6,0.0,0.0,0.0,39.5,True,True
ST002,401,6,0.0,0.0,0.0,43.2,True,True
ST002,402,6,0.0,0.0,0.0,41.5,True,True
ST002,403,6,0.0,0.0,0.0,42.3,True,True
ST002,404,6,0.0,0.0,0.0,37.2,True,True
ST002,405,6,0.0,0.0,0.0,44.0,True,True
ST002,406,6,0.0,0.0,0.0,43.1,True,True
ST002,407,6,0.0,0.0,0.0,35.8,True,True
ST002,408,6,0.0,0.0,0.0,33.4,True,True
ST002,409,6,0.0,0.0,0.0,36.3,True,True
ST002,410,6,0.0,0.0,0.0,35.1,True,True
ST002,411,6,0.0,0.0,0.0,41.6,True,True
ST002,412,6,0.0,0.0,0.0,34.2,True,True
ST002,413,6,0.0,0.0,0.0,39.6,True,True
ST002,414,6,0.0,0.0,0.0,41.5,True,True
ST002,415,6,0.0,0.0,0.0,32.5,True,True
ST002,416,6,0.0,0.0,0.0,40.9,True,True
ST002,417,6,0.0,0.0,0.0,40.8,True,True
ST002,418,6,0.0,0.0,0.0,34.9,True,True
ST002,419,6,0.0,0.0,0.0,38.4,True,True
ST002,420,6,0.0,0.0,0.0,33.6,True,True
ST002,421,6,0.0,0.0,0.0,35.1,True,True
ST002,422,6,0.0,0.0,0.0,41.3,True,True
ST002,423,6,0.0,0.0,0.0,41.5,True,True
ST002,424,6,0.0,0.0,0.0,41.7,True,True
ST002,425,6,0.0,0.0,0.0,33.2,True,True
ST002,426,6,0.0,0.0,0.0,33.1,True,True
ST002,427,6,0.0,0.0,0.0,39.0,True,True
ST002,428,6,0.0,0.0,0.0,30.0,True,True
ST002,429,6,0.0,0.0,0.0,31.9,True,True
ST002,430,6,0.0,0.0,0.0,34.9,True,True
ST002,431,6,0.0,0.0,0.0,33.2,True,True
ST002,432,6,0.0,0.0,0.0,37.6,True,True
ST002,433,6,0.0,0.0,0.0,36.8,True,True
ST002,434,6,0.0,0.0,0.0,37.3,True,True
ST002,435,6,0.0,0.0,0.0,33.9,True,True
ST002,436,6,0.0,0.0,0.0,35.5,True,True
ST002,437,6,0.0,0.0,0.0,42.2,True,True
ST002,438,6,0.0,0.0,0.0,35.1,True,True
ST002,439,6,0.0,0.0,0.0,29.5,True,True
ST002,440,6,0.0,0.0,0.0,39.5,True,True
ST002,441,6,0.0,0.0,0.0,38.4,True,True
ST002,442,6,0.0,0.0,0.0,35.3,True,True
ST002,443,6,0.0,0.0,0.0,27.2,True,True
ST002,444,6,0.0,0.0,0.0,36.4,True,True
ST002,445,6,0.0,0.0,0.0,32.9,True,True
ST002,446,6,0.0,0.0,0.0,36.9,True,True
ST002,447,6,0.0,0.0,0.0,33.4,True,True
ST002,448,6,0.0,0.0,0.0,29.9,True,True
ST002,449,6,0.0,0.0,0.0,38.5,True,True
ST002,450,6,0.0,0.0,0.0,37.8,True,True
ST002,451,6,0.0,0.0,0.0,41.9,True,True
ST002,452,6,0.0,0.0,0.0,30.2,True,True
ST002,453,6,0.0,0.0,0.0,38.5,True,True
ST002,454,6,0.0,0.0,0.0,34.9,True,True
ST002,455,6,0.0,0.0,0.0,45.5,True,True
ST002,456,6,0.0,0.0,0.0,27.4,True,True
ST002,457,6,0.0,0.0,0.0,28.1,True,True
ST002,458,6,0.0,0.0,0.0,35.1,True,True
ST002,459,6,0.0,0.0,0.0,46.4,True,True
ST002,460,6,0.0,0.0,0.0,39.9,True,True
ST002,461,6,0.0,0.0,0.0,39.9,True,True
ST002,462,6,0.0,0.0,0.0,39.6,True,True
ST002,463,6,0.0,0.0,0.0,35.3,True,True
ST002,464,6,0.0,0.0,0.0,31.0,True,True
ST002,465,6,0.0,0.0,0.0,32.6,True,True
ST002,466,6,0.0,0.0,0.0,33.6,True,True
ST002,467,6,0.0,0.0,0.0,36.5,True,True
ST002,468,6,0.0,0.0,0.0,32.5,True,True
ST002,469,6,0.0,0.0,0.0,31.7,True,True
ST002,470,6,0.0,0.0,0.0,34.2,True,True
ST002,471,6,0.0,0.0,0.0,39.9,True,True
ST002,472,6,0.0,0.0,0.0,32.6,True,True
ST002,473,6,0.0,0.0,0.0,38.6,True,True
ST002,474,6,0.0,0.0,0.0,33.4,True,True
ST002,475,6,0.0,0.0,0.0,37.1,True,True
ST002,476,6,0.0,0.0,0.0,38.7,True,True
ST002,477,6,0.0,0.0,0.0,36.9,True,True
ST002,478,6,0.0,0.0,0.0,33.2,True,True
ST002,479,6,0.0,0.0,0.0,34.5,True,True
ST002,480,6,0.0,0.0,0.0,27.7,True,True
ST002,481,6,0.0,0.0,0.0,39.9,True,True
ST002,482,6,0.0,0.0,0.0,38.3,True,True
ST002,483,6,0.0,0.0,0.0,32.6,True,True
ST002,484,6,0.0,0.0,0.0,34.3,True,True
ST002,485,6,0.0,0.0,0.0,37.8,True,True
ST002,486,6,0.0,0.0,0.0,28.7,True,True
ST002,487,6,0.0,0.0,0.0,31.4,True,True
ST002,488,6,0.0,0.0,0.0,35.6,True,True
ST002,489,6,0.0,0.0,0.0,40.9,True,True
ST002,490,6,0.0,0.0,0.0,37.3,True,True
ST002,491,6,0.0,0.0,0.0,34.4,True,True
ST002,492,6,0.0,0.0,0.0,35.1,True,True
ST002,493,6,0.0,0.0,0.0,38.0,True,True
ST002,494,6,0.0,0.0,0.0,38.5,True,True
ST002,495,6,0.0,0.0,0.0,35.0,True,True
ST002,496,6,0.0,0.0,0.0,36.6,True,True
ST002,497,6,0.0,0.0,0.0,33.4,True,True
ST002,498,6,0.0,0.0,0.0,39.3,True,True
ST002,499,6,0.0,0.0,0.0,42.1,True,True
ST002,500,6,0.0,0.0,0.0,34.5,True,True
ST002,501,6,0.0,0.0,0.0,33.1,True,True
ST002,502,6,0.0,0.0,0.0,46.1,True,True
ST002,503,6,0.0,0.0,0.0,29.1,True,True
ST002,504,6,0.0,0.0,0.0,33.7,True,True
ST002,505,6,0.0,0.0,0.0,28.1,True,True
ST002,506,6,0.0,0.0,0.0,40.9,True,True
ST002,507,6,0.0,0.0,0.0,42.6,True,True
ST002,508,6,0.0,0.0,0.0,41.3,True,True
ST002,509,6,0.0,0.0,0.0,31.6,True,True
ST002,510,6,0.0,0.0,0.0,31.9,True,True
ST002,511,6,0.0,0.0,0.0,31.2,True,True
ST002,512,6,0.0,0.0,0.0,33.9,True,True
ST002,513,6,0.0,0.0,0.0,34.9,True,True
ST002,514,6,0.0,0.0,0.0,28.0,True,True
ST002,515,6,0.0,0.0,0.0,37.9,True,True
ST002,516,6,0.0,0.0,0.0,36.2,True,True
ST002,517,6,0.0,0.0,0.0,33.8,True,True
ST002,518,6,0.0,0.0,0.0,34.8,True,True
ST002,519,6,0.0,0.0,0.0,31.8,True,True
ST002,520,6,0.0,0.0,0.0,37.5,True,True
ST002,521,6,0.0,0.0,0.0,43.2,True,True
ST002,522,6,0.0,0.0,0.0,33.4,True,True
ST002,523,6,0.0,0.0,0.0,36.7,True,True
ST002,524,6,0.0,0.0,0.0,39.4,True,True
ST002,525,6,0.0,0.0,0.0,30.7,True,True
ST002,526,6,0.0,0.0,0.0,43.1,True,True
ST002,527,6,0.0,0.0,0.0,36.8,True,True
ST002,528,6,0.0,0.0,0.0,29.2,True,True
ST002,529,6,0.0,0.0,0.0,40.1,True,True
ST002,530,6,0.0,0.0,0.0,32.7,True,True
ST002,531,6,0.0,0.0,0.0,32.7,True,True
ST002,532,6,0.0,0.0,0.0,32.9,True,True
ST002,533,6,0.0,0.0,0.0,34.6,True,True
ST002,534,6,0.0,0.0,0.0,39.2,True,True
ST002,535,6,0.0,0.0,0.0,29.1,True,True
ST002,536,6,0.0,0.0,0.0,30.7,True,True
ST002,537,6,0.0,0.0,0.0,32.1,True,True
ST002,538,6,0.0,0.0,0.0,34.6,True,True
ST002,539,6,0.0,0.0,0.0,41.7,True,True
ST002,540,6,0.0,0.0,0.0,38.0,True,True
ST002,541,6,0.0,0.0,0.0,30.7,True,True
ST002,542,6,0.0,0.0,0.0,35.2,True,True
ST002,543,6,0.0,0.0,0.0,38.2,True,True
ST002,544,6,0.0,0.0,0.0,37.9,True,True
ST002,545,6,0.0,0.0,0.0,35.4,True,True
ST002,546,6,0.0,0.0,0.0,32.8,True,True
ST002,547,6,0.0,0.0,0.0,38.3,True,True
ST002,548,6,0.0,0.0,0.0,39.0,True,True
ST002,549,6,0.0,0.0,0.0,29.4,True,True
ST002,550,6,0.0,0.0,0.0,38.9,True,True
ST002,551,6,0.0,0.0,0.0,37.2,True,True
ST002,552,6,0.0,0.0,0.0,30.0,True,True
ST002,553,6,0.0,0.0,0.0,34.8,True,True
ST002,554,6,0.0,0.0,0.0,38.0,True,True
ST002,555,6,0.0,0.0,0.0,36.0,True,True
ST002,556,6,0.0,0.0,0.0,33.2,True,True
ST002,557,6,0.0,0.0,0.0,32.7,True,True
ST002,558,6,0.0,0.0,0.0,35.4,True,True
ST002,559,6,0.0,0.0,0.0,37.2,True,True
ST002,560,6,0.0,0.0,0.0,38.6,True,True
ST002,561,6,0.0,0.0,0.0,34.4,True,True
ST002,562,6,0.0,0.0,0.0,37.8,True,True
ST002,563,6,0.0,0.0,0.0,40.6,True,True
ST002,564,6,0.0,0.0,0.0,30.7,True,True
ST002,565,6,0.0,0.0,0.0,34.5,True,True
ST002,566,6,0.0,0.0,0.0,42.3,True,True
ST002,567,6,0.0,0.0,0.0,32.9,True,True
ST002,568,6,0.0,0.0,0.0,32.6,True,True
ST002,569,6,0.0,0.0,0.0,28.7,True,True
ST002,570,6,0.0,0.0,0.0,39.0,True,True
ST002,571,6,0.0,0.0,0.0,35.0,True,True
ST002,572,6,0.0,0.0,0.0,32.3,True,True
ST002,573,6,0.0,0.0,0.0,35.5,True,True
ST002,574,6,0.0,0.0,0.0,42.1,True,True
ST002,575,6,0.0,0.0,0.0,38.9,True,True
ST002,576,6,0.0,0.0,0.0,33.8,True,True
ST002,577,6,0.0,0.0,0.0,41.7,True,True
ST002,578,6,0.0,0.0,0.0,37.2,True,True
ST002,579,6,0.0,0.0,0.0,34.3,True,True
ST002,580,6,0.0,0.0,0.0,32.5,True,True
ST002,581,6,0.0,0.0,0.0,31.7,True,True
ST002,582,6,0.0,0.0,0.0,29.7,True,True
ST002,583,6,0.0,0.0,0.0,38.4,True,True
ST002,584,6,0.0,0.0,0.0,44.1,True,True
ST002,585,6,0.0,0.0,0.0,34.5,True,True
ST002,586,6,0.0,0.0,0.0,39.5,True,True
ST002,587,6,0.0,0.0,0.0,38.3,True,True
ST002,588,6,0.0,0.0,0.0,33.0,True,True
ST002,589,6,0.0,0.0,0.0,33.7,True,True
ST002,590,6,0.0,0.0,0.0,37.5,True,True
ST002,591,6,0.0,0.0,0.0,39.3,True,True
ST002,592,6,0.0,0.0,0.0,36.6,True,True
ST002,593,6,0.0,0.0,0.0,34.9,True,True
ST002,594,6,0.0,0.0,0.0,41.4,True,True
ST002,595,6,0.0,0.0,0.0,37.9,True,True
ST002,596,6,0.0,0.0,0.0,38.8,True,True
ST002,597,6,0.0,0.0,0.0,38.2,True,True
ST002,598,6,0.0,0.0,0.0,43.4,True,True
ST002,599,6,0.0,0.0,0.0,30.5,True,True
ST002,600,6,0.0,0.0,0.0,40.6,True,True
ST002,601,6,0.0,0.0,0.0,36.6,True,True
ST002,602,6,0.0,0.0,0.0,30.8,True,True
ST002,603,6,0.0,0.0,0.0,37.3,True,True
ST002,604,6,0.0,0.0,0.0,28.1,True,True
ST002,605,6,0.0,0.0,0.0,36.9,True,True
ST002,606,6,0.0,0.0,0.0,38.5,True,True
ST002,607,6,0.0,0.0,0.0,43.3,True,True
ST002,608,6,0.0,0.0,0.0,41.8,True,True
ST002,609,6,0.0,0.0,0.0,28.8,True,True
ST002,610,6,0.0,0.0,0.0,36.4,True,True
ST002,611,6,0.0,0.0,0.0,38.1,True,True
ST002,612,6,0.0,0.0,0.0,36.8,True,True
ST002,613,6,0.0,0.0,0.0,41.6,True,True
ST002,614,6,0.0,0.0,0.0,41.3,True,True
ST002,615,6,0.0,0.0,0.0,42.1,True,True
ST002,616,6,0.0,0.0,0.0,33.4,True,True
ST002,617,6,0.0,0.0,0.0,44.9,True,True
ST002,618,6,0.0,0.0,0.0,33.2,True,True
ST002,619,6,0.0,0.0,0.0,29.2,True,True
ST002,620,6,0.0,0.0,0.0,31.1,True,True
ST002,621,6,0.0,0.0,0.0,32.1,True,True
ST002,622,6,0.0,0.0,0.0,42.3,True,True
ST002,623,6,0.0,0.0,0.0,37.1,True,True
ST002,624,6,0.0,0.0,0.0,29.9,True,True
ST002,625,6,0.0,0.0,0.0,26.9,True,True
ST002,626,6,0.0,0.0,0.0,38.2,True,True
ST002,627,6,0.0,0.0,0.0,39.5,True,True
ST002,628,6,0.0,0.0,0.0,25.0,True,True
ST002,629,6,0.0,0.0,0.0,37.7,True,True
ST002,630,6,0.0,0.0,0.0,36.5,True,True
ST002,631,6,0.0,0.0,0.0,27.2,True,True
ST002,632,6,0.0,0.0,0.0,30.9,True,True
ST002,633,6,0.0,0.0,0.0,39.0,True,True
ST002,634,6,0.0,0.0,0.0,42.7,True,True
ST002,635,6,0.0,0.0,0.0,34.8,True,True
ST002,636,6,0.0,0.0,0.0,27.1,True,True
ST002,637,6,0.0,0.0,0.0,37.6,True,True
ST002,638,6,0.0,0.0,0.0,29.4,True,True
ST002,639,6,0.0,0.0,0.0,38.9,True,True
ST002,640,6,0.0,0.0,0.0,34.8,True,True
ST002,641,6,0.0,0.0,0.0,36.9,True,True
ST002,642,6,0.0,0.0,0.0,33.8,True,True
ST002,643,6,0.0,0.0,0.0,41.3,True,True
ST002,644,6,0.0,0.0,0.0,43.4,True,True
ST002,645,6,0.0,0.0,0.0,34.7,True,True
ST002,646,6,0.0,0.0,0.0,32.1,True,True
ST002,647,6,0.0,0.0,0.0,39.5,True,True
ST002,648,6,0.0,0.0,0.0,36.3,True,True
ST002,649,6,0.0,0.0,0.0,32.2,True,True
ST002,650,6,0.0,0.0,0.0,32.8,True,True
ST002,651,6,0.0,0.0,0.0,32.9,True,True
ST002,652,6,0.0,0.0,0.0,40.6,True,True
ST002,653,6,0.0,0.0,0.0,34.2,True,True
ST002,654,6,0.0,0.0,0.0,35.3,True,True
ST002,655,6,0.0,0.0,0.0,31.5,True,True
ST002,656,6,0.0,0.0,0.0,42.3,True,True
ST002,657,6,0.0,0.0,0.0,34.8,True,True
ST002,658,6,0.0,0.0,0.0,37.4,True,True
ST002,659,6,0.0,0.0,0.0,40.1,True,True
ST002,660,6,0.0,0.0,0.0,33.5,True,True
ST002,661,6,0.0,0.0,0.0,32.6,True,True
ST002,662,6,0.0,0.0,0.0,34.3,True,True
ST002,663,6,0.0,0.0,0.0,36.5,True,True
ST002,664,6,0.0,0.0,0.0,35.9,True,True
ST002,665,6,0.0,0.0,0.0,32.4,True,True
ST002,666,6,0.0,0.0,0.0,31.2,True,True
ST002,667,6,0.0,0.0,0.0,32.7,True,True
ST002,668,6,0.0,0.0,0.0,31.1,True,True
ST002,669,6,0.0,0.0,0.0,37.3,True,True
ST002,670,6,0.0,0.0,0.0,30.1,True,True
ST002,671,6,0.0,0.0,0.0,29.9,True,True
ST002,672,6,0.0,0.0,0.0,34.8,True,True
ST002,673,6,0.0,0.0,0.0,33.1,True,True
ST002,674,6,0.0,0.0,0.0,36.0,True,True
ST002,675,6,0.0,0.0,0.0,30.2,True,True
ST002,676,6,0.0,0.0,0.0,39.9,True,True
ST002,677,6,0.0,0.0,0.0,38.7,True,True
ST002,678,6,0.0,0.0,0.0,36.6,True,True
ST002,679,6,0.0,0.0,0.0,38.5,True,True
ST002,680,6,0.0,0.0,0.0,37.7,True,True
ST002,681,6,0.0,0.0,0.0,32.7,True,True
ST002,682,6,0.0,0.0,0.0,36.1,True,True
ST002,683,6,0.0,0.0,0.0,30.9,True,True
ST002,684,6,0.0,0.0,0.0,35.0,True,True
ST002,685,6,0.0,0.0,0.0,29.8,True,True
ST002,686,6,0.0,0.0,0.0,34.5,True,True
ST002,687,6,0.0,0.0,0.0,39.1,True,True
ST002,688,6,0.0,0.0,0.0,42.1,True,True
ST002,689,6,0.0,0.0,0.0,32.2,True,True
ST002,690,6,0.0,0.0,0.0,39.7,True,True
ST002,691,6,0.0,0.0,0.0,47.0,True,True
ST002,692,6,0.0,0.0,0.0,32.1,True,True
ST002,693,6,0.0,0.0,0.0,34.9,True,True
ST002,694,6,0.0,0.0,0.0,41.6,True,True
ST002,695,6,0.0,0.0,0.0,40.8,True,True
ST002,696,6,0.0,0.0,0.0,38.1,True,True
ST002,697,6,0.0,0.0,0.0,32.5,True,True
ST002,698,6,0.0,0.0,0.0,38.8,True,True
ST002,699,6,0.0,0.0,0.0,33.9,True,True
ST002,700,6,0.0,0.0,0.0,39.5,True,True
ST002,701,6,0.0,0.0,0.0,33.8,True,True
ST002,702,6,0.0,0.0,0.0,34.6,True,True
ST002,703,6,0.0,0.0,0.0,46.8,True,True
ST002,704,6,0.0,0.0,0.0,36.4,True,True
ST002,705,6,0.0,0.0,0.0,37.9,True,True
ST002,706,6,0.0,0.0,0.0,37.8,True,True
ST002,707,6,0.0,0.0,0.0,41.5,True,True
ST002,708,6,0.0,0.0,0.0,33.0,True,True
ST002,709,6,0.0,0.0,0.0,31.9,True,True
ST002,710,6,0.0,0.0,0.0,34.7,True,True
ST002,711,6,0.0,0.0,0.0,38.1,True,True
ST002,712,6,0.0,0.0,0.0,31.8,True,True
ST002,713,6,0.0,0.0,0.0,40.1,True,True
ST002,714,6,0.0,0.0,0.0,39.9,True,True
ST002,715,6,0.0,0.0,0.0,39.7,True,True
ST002,716,6,0.0,0.0,0.0,30.2,True,True
ST002,717,6,0.0,0.0,0.0,35.6,True,True
ST002,718,6,0.0,0.0,0.0,34.3,True,True
ST002,719,6,0.0,0.0,0.0,42.4,True,True
ST002,720,6,0.0,0.0,0.0,34.7,True,True
ST002,721,6,0.0,0.0,0.0,38.6,True,True
ST002,722,6,0.0,0.0,0.0,39.6,True,True
ST002,723,6,0.0,0.0,0.0,33.5,True,True
ST002,724,6,0.0,0.0,0.0,30.5,True,True
ST002,725,6,0.0,0.0,0.0,39.3,True,True
ST002,726,6,0.0,0.0,0.0,42.4,True,True
ST002,727,6,0.0,0.0,0.0,42.8,True,True
ST002,728,6,0.0,0.0,0.0,40.5,True,True
ST002,729,6,0.0,0.0,0.0,33.1,True,True
ST002,730,6,0.0,0.0,0.0,37.3,True,True
ST002,731,6,0.0,0.0,0.0,33.0,True,True
ST002,732,6,0.0,0.0,0.0,30.5,True,True
ST002,733,6,0.0,0.0,0.0,33.6,True,True
ST002,734,6,0.0,0.0,0.0,39.7,True,True
ST002,735,6,0.0,0.0,0.0,40.5,True,True
ST002,736,6,0.0,0.0,0.0,38.2,True,True
ST002,737,6,0.0,0.0,0.0,38.3,True,True
ST002,738,6,0.0,0.0,0.0,40.3,True,True
ST002,739,6,0.0,0.0,0.0,34.7,True,True
ST002,740,6,0.0,0.0,0.0,37.2,True,True
ST002,741,6,0.0,0.0,0.0,39.0,True,True
ST002,742,6,0.0,0.0,0.0,36.6,True,True
ST002,743,6,0.0,0.0,0.0,33.8,True,True
ST002,744,6,0.0,0.0,0.0,35.4,True,True
ST002,745,6,0.0,0.0,0.0,31.7,True,True
ST002,746,6,0.0,0.0,0.0,39.7,True,True
ST002,747,6,0.0,0.0,0.0,30.5,True,True
ST002,748,6,0.0,0.0,0.0,37.7,True,True
ST002,749,6,0.0,0.0,0.0,34.8,True,True
ST002,750,6,0.0,0.0,0.0,37.8,True,True
ST002,751,6,0.0,0.0,0.0,37.4,True,True
ST002,752,6,0.0,0.0,0.0,37.0,True,True
ST002,753,6,0.0,0.0,0.0,31.7,True,True
ST002,754,6,0.0,0.0,0.0,38.9,True,True
ST002,755,6,0.0,0.0,0.0,27.0,True,True
ST002,756,6,0.0,0.0,0.0,40.4,True,True
ST002,757,6,0.0,0.0,0.0,31.7,True,True
ST002,758,6,0.0,0.0,0.0,22.4,True,True
ST002,759,6,0.0,0.0,0.0,42.2,True,True
ST002,760,6,0.0,0.0,0.0,37.4,True,True
ST002,761,6,0.0,0.0,0.0,34.6,True,True
ST002,762,6,0.0,0.0,0.0,32.2,True,True
ST002,763,6,0.0,0.0,0.0,38.6,True,True
ST002,764,6,0.0,0.0,0.0,43.0,True,True
ST002,765,6,0.0,0.0,0.0,44.5,True,True
ST002,766,6,0.0,0.0,0.0,31.8,True,True
ST002,767,6,0.0,0.0,0.0,39.9,True,True
ST002,768,6,0.0,0.0,0.0,46.0,True,True
ST002,769,6,0.0,0.0,0.0,29.6,True,True
ST002,770,6,0.0,0.0,0.0,33.1,True,True
ST002,771,6,0.0,0.0,0.0,45.2,True,True
ST002,772,6,0.0,0.0,0.0,29.8,True,True
ST002,773,6,0.0,0.0,0.0,35.0,True,True
ST002,774,6,0.0,0.0,0.0,28.1,True,True
ST002,775,6,0.0,0.0,0.0,32.5,True,True
ST002,776,6,0.0,0.0,0.0,35.6,True,True
ST002,777,6,0.0,0.0,0.0,33.0,True,True
ST002,778,6,0.0,0.0,0.0,25.9,True,True
ST002,779,6,0.0,0.0,0.0,27.7,True,True
ST002,780,6,0.0,0.0,0.0,29.2,True,True
ST002,781,6,0.0,0.0,0.0,31.1,True,True
ST002,782,6,0.0,0.0,0.0,37.0,True,True
ST002,783,6,0.0,0.0,0.0,35.1,True,True
ST002,784,6,0.0,0.0,0.0,39.0,True,True
ST002,785,6,0.0,0.0,0.0,24.4,True,True
ST002,786,6,0.0,0.0,0.0,30.8,True,True
ST002,787,6,0.0,0.0,0.0,45.4,True,True
ST002,788,6,0.0,0.0,0.0,27.3,True,True
ST002,789,6,0.0,0.0,0.0,33.0,True,True
ST002,790,6,0.0,0.0,0.0,25.9,True,True
ST002,791,6,0.0,0.0,0.0,41.3,True,True
ST002,792,6,0.0,0.0,0.0,31.6,True,True
ST002,793,6,0.0,0.0,0.0,36.5,True,True
ST002,794,6,0.0,0.0,0.0,42.4,True,True
ST002,795,6,0.0,0.0,0.0,38.6,True,True
ST002,796,6,0.0,0.0,0.0,34.1,True,True
ST002,797,6,0.0,0.0,0.0,38.5,True,True
ST002,798,6,0.0,0.0,0.0,35.6,True,True
ST002,799,6,0.0,0.0,0.0,31.9,True,True
ST002,800,6,0.0,0.0,0.0,37.7,True,True
ST002,801,6,0.0,0.0,0.0,35.3,True,True
ST002,802,6,0.0,0.0,0.0,33.2,True,True
ST002,803,6,0.0,0.0,0.0,34.8,True,True
ST002,804,6,0.0,0.0,0.0,37.5,True,True
ST002,805,6,0.0,0.0,0.0,35.8,True,True
ST002,806,6,0.0,0.0,0.0,38.8,True,True
ST002,807,6,0.0,0.0,0.0,34.2,True,True
ST002,808,6,0.0,0.0,0.0,29.1,True,True
ST002,809,6,0.0,0.0,0.0,40.0,True,True
ST002,810,6,0.0,0.0,0.0,39.5,True,True
ST002,811,6,0.0,0.0,0.0,34.2,True,True
ST002,812,6,0.0,0.0,0.0,36.5,True,True
ST002,813,6,0.0,0.0,0.0,39.8,True,True
ST002,814,6,0.0,0.0,0.0,35.3,True,True
ST002,815,6,0.0,0.0,0.0,39.1,True,True
ST002,816,6,0.0,0.0,0.0,33.1,True,True
ST002,817,6,0.0,0.0,0.0,39.3,True,True
ST002,818,6,0.0,0.0,0.0,35.4,True,True
ST002,819,6,0.0,0.0,0.0,37.9,True,True
ST002,820,6,0.0,0.0,0.0,32.6,True,True
ST002,821,6,0.0,0.0,0.0,40.0,True,True
ST002,822,6,0.0,0.0,0.0,30.6,True,True
ST002,823,6,0.0,0.0,0.0,35.5,True,True
ST002,824,6,0.0,0.0,0.0,34.1,True,True
ST002,825,6,0.0,0.0,0.0,28.9,True,True
ST002,826,6,0.0,0.0,0.0,32.3,True,True
ST002,827,6,0.0,0.0,0.0,30.9,True,True
ST002,828,6,0.0,0.0,0.0,33.3,True,True
ST002,829,6,0.0,0.0,0.0,22.4,True,True
ST002,830,6,0.0,0.0,0.0,35.1,True,True
ST002,831,6,0.0,0.0,0.0,35.8,True,True
ST002,832,6,0.0,0.0,0.0,35.3,True,True
ST002,833,6,0.0,0.0,0.0,28.1,True,True
ST002,834,6,0.0,0.0,0.0,34.5,True,True
ST002,835,6,0.0,0.0,0.0,43.9,True,True
ST002,836,6,0.0,0.0,0.0,35.6,True,True
ST002,837,6,0.0,0.0,0.0,36.9,True,True
ST002,838,6,0.0,0.0,0.0,37.2,True,True
ST002,839,6,0.0,0.0,0.0,41.3,True,True
ST002,840,6,0.0,0.0,0.0,25.5,True,True
ST002,841,6,0.0,0.0,0.0,34.3,True,True
ST002,842,6,0.0,0.0,0.0,34.6,True,True
ST002,843,6,0.0,0.0,0.0,42.0,True,True
ST002,844,6,0.0,0.0,0.0,28.5,True,True
ST002,845,6,0.0,0.0,0.0,31.2,True,True
ST002,846,6,0.0,0.0,0.0,27.6,True,True
ST002,847,6,0.0,0.0,0.0,31.2,True,True
ST002,848,6,0.0,0.0,0.0,47.1,True,True
ST002,849,6,0.0,0.0,0.0,28.8,True,True
ST002,850,6,0.0,0.0,0.0,34.6,True,True
ST002,851,6,0.0,0.0,0.0,44.7,True,True
ST002,852,6,0.0,0.0,0.0,41.3,True,True
ST002,853,6,0.0,0.0,0.0,35.0,True,True
ST002,854,6,0.0,0.0,0.0,40.3,True,True
ST002,855,6,0.0,0.0,0.0,38.9,True,True
ST002,856,6,0.0,0.0,0.0,32.7,True,True
ST002,857,6,0.0,0.0,0.0,36.8,True,True
ST002,858,6,0.0,0.0,0.0,30.5,True,True
ST002,859,6,0.0,0.0,0.0,33.2,True,True
ST002,860,6,0.0,0.0,0.0,31.6,True,True
ST002,861,6,0.0,0.0,0.0,34.1,True,True
ST002,862,6,0.0,0.0,0.0,29.9,True,True
ST002,863,6,0.0,0.0,0.0,35.3,True,True
ST002,864,6,0.0,0.0,0.0,34.5,True,True
ST002,865,6,0.0,0.0,0.0,28.9,True,True
ST002,866,6,0.0,0.0,0.0,38.6,True,True
ST002,867,6,0.0,0.0,0.0,37.7,True,True
ST002,868,6,0.0,0.0,0.0,34.3,True,True
ST002,869,6,0.0,0.0,0.0,32.0,True,True
ST002,870,6,0.0,0.0,0.0,34.5,True,True
ST002,871,6,0.0,0.0,0.0,29.5,True,True
ST002,872,6,0.0,0.0,0.0,38.7,True,True
ST002,873,6,0.0,0.0,0.0,39.9,True,True
ST002,874,6,0.0,0.0,0.0,42.7,True,True
ST002,875,6,0.0,0.0,0.0,31.4,True,True
ST002,876,6,0.0,0.0,0.0,34.4,True,True
ST002,877,6,0.0,0.0,0.0,33.0,True,True
ST002,878,6,0.0,0.0,0.0,36.7,True,True
ST002,879,6,0.0,0.0,0.0,37.8,True,True
ST002,880,6,0.0,0.0,0.0,28.5,True,True
ST002,881,6,0.0,0.0,0.0,32.8,True,True
ST002,882,6,0.0,0.0,0.0,36.1,True,True
ST002,883,6,0.0,0.0,0.0,37.6,True,True
ST002,884,6,0.0,0.0,0.0,33.7,True,True
ST002,885,6,0.0,0.0,0.0,29.0,True,True
ST002,886,6,0.0,0.0,0.0,36.3,True,True
ST002,887,6,0.0,0.0,0.0,43.2,True,True
ST002,888,6,0.0,0.0,0.0,25.9,True,True
ST002,889,6,0.0,0.0,0.0,41.5,True,True
ST002,890,6,0.0,0.0,0.0,42.7,True,True
ST002,891,6,0.0,0.0,0.0,37.8,True,True
ST002,892,6,0.0,0.0,0.0,35.8,True,True
ST002,893,6,0.0,0.0,0.0,35.7,True,True
ST002,894,6,0.0,0.0,0.0,44.4,True,True
ST002,895,6,0.0,0.0,0.0,29.6,True,True
ST002,896,6,0.0,0.0,0.0,36.6,True,True
ST002,897,6,0.0,0.0,0.0,36.1,True,True
ST002,898,6,0.0,0.0,0.0,34.3,True,True
ST002,899,6,0.0,0.0,0.0,46.3,True,True
ST002,900,6,0.0,0.0,0.0,26.7,True,True
ST002,901,6,0.0,0.0,0.0,43.0,True,True
ST002,902,6,0.0,0.0,0.0,37.8,True,True
ST002,903,6,0.0,0.0,0.0,39.2,True,True
ST002,904,6,0.0,0.0,0.0,36.6,True,True
ST002,905,6,0.0,0.0,0.0,40.2,True,True
ST002,906,6,0.0,0.0,0.0,33.7,True,True
ST002,907,6,0.0,0.0,0.0,41.2,True,True
ST002,908,6,0.0,0.0,0.0,34.0,True,True
ST002,909,6,0.0,0.0,0.0,39.5,True,True
ST002,910,6,0.0,0.0,0.0,40.2,True,True
ST002,911,6,0.0,0.0,0.0,37.2,True,True
ST002,912,6,0.0,0.0,0.0,36.7,True,True
ST002,913,6,0.0,0.0,0.0,35.2,True,True
ST002,914,6,0.0,0.0,0.0,31.3,True,True
ST002,915,6,0.0,0.0,0.0,32.8,True,True
ST002,916,6,0.0,0.0,0.0,33.7,True,True
ST002,917,6,0.0,0.0,0.0,44.1,True,True
ST002,918,6,0.0,0.0,0.0,30.6,True,True
ST002,919,6,0.0,0.0,0.0,40.0,True,True
ST002,920,6,0.0,0.0,0.0,32.1,True,True
ST002,921,6,0.0,0.0,0.0,37.8,True,True
ST002,922,6,0.0,0.0,0.0,34.9,True,True
ST002,923,6,0.0,0.0,0.0,31.2,True,True
ST002,924,6,0.0,0.0,0.0,38.5,True,True
ST002,925,6,0.0,0.0,0.0,33.0,True,True
ST002,926,6,0.0,0.0,0.0,30.8,True,True
ST002,927,6,0.0,0.0,0.0,31.1,True,True
ST002,928,6,0.0,0.0,0.0,39.1,True,True
ST002,929,6,0.0,0.0,0.0,41.5,True,True
ST002,930,6,0.0,0.0,0.0,30.9,True,True
ST002,931,6,0.0,0.0,0.0,33.5,True,True
ST002,932,6,0.0,0.0,0.0,29.2,True,True
ST002,933,6,0.0,0.0,0.0,33.1,True,True
ST002,934,6,0.0,0.0,0.0,38.9,True,True
ST002,935,6,0.0,0.0,0.0,30.6,True,True
ST002,936,6,0.0,0.0,0.0,39.5,True,True
ST002,937,6,0.0,0.0,0.0,39.1,True,True
ST002,938,6,0.0,0.0,0.0,33.3,True,True
ST002,939,6,0.0,0.0,0.0,39.5,True,True
ST002,940,6,0.0,0.0,0.0,34.3,True,True
ST002,941,6,0.0,0.0,0.0,37.1,True,True
ST002,942,6,0.0,0.0,0.0,41.9,True,True
ST002,943,6,0.0,0.0,0.0,35.3,True,True
ST002,944,6,0.0,0.0,0.0,30.7,True,True
ST002,945,6,0.0,0.0,0.0,34.6,True,True
ST002,946,6,0.0,0.0,0.0,42.1,True,True
ST002,947,6,0.0,0.0,0.0,34.8,True,True
ST002,948,6,0.0,0.0,0.0,23.2,True,True
ST002,949,6,0.0,0.0,0.0,32.4,True,True
ST002,950,6,0.0,0.0,0.0,38.8,True,True
ST002,951,6,0.0,0.0,0.0,39.4,True,True
ST002,952,6,0.0,0.0,0.0,38.3,True,True
ST002,953,6,0.0,0.0,0.0,36.7,True,True
ST002,954,6,0.0,0.0,0.0,37.4,True,True
ST002,955,6,0.0,0.0,0.0,37.5,True,True
ST002,956,6,0.0,0.0,0.0,41.6,True,True
ST002,957,6,0.0,0.0,0.0,45.9,True,True
ST002,958,6,0.0,0.0,0.0,39.6,True,True
ST002,959,6,0.0,0.0,0.0,36.0,True,True
ST002,960,6,0.0,0.0,0.0,23.7,True,True
ST002,961,6,0.0,0.0,0.0,31.9,True,True
ST002,962,6,0.0,0.0,0.0,34.9,True,True
ST002,963,6,0.0,0.0,0.0,37.9,True,True
ST002,964,6,0.0,0.0,0.0,45.2,True,True
ST002,965,6,0.0,0.0,0.0,40.9,True,True
ST002,966,6,0.0,0.0,0.0,35.5,True,True
ST002,967,6,0.0,0.0,0.0,33.0,True,True
ST002,968,6,0.0,0.0,0.0,35.2,True,True
ST002,969,6,0.0,0.0,0.0,30.4,True,True
ST002,970,6,0.0,0.0,0.0,42.5,True,True
ST002,971,6,0.0,0.0,0.0,32.9,True,True
ST002,972,6,0.0,0.0,0.0,33.4,True,True
ST002,973,6,0.0,0.0,0.0,31.8,True,True
ST002,974,6,0.0,0.0,0.0,33.9,True,True
ST002,975,6,0.0,0.0,0.0,36.5,True,True
ST002,976,6,0.0,0.0,0.0,32.3,True,True
ST002,977,6,0.0,0.0,0.0,38.3,True,True
ST002,978,6,0.0,0.0,0.0,30.0,True,True
ST002,979,6,0.0,0.0,0.0,42.5,True,True
ST002,980,6,0.0,0.0,0.0,36.5,True,True
ST002,981,6,0.0,0.0,0.0,32.2,True,True
ST002,982,6,0.0,0.0,0.0,39.7,True,True
ST002,983,6,0.0,0.0,0.0,41.1,True,True
ST002,984,6,0.0,0.0,0.0,33.5,True,True
ST002,985,6,0.0,0.0,0.0,46.1,True,True
ST002,986,6,0.0,0.0,0.0,29.8,True,True
ST002,987,6,0.0,0.0,0.0,39.6,True,True
ST002,988,6,0.0,0.0,0.0,40.6,True,True
ST002,989,6,0.0,0.0,0.0,40.9,True,True
ST002,990,6,0.0,0.0,0.0,32.1,True,True
ST002,991,6,0.0,0.0,0.0,42.0,True,True
ST002,992,6,0.0,0.0,0.0,28.1,True,True
ST002,993,6,0.0,0.0,0.0,33.5,True,True
ST002,994,6,0.0,0.0,0.0,48.4,True,True
ST002,995,6,0.0,0.0,0.0,38.1,True,True
ST002,996,6,0.0,0.0,0.0,46.3,True,True
ST002,997,6,0.0,0.0,0.0,38.4,True,True
ST002,998,6,0.0,0.0,0.0,31.1,True,True
ST002,999,6,0.0,0.0,0.0,37.6,True,True
ST002,1000,6,0.0,0.0,0.0,31.0,True,True
ST003,1,6,120474.76,3.53,3.53,51.8,False,False
ST003,2,6,0.0,0.0,0.0,48.7,True,True
ST003,3,6,99764.36,2.53,2.46,54.4,False,False
ST003,4,6,87902.59,2.69,2.65,45.6,False,True
ST003,5,6,72866.74,1.61,1.61,49.0,False,True
ST003,6,6,60367.01,1.2,1.2,51.2,False,False
ST003,7,6,120613.03,3.6,3.42,43.8,False,True
ST003,8,6,66298.78,1.59,1.59,49.2,False,True
ST003,9,6,132121.17,4.14,3.78,46.0,False,True
ST003,10,6,81854.79,1.62,1.62,48.3,False,True
ST003,11,6,96129.07,2.2,2.2,46.6,False,True
ST003,12,6,86008.48,1.74,1.74,49.7,False,True
ST003,13,6,0.0,0.0,0.0,48.4,True,True
ST003,14,6,90287.36,1.95,1.95,53.4,False,False
ST003,15,6,46012.82,1.08,1.08,49.2,False,True
ST003,16,6,104791.36,2.71,2.69,51.7,False,False
ST003,17,6,9489.03,0.19,0.19,57.1,False,False
ST003,18,6,117436.44,3.41,3.27,54.5,False,False
ST003,19,6,65364.43,1.25,1.25,45.7,False,True
ST003,20,6,38090.29,0.65,0.65,43.8,False,True
ST003,21,6,97739.43,2.15,2.15,58.2,False,False
ST003,22,6,109569.43,3.17,3.17,45.6,False,True
ST003,23,6,25335.3,0.37,0.37,51.2,False,False
ST003,24,6,102962.61,2.98,2.98,50.3,False,False
ST003,25,6,4937.56,0.08,0.08,49.9,False,True
ST003,26,6,0.0,0.0,0.0,47.3,True,True
ST003,27,6,28240.01,0.56,0.56,50.5,False,False
ST003,28,6,15800.8,0.25,0.25,53.0,False,False
ST003,29,6,126712.35,3.43,3.43,42.7,False,True
ST003,30,6,161748.28,6.12,5.15,54.4,False,False
ST003,31,6,124527.52,4.52,4.52,49.8,False,True
ST003,32,6,67614.81,1.39,1.39,51.0,False,False
ST003,33,6,46737.57,0.92,0.92,51.7,False,False
ST003,34,6,147952.15,5.94,5.09,64.2,False,False
ST003,35,6,23896.71,0.4,0.4,54.2,False,False
ST003,36,6,19748.06,0.28,0.28,50.3,False,False
ST003,37,6,92589.57,2.1,2.1,51.8,False,False
ST003,38,6,176031.55,5.87,5.54,56.1,False,False
ST003,39,6,125007.41,3.19,3.01,49.1,False,True
ST003,40,6,55507.97,1.31,1.31,54.9,False,False
ST003,41,6,103056.34,2.47,2.47,51.5,False,False
ST003,42,6,98383.68,1.99,1.99,43.6,False,True
ST003,43,6,64163.77,1.01,1.01,52.2,False,False
ST003,44,6,124207.34,3.29,3.29,44.0,False,True
ST003,45,6,96333.69,2.18,2.18,45.1,False,True
ST003,46,6,0.0,0.0,0.0,59.2,True,False
ST003,47,6,0.0,0.0,0.0,56.1,True,False
ST003,48,6,46865.34,0.92,0.92,44.6,False,True
ST003,49,6,54692.27,1.24,1.24,45.3,False,True
ST003,50,6,90762.53,1.75,1.75,55.6,False,False
ST003,51,6,55151.18,1.25,1.25,53.6,False,False
ST003,52,6,71062.72,1.97,1.97,51.2,False,False
ST003,53,6,60586.07,1.22,1.22,45.0,False,True
ST003,54,6,51439.28,1.21,1.21,50.4,False,False
ST003,55,6,136030.49,5.25,4.48,53.2,False,False
ST003,56,6,118212.7,4.3,4.13,47.7,False,True
ST003,57,6,89900.11,1.98,1.98,48.1,False,True
ST003,58,6,70585.28,2.22,2.22,61.0,False,False
ST003,59,6,92521.24,3.0,3.0,50.5,False,False
ST003,60,6,110916.52,2.59,2.59,53.5,False,False
ST003,61,6,155530.15,4.45,4.45,48.6,False,True
ST003,62,6,68147.66,1.07,1.07,51.6,False,False
ST003,63,6,163495.26,6.63,5.34,51.5,False,False
ST003,64,6,78440.88,1.61,1.61,53.2,False,False
ST003,65,6,0.0,0.0,0.0,52.0,True,False
ST003,66,6,78723.81,1.85,1.85,54.2,False,False
ST003,67,6,0.0,0.0,0.0,54.3,True,False
ST003,68,6,46629.36,0.86,0.86,54.4,False,False
ST003,69,6,78970.15,1.48,1.48,59.2,False,False
ST003,70,6,125456.86,3.01,3.01,49.2,False,True
ST003,71,6,87678.67,1.73,1.73,47.7,False,True
ST003,72,6,119089.06,2.58,2.58,48.3,False,True
ST003,73,6,167386.07,5.83,5.55,65.0,False,False
ST003,74,6,11373.21,0.19,0.19,53.2,False,False
ST003,75,6,84714.42,1.97,1.97,54.6,False,False
ST003,76,6,57602.94,1.42,1.42,57.9,False,False
ST003,77,6,13424.52,0.22,0.22,54.2,False,False
ST003,78,6,86673.12,1.9,1.9,47.6,False,True
ST003,79,6,0.0,0.0,0.0,42.4,True,True
ST003,80,6,16558.85,0.27,0.27,45.8,False,True
ST003,81,6,87466.13,1.71,1.71,45.4,False,True
ST003,82,6,46661.58,0.81,0.81,58.8,False,False
ST003,83,6,112825.29,4.23,4.2,48.2,False,True
ST003,84,6,53613.79,1.01,1.01,53.2,False,False
ST003,85,6,53488.27,0.85,0.85,47.1,False,True
ST003,86,6,61917.58,1.38,1.38,50.0,False,False
ST003,87,6,98677.22,2.09,2.09,44.8,False,True
ST003,88,6,135803.94,4.26,4.26,53.6,False,False
ST003,89,6,157206.45,4.83,4.74,57.0,False,False
ST003,90,6,17976.86,0.3,0.3,51.8,False,False
ST003,91,6,118166.33,3.62,3.62,43.2,False,True
ST003,92,6,6142.29,0.12,0.12,47.6,False,True
ST003,93,6,0.0,0.0,0.0,54.6,True,False
ST003,94,6,102581.81,2.47,2.47,57.5,False,False
ST003,95,6,93868.49,2.91,2.91,52.2,False,False
ST003,96,6,68811.11,1.66,1.66,54.5,False,False
ST003,97,6,137582.23,3.93,3.93,53.8,False,False
ST003,98,6,44688.35,0.88,0.88,52.8,False,False
ST003,99,6,94107.47,3.43,3.43,48.8,False,True
ST003,100,6,80056.05,1.72,1.72,45.7,False,True
ST003,101,6,77503.27,1.61,1.61,47.7,False,True
ST003,102,6,64745.54,1.34,1.34,51.4,False,False
ST003,103,6,158665.92,5.63,5.5,54.8,False,False
ST003,104,6,57931.0,1.28,1.28,50.7,False,False
ST003,105,6,0.0,0.0,0.0,42.7,True,True
ST003,106,6,141051.55,2.83,2.83,42.9,False,True
ST003,107,6,177806.39,6.81,5.55,62.6,False,False
ST003,108,6,132857.54,4.66,4.66,51.4,False,False
ST003,109,6,89147.52,2.11,2.11,44.2,False,True
ST003,110,6,47457.13,1.1,1.1,49.6,False,True
ST003,111,6,116114.91,3.5,3.16,48.2,False,True
ST003,112,6,114853.92,3.65,3.65,52.1,False,False
ST003,113,6,133557.52,4.12,3.83,57.5,False,False
ST003,114,6,40276.13,0.72,0.72,48.3,False,True
ST003,115,6,16648.93,0.24,0.24,54.1,False,False
ST003,116,6,131489.92,3.74,3.6,53.3,False,False
ST003,117,6,9217.34,0.15,0.15,54.6,False,False
ST003,118,6,0.0,0.0,0.0,49.3,True,True
ST003,119,6,55976.3,1.15,1.15,49.5,False,True
ST003,120,6,2551.28,0.03,0.03,51.4,False,False
ST003,121,6,28952.54,0.58,0.58,50.9,False,False
ST003,122,6,53770.42,1.14,1.14,54.2,False,False
ST003,123,6,47423.05,0.73,0.73,47.8,False,True
ST003,124,6,76652.33,1.96,1.96,51.3,False,False
ST003,125,6,58864.16,1.01,1.01,54.6,False,False
ST003,126,6,0.0,0.0,0.0,46.7,True,True
ST003,127,6,156261.37,4.88,4.88,43.6,False,True
ST003,128,6,76749.86,1.53,1.53,55.1,False,False
ST003,129,6,133964.33,3.65,3.65,50.4,False,False
ST003,130,6,0.0,0.0,0.0,52.5,True,False
ST003,131,6,72854.39,1.66,1.66,44.9,False,True
ST003,132,6,150998.75,5.71,5.29,59.2,False,False
ST003,133,6,0.0,0.0,0.0,47.9,True,True
ST003,134,6,106363.63,2.97,2.94,52.1,False,False
ST003,135,6,116531.47,3.56,3.35,55.1,False,False
ST003,136,6,26505.28,0.57,0.57,55.4,False,False
ST003,137,6,3646.58,0.06,0.06,49.2,False,True
ST003,138,6,88950.49,2.28,2.28,50.0,False,False
ST003,139,6,101180.54,2.31,2.31,48.4,False,True
ST003,140,6,90014.95,2.31,2.31,55.3,False,False
ST003,141,6,0.0,0.0,0.0,56.7,True,False
ST003,142,6,100408.64,2.42,2.42,56.0,False,False
ST003,143,6,124479.78,3.07,3.07,58.6,False,False
ST003,144,6,91766.06,1.81,1.81,54.7,False,False
ST003,145,6,118737.74,3.55,3.55,46.9,False,True
ST003,146,6,56067.6,1.28,1.28,48.6,False,True
ST003,147,6,27451.71,0.5,0.5,51.0,False,False
ST003,148,6,0.0,0.0,0.0,56.7,True,False
ST003,149,6,0.0,0.0,0.0,47.2,True,True
ST003,150,6,0.0,0.0,0.0,48.6,True,True
ST003,151,6,0.0,0.0,0.0,50.4,True,False
ST003,152,6,62772.16,1.17,1.17,51.6,False,False
ST003,153,6,39015.51,0.7,0.7,42.8,False,True
ST003,154,6,0.0,0.0,0.0,49.3,True,True
ST003,155,6,76548.43,1.96,1.96,47.2,False,True
ST003,156,6,57755.96,1.19,1.19,44.9,False,True
ST003,157,6,112696.39,2.23,2.23,51.4,False,False
ST003,158,6,26764.74,0.5,0.5,47.0,False,True
ST003,159,6,100226.98,3.42,3.42,53.8,False,False
ST003,160,6,110055.42,2.91,2.91,50.8,False,False
ST003,161,6,8375.25,0.14,0.14,47.4,False,True
ST003,162,6,49363.81,1.36,1.36,50.5,False,False
ST003,163,6,59395.69,1.1,1.1,53.8,False,False
ST003,164,6,16084.18,0.35,0.35,50.8,False,False
ST003,165,6,65208.68,1.34,1.34,56.5,False,False
ST003,166,6,74046.58,1.48,1.48,44.2,False,True
ST003,167,6,56868.61,1.06,1.06,54.3,False,False
ST003,168,6,2607.95,0.04,0.04,50.9,False,False
ST003,169,6,82201.68,1.45,1.45,42.6,False,True
ST003,170,6,50025.94,1.21,1.21,53.9,False,False
ST003,171,6,56136.02,1.46,1.46,46.3,False,True
ST003,172,6,103851.93,3.68,3.4,45.4,False,True
ST003,173,6,120083.38,3.19,3.19,52.2,False,False
ST003,174,6,136199.84,3.78,3.78,52.4,False,False
ST003,175,6,139667.8,4.69,4.56,55.6,False,False
ST003,176,6,4946.16,0.09,0.09,51.6,False,False
ST003,177,6,11502.01,0.17,0.17,53.6,False,False
ST003,178,6,0.0,0.0,0.0,47.4,True,True
ST003,179,6,159381.25,3.49,3.49,45.7,False,True
ST003,180,6,53419.32,1.0,1.0,52.9,False,False
ST003,181,6,64630.01,1.3,1.3,50.8,False,False
ST003,182,6,129379.27,3.42,3.42,47.5,False,True
ST003,183,6,71702.8,1.68,1.68,53.2,False,False
ST003,184,6,114539.48,2.72,2.72,44.1,False,True
ST003,185,6,39919.25,0.82,0.82,57.1,False,False
ST003,186,6,45871.0,0.89,0.89,50.6,False,False
ST003,187,6,37029.8,0.63,0.63,45.1,False,True
ST003,188,6,137971.77,4.2,4.2,44.3,False,True
ST003,189,6,133240.81,3.33,3.33,45.9,False,True
ST003,190,6,115150.28,2.9,2.9,51.2,False,False
ST003,191,6,102504.19,2.71,2.71,59.0,False,False
ST003,192,6,66860.86,1.3,1.3,62.3,False,False
ST003,193,6,59995.15,1.3,1.3,49.8,False,True
ST003,194,6,134356.71,2.91,2.91,49.4,False,True
ST003,195,6,115202.05,4.1,4.01,40.7,False,True
ST003,196,6,168160.0,7.96,5.55,51.5,False,False
ST003,197,6,69014.98,1.41,1.41,54.3,False,False
ST003,198,6,0.0,0.0,0.0,49.2,True,True
ST003,199,6,125764.39,3.01,3.01,56.2,False,False
ST003,200,6,124284.58,3.71,3.71,51.1,False,False
ST003,201,6,115358.17,3.03,3.03,40.4,False,True
ST003,202,6,72063.37,1.41,1.41,52.2,False,False
ST003,203,6,142082.86,4.08,3.86,44.1,False,True
ST003,204,6,60337.28,1.03,1.03,51.2,False,False
ST003,205,6,23573.79,0.48,0.48,46.9,False,True
ST003,206,6,164531.53,4.35,4.35,52.9,False,False
ST003,207,6,60246.14,1.3,1.3,48.6,False,True
ST003,208,6,159839.25,5.6,4.65,53.6,False,False
ST003,209,6,71376.72,1.45,1.45,45.9,False,True
ST003,210,6,109235.2,2.48,2.48,48.0,False,True
ST003,211,6,34196.22,0.51,0.51,50.0,False,False
ST003,212,6,133668.66,3.88,3.88,51.5,False,False
ST003,213,6,111795.08,3.0,3.0,43.7,False,True
ST003,214,6,114329.58,2.97,2.97,46.5,False,True
ST003,215,6,143017.87,3.72,3.72,47.1,False,True
ST003,216,6,73014.91,1.66,1.66,51.4,False,False
ST003,217,6,93060.16,2.11,2.11,53.2,False,False
ST003,218,6,58497.0,0.99,0.99,52.2,False,False
ST003,219,6,68764.57,1.42,1.42,48.9,False,True
ST003,220,6,0.0,0.0,0.0,51.4,True,False
ST003,221,6,133875.94,3.16,3.16,55.1,False,False
ST003,222,6,88817.23,2.69,2.6,54.1,False,False
ST003,223,6,14858.93,0.25,0.25,48.1,False,True
ST003,224,6,1577.87,0.02,0.02,56.1,False,False
ST003,225,6,125051.58,3.88,3.88,50.7,False,False
ST003,226,6,0.0,0.0,0.0,43.0,True,True
ST003,227,6,58885.31,1.16,1.16,45.7,False,True
ST003,228,6,90950.06,2.17,2.17,46.7,False,True
ST003,229,6,63654.39,1.5,1.5,52.1,False,False
ST003,230,6,0.0,0.0,0.0,57.1,True,False
ST003,231,6,93513.64,1.83,1.83,45.3,False,True
ST003,232,6,0.0,0.0,0.0,54.7,True,False
ST003,233,6,56431.27,1.11,1.11,61.1,False,False
ST003,234,6,148144.28,5.08,5.08,51.0,False,False
ST003,235,6,110475.9,4.0,3.92,42.3,False,True
ST003,236,6,37795.51,0.7,0.7,45.1,False,True
ST003,237,6,49266.4,0.92,0.92,54.0,False,False
ST003,238,6,44071.69,0.73,0.73,49.4,False,True
ST003,239,6,53648.87,1.05,1.05,52.5,False,False
ST003,240,6,92949.37,1.81,1.81,48.0,False,True
ST003,241,6,137620.86,3.86,3.86,50.4,False,False
ST003,242,6,154658.35,4.19,4.19,60.2,False,False
ST003,243,6,64286.05,1.56,1.56,46.9,False,True
ST003,244,6,146943.6,3.5,3.5,43.6,False,True
ST003,245,6,135926.91,3.99,3.59,49.9,False,True
ST003,246,6,40857.71,0.99,0.99,50.6,False,False
ST003,247,6,124562.93,2.61,2.61,46.3,False,True
ST003,248,6,41394.04,0.77,0.77,44.2,False,True
ST003,249,6,79583.61,1.47,1.47,50.0,False,False
ST003,250,6,46765.36,0.75,0.75,57.9,False,False
ST003,251,6,123112.48,3.5,3.5,45.8,False,True
ST003,252,6,116308.76,2.6,2.6,53.8,False,False
ST003,253,6,100082.82,2.66,2.66,47.1,False,True
ST003,254,6,64905.29,1.56,1.56,43.3,False,True
ST003,255,6,129934.44,3.2,3.2,50.8,False,False
ST003,256,6,0.0,0.0,0.0,50.0,True,False
ST003,257,6,47506.36,0.74,0.74,47.7,False,True
ST003,258,6,68391.72,1.45,1.45,55.9,False,False
ST003,259,6,18956.29,0.28,0.28,55.4,False,False
ST003,260,6,130303.33,3.51,3.51,48.4,False,True
ST003,261,6,0.0,0.0,0.0,54.1,True,False
ST003,262,6,52479.26,1.22,1.22,51.3,False,False
ST003,263,6,85231.25,2.06,2.06,50.9,False,False
ST003,264,6,83849.52,1.56,1.56,50.5,False,False
ST003,265,6,116573.25,3.11,2.98,53.4,False,False
ST003,266,6,155788.65,5.29,4.51,48.5,False,True
ST003,267,6,91261.88,2.16,2.16,46.9,False,True
ST003,268,6,144391.95,4.33,4.33,49.1,False,True
ST003,269,6,77613.44,2.43,2.43,52.0,False,False
ST003,270,6,65877.13,1.69,1.69,39.4,False,True
ST003,271,6,0.0,0.0,0.0,50.7,True,False
ST003,272,6,148835.15,4.49,4.44,50.2,False,False
ST003,273,6,118797.21,3.65,3.65,52.5,False,False
ST003,274,6,0.0,0.0,0.0,52.1,True,False
ST003,275,6,57326.66,0.99,0.99,49.0,False,True
ST003,276,6,0.0,0.0,0.0,58.9,True,False
ST003,277,6,141364.4,5.07,4.98,54.5,False,False
ST003,278,6,94244.8,2.47,2.47,44.1,False,True
ST003,279,6,91604.01,2.29,2.29,53.7,False,False
ST003,280,6,66786.19,1.76,1.76,60.4,False,False
ST003,281,6,37561.1,0.73,0.73,58.4,False,False
ST003,282,6,0.0,0.0,0.0,51.5,True,False
ST003,283,6,55374.89,1.17,1.17,55.0,False,False
ST003,284,6,124934.82,4.03,3.93,43.9,False,True
ST003,285,6,28034.6,0.5,0.5,46.6,False,True
ST003,286,6,19697.12,0.38,0.38,43.0,False,True
ST003,287,6,83829.35,1.76,1.76,50.7,False,False
ST003,288,6,76849.63,1.52,1.52,56.1,False,False
ST003,289,6,0.0,0.0,0.0,55.9,True,False
ST003,290,6,84088.51,2.64,2.64,49.0,False,True
ST003,291,6,20208.86,0.45,0.45,48.5,False,True
ST003,292,6,125719.64,3.76,3.57,55.0,False,False
ST003,293,6,47451.22,0.85,0.85,50.3,False,False
ST003,294,6,30432.32,0.52,0.52,51.3,False,False
ST003,295,6,105255.49,2.32,2.32,54.5,False,False
ST003,296,6,54378.85,1.02,1.02,48.3,False,True
ST003,297,6,113514.68,4.07,3.51,62.1,False,False
ST003,298,6,35722.27,0.56,0.56,48.9,False,True
ST003,299,6,122741.8,4.1,3.66,53.9,False,False
ST003,300,6,0.0,0.0,0.0,49.6,True,True
ST003,301,6,59022.2,1.35,1.35,46.7,False,True
ST003,302,6,0.0,0.0,0.0,48.0,True,True
ST003,303,6,131932.27,5.17,4.42,50.7,False,False
ST003,304,6,0.0,0.0,0.0,42.8,True,True
ST003,305,6,100375.48,2.84,2.84,52.6,False,False
ST003,306,6,39090.86,0.62,0.62,45.0,False,True
ST003,307,6,86021.79,2.5,2.5,53.2,False,False
ST003,308,6,92648.26,1.61,1.61,50.8,False,False
ST003,309,6,135829.32,3.62,3.62,50.3,False,False
ST003,310,6,42642.64,0.68,0.68,46.5,False,True
ST003,311,6,142989.44,5.59,5.24,55.4,False,False
ST003,312,6,143707.96,5.54,4.81,54.7,False,False
ST003,313,6,79958.34,1.58,1.58,48.7,False,True
ST003,314,6,161518.69,4.94,4.33,61.4,False,False
ST003,315,6,88726.08,2.58,2.58,61.3,False,False
ST003,316,6,66161.19,1.24,1.24,57.3,False,False
ST003,317,6,125273.15,3.17,3.17,44.9,False,True
ST003,318,6,34164.87,0.49,0.49,45.6,False,True
ST003,319,6,78143.39,1.75,1.75,55.6,False,False
ST003,320,6,76293.99,1.89,1.89,54.1,False,False
ST003,321,6,7112.76,0.1,0.1,52.3,False,False
ST003,322,6,37330.21,0.76,0.76,48.8,False,True
ST003,323,6,24974.04,0.54,0.54,54.7,False,False
ST003,324,6,39412.26,0.81,0.81,51.1,False,False
ST003,325,6,70634.45,1.63,1.63,40.3,False,True
ST003,326,6,68475.95,1.73,1.73,50.0,False,False
ST003,327,6,71566.93,1.78,1.78,48.2,False,True
ST003,328,6,130457.68,3.45,3.45,46.4,False,True
ST003,329,6,117760.36,4.53,4.27,52.7,False,False
ST003,330,6,83515.09,1.8,1.8,49.3,False,True
ST003,331,6,163736.27,5.05,5.05,51.7,False,False
ST003,332,6,122527.59,4.44,4.44,52.3,False,False
ST003,333,6,53744.75,1.13,1.13,51.8,False,False
ST003,334,6,93871.09,2.89,2.89,45.3,False,True
ST003,335,6,57341.16,1.16,1.16,60.7,False,False
ST003,336,6,24368.27,0.39,0.39,50.4,False,False
ST003,337,6,0.0,0.0,0.0,56.3,True,False
ST003,338,6,12612.19,0.18,0.18,48.5,False,True
ST003,339,6,0.0,0.0,0.0,42.7,True,True
ST003,340,6,93546.35,1.68,1.68,56.7,False,False
ST003,341,6,9044.91,0.13,0.13,40.2,False,True
ST003,342,6,4793.3,0.07,0.07,53.1,False,False
ST003,343,6,72835.05,1.73,1.73,50.5,False,False
ST003,344,6,0.0,0.0,0.0,46.6,True,True
ST003,345,6,56373.06,1.4,1.4,48.3,False,True
ST003,346,6,101001.33,2.09,2.09,48.7,False,True
ST003,347,6,46779.0,0.96,0.96,49.6,False,True
ST003,348,6,59181.6,0.99,0.99,48.2,False,True
ST003,349,6,42204.6,1.02,1.02,44.2,False,True
ST003,350,6,0.0,0.0,0.0,48.2,True,True
ST003,351,6,65821.01,1.74,1.74,49.5,False,True
ST003,352,6,60397.68,1.47,1.47,45.3,False,True
ST003,353,6,91928.17,2.11,2.11,45.5,False,True
ST003,354,6,24435.26,0.54,0.54,49.6,False,True
ST003,355,6,91180.21,1.99,1.99,47.5,False,True
ST003,356,6,106302.25,3.08,3.08,56.6,False,False
ST003,357,6,147324.59,4.02,4.02,54.8,False,False
ST003,358,6,63298.92,1.58,1.58,53.4,False,False
ST003,359,6,52118.69,1.17,1.17,43.2,False,True
ST003,360,6,105738.47,2.6,2.6,47.8,False,True
ST003,361,6,137834.52,5.06,5.02,47.3,False,True
ST003,362,6,66782.58,1.51,1.51,50.4,False,False
ST003,363,6,22636.78,0.41,0.41,47.0,False,True
ST003,364,6,141147.5,4.57,4.57,47.8,False,True
ST003,365,6,142440.18,4.19,3.8,49.3,False,True
ST003,366,6,115496.97,2.79,2.79,46.5,False,True
ST003,367,6,95380.53,2.67,2.67,49.6,False,True
ST003,368,6,135406.82,5.47,4.95,52.1,False,False
ST003,369,6,101321.09,2.58,2.58,42.9,False,True
ST003,370,6,122619.43,4.17,4.17,53.0,False,False
ST003,371,6,139600.24,3.46,3.46,51.9,False,False
ST003,372,6,26616.64,0.58,0.58,46.7,False,True
ST003,373,6,40843.1,0.83,0.83,53.4,False,False
ST003,374,6,126106.57,3.07,3.07,53.0,False,False
ST003,375,6,103390.44,2.99,2.85,53.1,False,False
ST003,376,6,0.0,0.0,0.0,43.6,True,True
ST003,377,6,0.0,0.0,0.0,42.8,True,True
ST003,378,6,127653.96,4.42,4.05,45.7,False,True
ST003,379,6,28266.6,0.45,0.45,52.9,False,False
ST003,380,6,103273.81,2.84,2.84,45.4,False,True
ST003,381,6,0.0,0.0,0.0,52.3,True,False
ST003,382,6,101643.26,2.51,2.37,53.9,False,False
ST003,383,6,161412.64,3.87,3.87,53.5,False,False
ST003,384,6,0.0,0.0,0.0,48.0,True,True
ST003,385,6,144836.73,4.43,3.93,53.4,False,False
ST003,386,6,121989.63,3.92,3.92,59.0,False,False
ST003,387,6,0.0,0.0,0.0,47.2,True,True
ST003,388,6,77405.63,1.79,1.79,52.5,False,False
ST003,389,6,59581.13,1.16,1.16,46.2,False,True
ST003,390,6,101917.39,2.6,2.6,53.2,False,False
ST003,391,6,20292.0,0.33,0.33,49.3,False,True
ST003,392,6,31026.7,0.6,0.6,56.3,False,False
ST003,393,6,0.0,0.0,0.0,44.4,True,True
ST003,394,6,0.0,0.0,0.0,54.5,True,False
ST003,395,6,17779.08,0.24,0.24,54.3,False,False
ST003,396,6,3997.8,0.05,0.05,54.1,False,False
ST003,397,6,0.0,0.0,0.0,47.3,True,True
ST003,398,6,128982.96,3.97,3.97,56.0,False,False
ST003,399,6,7421.51,0.14,0.14,42.7,False,True
ST003,400,6,118688.77,3.14,3.14,45.0,False,True
ST003,401,6,11252.05,0.2,0.2,56.4,False,False
ST003,402,6,119628.44,3.15,3.15,52.2,False,False
ST003,403,6,120058.31,3.16,3.16,47.3,False,True
ST003,404,6,43861.12,0.72,0.72,54.1,False,False
ST003,405,6,141617.9,3.91,3.65,57.7,False,False
ST003,406,6,72559.69,1.38,1.38,47.5,False,True
ST003,407,6,0.0,0.0,0.0,55.5,True,False
ST003,408,6,9390.31,0.17,0.17,45.3,False,True
ST003,409,6,38892.35,0.6,0.6,44.5,False,True
ST003,410,6,55278.74,0.84,0.84,50.5,False,False
ST003,411,6,29991.7,0.45,0.45,54.2,False,False
ST003,412,6,67074.33,1.78,1.78,52.4,False,False
ST003,413,6,103729.53,1.96,1.96,51.4,False,False
ST003,414,6,3777.99,0.07,0.07,48.1,False,True
ST003,415,6,101034.14,2.28,2.28,48.3,False,True
ST003,416,6,59234.48,1.5,1.5,49.8,False,True
ST003,417,6,0.0,0.0,0.0,54.5,True,False
ST003,418,6,122684.85,3.49,3.49,62.7,False,False
ST003,419,6,0.0,0.0,0.0,58.3,True,False
ST003,420,6,4452.09,0.09,0.09,51.5,False,False
ST003,421,6,114055.64,3.03,3.03,51.3,False,False
ST003,422,6,0.0,0.0,0.0,53.4,True,False
ST003,423,6,90139.39,2.84,2.77,48.0,False,True
ST003,424,6,161984.53,5.56,5.55,50.9,False,False
ST003,425,6,68612.71,1.52,1.52,53.8,False,False
ST003,426,6,54320.19,0.89,0.89,51.0,False,False
ST003,427,6,82608.95,2.07,2.07,50.3,False,False
ST003,428,6,90721.0,2.6,2.6,45.9,False,True
ST003,429,6,114513.99,2.65,2.65,49.9,False,True
ST003,430,6,0.0,0.0,0.0,52.4,True,False
ST003,431,6,121253.13,3.16,3.16,52.5,False,False
ST003,432,6,0.0,0.0,0.0,55.5,True,False
ST003,433,6,74239.43,1.59,1.59,37.9,False,True
ST003,434,6,20393.82,0.36,0.36,51.6,False,False
ST003,435,6,59989.69,1.33,1.33,47.4,False,True
ST003,436,6,64450.61,1.58,1.58,55.0,False,False
ST003,437,6,63010.58,1.54,1.54,49.0,False,True
ST003,438,6,117609.18,3.55,3.55,55.6,False,False
ST003,439,6,100417.58,3.11,3.11,53.0,False,False
ST003,440,6,117149.21,4.44,4.28,56.3,False,False
ST003,441,6,72812.6,2.06,2.06,50.8,False,False
ST003,442,6,84781.98,1.93,1.93,44.9,False,True
ST003,443,6,7303.07,0.1,0.1,53.9,False,False
ST003,444,6,148137.01,6.29,5.48,48.7,False,True
ST003,445,6,46311.85,0.78,0.78,46.7,False,True
ST003,446,6,54475.42,0.82,0.82,51.0,False,False
ST003,447,6,0.0,0.0,0.0,55.1,True,False
ST003,448,6,32346.87,0.56,0.56,47.9,False,True
ST003,449,6,32315.52,0.87,0.87,44.4,False,True
ST003,450,6,78404.53,1.69,1.69,46.8,False,True
ST003,451,6,167889.16,6.82,5.18,55.8,False,False
ST003,452,6,39048.21,0.88,0.88,60.1,False,False
ST003,453,6,77063.87,1.73,1.73,49.5,False,True
ST003,454,6,60187.14,1.31,1.31,43.9,False,True
ST003,455,6,65930.02,1.6,1.6,49.1,False,True
ST003,456,6,20229.19,0.36,0.36,50.7,False,False
ST003,457,6,40977.53,0.65,0.65,51.9,False,False
ST003,458,6,129287.51,3.33,3.33,50.4,False,False
ST003,459,6,1433.06,0.02,0.02,45.9,False,True
ST003,460,6,118376.65,3.98,3.98,49.8,False,True
ST003,461,6,110505.39,3.27,3.27,40.5,False,True
ST003,462,6,128112.37,3.39,3.39,51.4,False,False
ST003,463,6,47346.07,0.91,0.91,47.2,False,True
ST003,464,6,48199.59,1.15,1.15,50.2,False,False
ST003,465,6,69508.43,2.01,2.01,48.4,False,True
ST003,466,6,43201.34,0.8,0.8,47.0,False,True
ST003,467,6,77499.71,1.6,1.6,54.6,False,False
ST003,468,6,4539.87,0.06,0.06,54.6,False,False
ST003,469,6,72181.6,1.47,1.47,49.2,False,True
ST003,470,6,104979.31,2.05,2.05,49.9,False,True
ST003,471,6,64248.42,1.52,1.52,51.7,False,False
ST003,472,6,13127.34,0.18,0.18,51.5,False,False
ST003,473,6,2473.15,0.04,0.04,44.5,False,True
ST003,474,6,131378.08,5.78,5.08,54.1,False,False
ST003,475,6,35778.96,0.68,0.68,54.4,False,False
ST003,476,6,0.0,0.0,0.0,54.3,True,False
ST003,477,6,154485.97,6.15,5.05,59.6,False,False
ST003,478,6,136218.08,4.43,4.29,48.0,False,True
ST003,479,6,134565.15,3.45,3.45,43.4,False,True
ST003,480,6,138037.64,4.33,3.95,48.0,False,True
ST003,481,6,0.0,0.0,0.0,45.8,True,True
ST003,482,6,44034.95,0.89,0.89,48.3,False,True
ST003,483,6,2510.97,0.04,0.04,63.8,False,False
ST003,484,6,89358.64,2.54,2.54,43.2,False,True
ST003,485,6,149255.26,5.45,5.41,57.9,False,False
ST003,486,6,45870.85,0.86,0.86,49.9,False,True
ST003,487,6,95141.32,2.45,2.45,46.0,False,True
ST003,488,6,109073.67,2.73,2.73,52.6,False,False
ST003,489,6,129495.98,3.48,3.35,43.5,False,True
ST003,490,6,127694.52,3.69,3.69,47.0,False,True
ST003,491,6,95199.16,2.35,2.35,47.5,False,True
ST003,492,6,0.0,0.0,0.0,44.5,True,True
ST003,493,6,0.0,0.0,0.0,45.0,True,True
ST003,494,6,132288.62,5.0,4.48,56.7,False,False
ST003,495,6,79945.31,1.64,1.64,52.9,False,False
ST003,496,6,27329.85,0.5,0.5,58.9,False,False
ST003,497,6,137684.46,5.13,4.96,59.3,False,False
ST003,498,6,137868.73,4.1,4.1,54.4,False,False
ST003,499,6,105995.66,2.32,2.32,51.6,False,False
ST003,500,6,23850.05,0.59,0.59,48.1,False,True
ST003,501,6,26136.75,0.43,0.43,50.4,False,False
ST003,502,6,104952.87,2.58,2.58,47.7,False,True
ST003,503,6,58850.92,1.38,1.38,53.3,False,False
ST003,504,6,56575.92,1.47,1.47,54.0,False,False
ST003,505,6,0.0,0.0,0.0,47.5,True,True
ST003,506,6,81686.47,2.09,2.09,49.1,False,True
ST003,507,6,62947.99,1.39,1.39,52.9,False,False
ST003,508,6,73673.04,2.23,2.23,48.1,False,True
ST003,509,6,104447.88,3.08,3.08,51.7,False,False
ST003,510,6,47826.73,1.11,1.11,48.0,False,True
ST003,511,6,10474.06,0.23,0.23,44.1,False,True
ST003,512,6,115993.02,2.74,2.74,52.2,False,False
ST003,513,6,140720.91,4.28,4.28,53.9,False,False
ST003,514,6,0.0,0.0,0.0,47.6,True,True
ST003,515,6,38319.42,0.86,0.86,46.4,False,True
ST003,516,6,0.0,0.0,0.0,45.0,True,True
ST003,517,6,97532.8,3.51,3.5,47.4,False,True
ST003,518,6,111535.66,3.29,3.29,45.4,False,True
ST003,519,6,27572.66,0.47,0.47,44.4,False,True
ST003,520,6,7412.71,0.11,0.11,46.8,False,True
ST003,521,6,0.0,0.0,0.0,54.6,True,False
ST003,522,6,136563.39,2.91,2.91,46.0,False,True
ST003,523,6,8116.0,0.14,0.14,48.3,False,True
ST003,524,6,58155.73,1.36,1.36,52.7,False,False
ST003,525,6,183022.29,7.19,5.52,49.4,False,True
ST003,526,6,60223.17,1.22,1.22,41.7,False,True
ST003,527,6,0.0,0.0,0.0,51.6,True,False
ST003,528,6,152056.18,6.14,4.63,55.3,False,False
ST003,529,6,92132.01,1.82,1.82,38.6,False,True
ST003,530,6,159095.91,7.57,5.55,46.1,False,True
ST003,531,6,28738.13,0.43,0.43,47.2,False,True
ST003,532,6,350.09,0.01,0.01,43.6,False,True
ST003,533,6,0.0,0.0,0.0,52.4,True,False
ST003,534,6,47724.05,0.74,0.74,50.8,False,False
ST003,535,6,28403.17,0.58,0.58,53.7,False,False
ST003,536,6,41602.19,0.86,0.86,49.6,False,True
ST003,537,6,0.0,0.0,0.0,44.9,True,True
ST003,538,6,123634.14,4.45,4.45,44.1,False,True
ST003,539,6,32434.24,0.7,0.7,45.3,False,True
ST003,540,6,115929.61,3.77,3.49,54.0,False,False
ST003,541,6,51277.05,0.88,0.88,48.4,False,True
ST003,542,6,124075.39,3.36,3.36,47.7,False,True
ST003,543,6,151708.18,4.6,4.6,55.5,False,False
ST003,544,6,110904.73,3.19,3.19,48.6,False,True
ST003,545,6,80200.07,2.05,2.05,52.7,False,False
ST003,546,6,92782.86,2.51,2.51,55.2,False,False
ST003,547,6,75196.23,1.99,1.99,49.7,False,True
ST003,548,6,145697.37,4.37,4.37,48.2,False,True
ST003,549,6,89951.69,2.41,2.41,44.7,False,True
ST003,550,6,29301.9,0.48,0.48,48.7,False,True
ST003,551,6,37495.89,0.94,0.94,59.0,False,False
ST003,552,6,81736.52,1.92,1.92,52.7,False,False
ST003,553,6,0.0,0.0,0.0,51.5,True,False
ST003,554,6,30387.99,0.57,0.57,44.1,False,True
ST003,555,6,150624.84,5.92,5.55,56.9,False,False
ST003,556,6,45609.56,0.98,0.98,45.5,False,True
ST003,557,6,55013.93,1.16,1.16,52.9,False,False
ST003,558,6,68540.72,1.21,1.21,54.5,False,False
ST003,559,6,39096.55,0.55,0.55,53.3,False,False
ST003,560,6,0.0,0.0,0.0,43.4,True,True
ST003,561,6,15514.08,0.28,0.28,49.5,False,True
ST003,562,6,97083.35,2.08,2.08,45.7,False,True
ST003,563,6,46983.47,1.01,1.01,48.7,False,True
ST003,564,6,124523.33,3.44,3.22,52.6,False,False
ST003,565,6,119969.14,2.99,2.99,51.5,False,False
ST003,566,6,27342.0,0.64,0.64,54.6,False,False
ST003,567,6,0.0,0.0,0.0,54.4,True,False
ST003,568,6,11998.73,0.23,0.23,50.5,False,False
ST003,569,6,116321.71,2.81,2.79,47.2,False,True
ST003,570,6,0.0,0.0,0.0,46.8,True,True
ST003,571,6,132373.86,4.2,3.74,46.3,False,True
ST003,572,6,45673.01,0.9,0.9,49.6,False,True
ST003,573,6,93759.77,2.46,2.46,46.6,False,True
ST003,574,6,0.0,0.0,0.0,46.5,True,True
ST003,575,6,83358.42,1.84,1.84,50.7,False,False
ST003,576,6,0.0,0.0,0.0,43.5,True,True
ST003,577,6,128241.89,4.36,3.97,50.5,False,False
ST003,578,6,56337.15,1.32,1.32,57.6,False,False
ST003,579,6,136274.54,4.38,4.38,45.7,False,True
ST003,580,6,97343.4,2.85,2.73,48.4,False,True
ST003,581,6,19683.24,0.39,0.39,52.6,False,False
ST003,582,6,31662.77,0.59,0.59,47.5,False,True
ST003,583,6,19105.75,0.35,0.35,49.0,False,True
ST003,584,6,126530.4,4.71,4.31,48.8,False,True
ST003,585,6,120033.99,4.53,4.53,48.6,False,True
ST003,586,6,49386.29,1.11,1.11,55.4,False,False
ST003,587,6,68639.78,1.71,1.71,55.2,False,False
ST003,588,6,135041.04,4.09,4.09,48.6,False,True
ST003,589,6,127582.02,3.66,3.66,51.8,False,False
ST003,590,6,70587.18,1.72,1.72,51.0,False,False
ST003,591,6,103054.62,2.34,2.34,44.7,False,True
ST003,592,6,0.0,0.0,0.0,51.1,True,False
ST003,593,6,56570.81,1.46,1.46,40.6,False,True
ST003,594,6,51895.22,1.26,1.26,54.8,False,False
ST003,595,6,79602.16,1.8,1.8,43.1,False,True
ST003,596,6,105826.53,2.01,2.01,50.8,False,False
ST003,597,6,70179.42,1.77,1.77,41.1,False,True
ST003,598,6,0.0,0.0,0.0,51.3,True,False
ST003,599,6,78032.1,1.86,1.86,51.5,False,False
ST003,600,6,128753.18,4.69,4.69,52.7,False,False
ST003,601,6,148184.88,5.6,4.49,51.6,False,False
ST003,602,6,16323.95,0.23,0.23,55.7,False,False
ST003,603,6,80193.23,1.82,1.82,51.4,False,False
ST003,604,6,49632.5,0.95,0.95,52.1,False,False
ST003,605,6,116533.11,3.84,3.69,48.0,False,True
ST003,606,6,45193.81,0.89,0.89,47.3,False,True
ST003,607,6,73604.07,1.42,1.42,50.5,False,False
ST003,608,6,82749.74,1.5,1.5,56.3,False,False
ST003,609,6,76820.34,1.59,1.59,43.3,False,True
ST003,610,6,125083.8,3.05,3.05,48.0,False,True
ST003,611,6,135015.82,3.68,3.68,44.6,False,True
ST003,612,6,36121.7,0.65,0.65,59.7,False,False
ST003,613,6,105397.38,2.72,2.72,42.0,False,True
ST003,614,6,17417.38,0.27,0.27,43.2,False,True
ST003,615,6,0.0,0.0,0.0,49.1,True,True
ST003,616,6,79633.13,2.01,2.01,49.4,False,True
ST003,617,6,69489.37,1.66,1.66,55.1,False,False
ST003,618,6,87766.51,2.97,2.97,45.1,False,True
ST003,619,6,38055.62,0.79,0.79,50.6,False,False
ST003,620,6,91229.44,2.48,2.48,44.5,False,True
ST003,621,6,130919.84,3.25,3.25,54.4,False,False
ST003,622,6,14555.75,0.23,0.23,52.6,False,False
ST003,623,6,16192.04,0.28,0.28,56.7,False,False
ST003,624,6,121419.14,3.12,3.12,46.3,False,True
ST003,625,6,83030.79,1.82,1.82,42.9,False,True
ST003,626,6,82107.87,2.36,2.36,51.8,False,False
ST003,627,6,51419.16,0.91,0.91,52.8,False,False
ST003,628,6,66612.43,1.78,1.78,50.9,False,False
ST003,629,6,116448.25,3.34,3.34,55.2,False,False
ST003,630,6,53567.73,1.22,1.22,43.3,False,True
ST003,631,6,75575.83,1.7,1.7,47.9,False,True
ST003,632,6,132407.75,3.47,3.47,54.4,False,False
ST003,633,6,87629.03,1.94,1.94,52.1,False,False
ST003,634,6,9729.31,0.16,0.16,55.8,False,False
ST003,635,6,58623.44,1.28,1.28,51.5,False,False
ST003,636,6,147393.42,5.08,4.88,59.9,False,False
ST003,637,6,68134.88,1.69,1.69,48.0,False,True
ST003,638,6,63887.6,1.17,1.17,56.9,False,False
ST003,639,6,41720.05,0.67,0.67,52.9,False,False
ST003,640,6,68662.31,2.05,2.05,48.7,False,True
ST003,641,6,58327.89,1.03,1.03,52.9,False,False
ST003,642,6,127025.48,3.36,3.09,50.1,False,False
ST003,643,6,132303.88,5.17,4.91,48.8,False,True
ST003,644,6,0.0,0.0,0.0,43.5,True,True
ST003,645,6,1058.38,0.02,0.02,49.9,False,True
ST003,646,6,99138.21,1.96,1.96,51.3,False,False
ST003,647,6,113291.15,3.33,3.33,52.6,False,False
ST003,648,6,151627.55,5.11,4.69,51.0,False,False
ST003,649,6,0.0,0.0,0.0,48.9,True,True
ST003,650,6,142031.63,5.25,4.96,56.0,False,False
ST003,651,6,0.0,0.0,0.0,46.6,True,True
ST003,652,6,9671.44,0.18,0.18,54.3,False,False
ST003,653,6,119900.42,3.65,3.55,57.4,False,False
ST003,654,6,29368.97,0.51,0.51,50.4,False,False
ST003,655,6,65596.84,1.58,1.58,48.6,False,True
ST003,656,6,96844.5,1.95,1.95,50.5,False,False
ST003,657,6,66585.17,1.82,1.82,47.3,False,True
ST003,658,6,0.0,0.0,0.0,52.3,True,False
ST003,659,6,0.0,0.0,0.0,54.8,True,False
ST003,660,6,92982.15,2.07,2.07,46.9,False,True
ST003,661,6,93543.43,1.81,1.81,58.5,False,False
ST003,662,6,136044.14,4.15,4.15,53.9,False,False
ST003,663,6,111504.79,3.33,3.33,52.7,False,False
ST003,664,6,53155.8,0.99,0.99,45.3,False,True
ST003,665,6,44231.34,0.83,0.83,45.9,False,True
ST003,666,6,166530.81,6.73,5.55,53.6,False,False
ST003,667,6,114686.22,3.18,3.18,53.3,False,False
ST003,668,6,107284.21,3.08,3.08,47.4,False,True
ST003,669,6,32808.97,0.61,0.61,47.1,False,True
ST003,670,6,0.0,0.0,0.0,55.2,True,False
ST003,671,6,188593.96,6.47,5.55,63.2,False,False
ST003,672,6,101523.37,2.26,2.26,49.1,False,True
ST003,673,6,25479.28,0.58,0.58,55.5,False,False
ST003,674,6,68045.18,1.67,1.67,51.2,False,False
ST003,675,6,135325.48,4.51,4.51,48.5,False,True
ST003,676,6,156549.87,4.97,4.97,62.3,False,False
ST003,677,6,137696.32,4.66,3.73,57.1,False,False
ST003,678,6,124767.36,4.23,3.72,61.6,False,False
ST003,679,6,157080.03,5.04,5.04,55.8,False,False
ST003,680,6,83997.1,1.8,1.8,58.8,False,False
ST003,681,6,28271.74,0.43,0.43,52.3,False,False
ST003,682,6,121120.44,3.17,3.17,48.6,False,True
ST003,683,6,106046.05,2.3,2.3,52.3,False,False
ST003,684,6,30911.33,0.52,0.52,51.2,False,False
ST003,685,6,17738.12,0.27,0.27,56.3,False,False
ST003,686,6,0.0,0.0,0.0,52.3,True,False
ST003,687,6,15946.56,0.32,0.32,49.0,False,True
ST003,688,6,108280.56,3.86,3.64,49.7,False,True
ST003,689,6,50368.95,1.0,1.0,51.6,False,False
ST003,690,6,8617.59,0.13,0.13,47.9,False,True
ST003,691,6,23151.87,0.46,0.46,44.0,False,True
ST003,692,6,28138.73,0.56,0.56,41.7,False,True
ST003,693,6,55441.74,1.31,1.31,47.2,False,True
ST003,694,6,82183.27,2.52,2.47,55.9,False,False
ST003,695,6,47699.34,1.03,1.03,56.5,False,False
ST003,696,6,11499.14,0.19,0.19,45.6,False,True
ST003,697,6,0.0,0.0,0.0,52.4,True,False
ST003,698,6,102061.35,2.38,2.38,48.8,False,True
ST003,699,6,138498.09,4.43,4.43,54.3,False,False
ST003,700,6,31508.23,0.59,0.59,53.0,False,False
ST003,701,6,60430.87,1.4,1.4,48.2,False,True
ST003,702,6,112579.34,3.13,3.13,50.8,False,False
ST003,703,6,66405.7,1.3,1.3,53.6,False,False
ST003,704,6,2180.91,0.03,0.03,44.3,False,True
ST003,705,6,92864.31,2.24,2.24,54.3,False,False
ST003,706,6,55756.59,1.25,1.25,50.0,False,False
ST003,707,6,0.0,0.0,0.0,50.9,True,False
ST003,708,6,0.0,0.0,0.0,58.2,True,False
ST003,709,6,79399.21,1.8,1.8,53.7,False,False
ST003,710,6,110498.61,2.9,2.76,50.3,False,False
ST003,711,6,0.0,0.0,0.0,52.5,True,False
ST003,712,6,110889.52,3.49,3.43,48.0,False,True
ST003,713,6,49550.47,1.2,1.2,48.5,False,True
ST003,714,6,7159.66,0.11,0.11,52.9,False,False
ST003,715,6,179166.67,7.28,5.55,53.7,False,False
ST003,716,6,0.0,0.0,0.0,47.1,True,True
ST003,717,6,0.0,0.0,0.0,58.5,True,False
ST003,718,6,65672.22,1.32,1.32,56.2,False,False
ST003,719,6,60104.01,1.29,1.29,55.7,False,False
ST003,720,6,0.0,0.0,0.0,43.8,True,True
ST003,721,6,62810.5,1.44,1.44,46.6,False,True
ST003,722,6,17304.57,0.39,0.39,54.7,False,False
ST003,723,6,59030.63,1.24,1.24,54.7,False,False
ST003,724,6,81896.82,1.86,1.86,47.1,False,True
ST003,725,6,0.0,0.0,0.0,56.2,True,False
ST003,726,6,86607.19,1.93,1.93,45.4,False,True
ST003,727,6,64607.06,0.93,0.93,50.8,False,False
ST003,728,6,111162.41,2.94,2.94,46.1,False,True
ST003,729,6,0.0,0.0,0.0,49.8,True,True
ST003,730,6,74355.73,1.66,1.66,51.3,False,False
ST003,731,6,20621.75,0.4,0.4,49.4,False,True
ST003,732,6,0.0,0.0,0.0,44.2,True,True
ST003,733,6,145547.26,4.41,4.41,45.2,False,True
ST003,734,6,123551.63,3.8,3.8,48.1,False,True
ST003,735,6,106771.08,2.22,2.22,53.7,False,False
ST003,736,6,135728.23,4.82,4.82,52.4,False,False
ST003,737,6,61683.56,1.18,1.18,50.9,False,False
ST003,738,6,100354.46,3.56,3.56,59.8,False,False
ST003,739,6,105424.08,3.74,3.74,46.3,False,True
ST003,740,6,124370.5,3.46,3.46,54.9,False,False
ST003,741,6,115934.49,3.32,3.27,46.6,False,True
ST003,742,6,0.0,0.0,0.0,51.3,True,False
ST003,743,6,83935.02,1.61,1.61,45.8,False,True
ST003,744,6,99543.41,3.58,3.58,49.2,False,True
ST003,745,6,127871.89,3.66,3.46,54.2,False,False
ST003,746,6,8931.4,0.13,0.13,60.4,False,False
ST003,747,6,0.0,0.0,0.0,52.8,True,False
ST003,748,6,46421.0,0.82,0.82,53.3,False,False
ST003,749,6,3427.21,0.08,0.08,48.2,False,True
ST003,750,6,22496.38,0.33,0.33,53.9,False,False
ST003,751,6,8704.12,0.11,0.11,51.9,False,False
ST003,752,6,17305.99,0.29,0.29,52.8,False,False
ST003,753,6,48610.35,0.79,0.79,60.6,False,False
ST003,754,6,73638.88,1.72,1.72,50.8,False,False
ST003,755,6,0.0,0.0,0.0,51.6,True,False
ST003,756,6,18012.22,0.27,0.27,45.1,False,True
ST003,757,6,176014.97,8.37,5.55,49.4,False,True
ST003,758,6,81937.39,1.8,1.8,48.3,False,True
ST003,759,6,135937.79,5.68,4.93,49.6,False,True
ST003,760,6,52252.31,0.96,0.96,45.7,False,True
ST003,761,6,0.0,0.0,0.0,46.0,True,True
ST003,762,6,45448.62,1.08,1.08,49.0,False,True
ST003,763,6,73682.4,1.64,1.64,48.0,False,True
ST003,764,6,50655.3,0.95,0.95,49.7,False,True
ST003,765,6,71132.88,1.6,1.6,52.2,False,False
ST003,766,6,2891.38,0.05,0.05,44.1,False,True
ST003,767,6,121073.33,2.89,2.89,56.3,False,False
ST003,768,6,0.0,0.0,0.0,54.7,True,False
ST003,769,6,0.0,0.0,0.0,44.9,True,True
ST003,770,6,20281.84,0.29,0.29,59.5,False,False
ST003,771,6,0.0,0.0,0.0,42.8,True,True
ST003,772,6,44945.14,0.9,0.9,60.7,False,False
ST003,773,6,83986.63,1.92,1.92,50.9,False,False
ST003,774,6,68590.31,1.57,1.57,51.3,False,False
ST003,775,6,0.0,0.0,0.0,46.6,True,True
ST003,776,6,96737.5,2.18,2.18,54.6,False,False
ST003,777,6,73815.31,1.79,1.79,43.7,False,True
ST003,778,6,75043.17,1.62,1.62,56.4,False,False
ST003,779,6,122038.5,3.64,3.64,54.3,False,False
ST003,780,6,0.0,0.0,0.0,51.1,True,False
ST003,781,6,50975.62,1.36,1.36,51.7,False,False
ST003,782,6,130312.21,2.61,2.61,48.0,False,True
ST003,783,6,90409.75,2.54,2.54,57.1,False,False
ST003,784,6,145623.96,3.67,3.46,55.5,False,False
ST003,785,6,94033.35,2.17,2.17,51.4,False,False
ST003,786,6,94979.13,2.41,2.41,52.9,False,False
ST003,787,6,9053.16,0.18,0.18,49.4,False,True
ST003,788,6,85768.89,2.12,2.12,50.1,False,False
ST003,789,6,35787.71,0.58,0.58,48.7,False,True
ST003,790,6,60806.11,1.56,1.56,53.7,False,False
ST003,791,6,67673.52,1.29,1.29,51.4,False,False
ST003,792,6,0.0,0.0,0.0,46.9,True,True
ST003,793,6,57374.88,1.06,1.06,52.9,False,False
ST003,794,6,20742.2,0.41,0.41,45.3,False,True
ST003,795,6,0.0,0.0,0.0,36.6,True,True
ST003,796,6,186056.17,7.76,5.55,57.0,False,False
ST003,797,6,74416.39,1.55,1.55,51.5,False,False
ST003,798,6,118145.37,4.11,3.64,57.8,False,False
ST003,799,6,8704.96,0.16,0.16,52.1,False,False
ST003,800,6,0.0,0.0,0.0,52.6,True,False
ST003,801,6,87933.57,2.3,2.3,50.5,False,False
ST003,802,6,83631.75,1.71,1.71,48.0,False,True
ST003,803,6,14290.1,0.24,0.24,47.1,False,True
ST003,804,6,59316.98,1.04,1.04,49.5,False,True
ST003,805,6,105544.77,3.21,3.21,51.7,False,False
ST003,806,6,148731.8,6.12,5.26,57.2,False,False
ST003,807,6,89089.53,1.8,1.8,48.3,False,True
ST003,808,6,134441.22,3.77,3.77,56.2,False,False
ST003,809,6,0.0,0.0,0.0,50.0,True,False
ST003,810,6,32306.56,0.69,0.69,45.7,False,True
ST003,811,6,0.0,0.0,0.0,50.0,True,False
ST003,812,6,67574.88,1.58,1.58,48.6,False,True
ST003,813,6,0.0,0.0,0.0,53.4,True,False
ST003,814,6,172218.0,7.2,5.55,61.0,False,False
ST003,815,6,70367.58,1.47,1.47,40.7,False,True
ST003,816,6,95126.95,2.25,2.25,56.2,False,False
ST003,817,6,91526.92,1.9,1.9,43.6,False,True
ST003,818,6,106230.15,3.31,3.31,49.0,False,True
ST003,819,6,25896.75,0.44,0.44,48.9,False,True
ST003,820,6,0.0,0.0,0.0,48.0,True,True
ST003,821,6,105436.4,2.8,2.8,48.0,False,True
ST003,822,6,0.0,0.0,0.0,48.9,True,True
ST003,823,6,67277.27,1.14,1.14,57.5,False,False
ST003,824,6,94121.71,2.14,2.14,49.3,False,True
ST003,825,6,141194.68,3.9,3.77,52.8,False,False
ST003,826,6,116235.81,4.07,4.07,47.1,False,True
ST003,827,6,78149.86,1.71,1.71,61.7,False,False
ST003,828,6,97712.18,2.84,2.84,49.6,False,True
ST003,829,6,62811.66,1.39,1.39,47.2,False,True
ST003,830,6,68015.67,1.83,1.83,41.9,False,True
ST003,831,6,74919.04,1.47,1.47,52.8,False,False
ST003,832,6,65082.79,1.28,1.28,54.9,False,False
ST003,833,6,0.0,0.0,0.0,53.5,True,False
ST003,834,6,0.0,0.0,0.0,52.9,True,False
ST003,835,6,0.0,0.0,0.0,49.3,True,True
ST003,836,6,141988.95,5.87,5.31,62.1,False,False
ST003,837,6,33797.9,0.76,0.76,56.4,False,False
ST003,838,6,118057.21,3.42,3.24,43.1,False,True
ST003,839,6,108900.47,2.76,2.76,49.2,False,True
ST003,840,6,5351.08,0.09,0.09,47.5,False,True
ST003,841,6,115929.6,2.78,2.78,51.1,False,False
ST003,842,6,74848.7,1.39,1.39,47.3,False,True
ST003,843,6,84887.68,1.6,1.6,52.0,False,False
ST003,844,6,0.0,0.0,0.0,51.0,True,False
ST003,845,6,130640.3,4.45,4.35,47.9,False,True
ST003,846,6,140778.95,3.41,3.41,40.4,False,True
ST003,847,6,80653.47,1.83,1.83,46.4,False,True
ST003,848,6,97965.94,1.8,1.8,48.2,False,True
ST003,849,6,0.0,0.0,0.0,48.1,True,True
ST003,850,6,116030.27,2.26,2.26,49.0,False,True
ST003,851,6,120752.77,4.51,4.23,50.8,False,False
ST003,852,6,20491.13,0.31,0.31,57.5,False,False
ST003,853,6,0.0,0.0,0.0,47.4,True,True
ST003,854,6,136491.62,3.59,3.59,39.4,False,True
ST003,855,6,89085.26,1.88,1.88,47.5,False,True
ST003,856,6,24958.85,0.42,0.42,50.7,False,False
ST003,857,6,103846.8,2.86,2.86,45.7,False,True
ST003,858,6,128209.73,2.6,2.6,44.2,False,True
ST003,859,6,25403.0,0.49,0.49,48.4,False,True
ST003,860,6,113990.96,3.93,3.93,52.0,False,False
ST003,861,6,31889.84,0.6,0.6,54.5,False,False
ST003,862,6,119431.29,3.66,3.66,50.5,False,False
ST003,863,6,39249.93,0.71,0.71,42.3,False,True
ST003,864,6,62586.18,1.2,1.2,56.4,False,False
ST003,865,6,0.0,0.0,0.0,50.2,True,False
ST003,866,6,6394.62,0.13,0.13,55.9,False,False
ST003,867,6,89651.96,2.63,2.63,48.2,False,True
ST003,868,6,41718.34,0.81,0.81,47.0,False,True
ST003,869,6,84225.34,2.24,2.24,49.0,False,True
ST003,870,6,0.0,0.0,0.0,46.6,True,True
ST003,871,6,20188.9,0.37,0.37,41.1,False,True
ST003,872,6,47881.89,1.05,1.05,51.4,False,False
ST003,873,6,168343.45,6.29,4.49,59.7,False,False
ST003,874,6,89377.19,2.37,2.37,47.0,False,True
ST003,875,6,120681.47,4.0,3.81,54.6,False,False
ST003,876,6,0.0,0.0,0.0,46.4,True,True
ST003,877,6,28764.78,0.53,0.53,49.8,False,True
ST003,878,6,0.0,0.0,0.0,57.7,True,False
ST003,879,6,0.0,0.0,0.0,48.5,True,True
ST003,880,6,110803.47,2.53,2.53,48.2,False,True
ST003,881,6,0.0,0.0,0.0,53.9,True,False
ST003,882,6,48388.24,0.85,0.85,51.3,False,False
ST003,883,6,0.0,0.0,0.0,57.2,True,False
ST003,884,6,0.0,0.0,0.0,48.7,True,True
ST003,885,6,117301.27,3.48,3.48,42.9,False,True
ST003,886,6,25806.6,0.42,0.42,49.3,False,True
ST003,887,6,87600.73,2.05,2.05,42.7,False,True
ST003,888,6,94874.52,1.97,1.97,45.7,False,True
ST003,889,6,158618.23,5.63,5.02,53.3,False,False
ST003,890,6,49492.66,0.85,0.85,46.4,False,True
ST003,891,6,132159.22,4.26,4.26,50.0,False,False
ST003,892,6,99592.93,2.34,2.34,52.3,False,False
ST003,893,6,88555.18,2.12,2.12,44.1,False,True
ST003,894,6,134305.49,5.19,4.42,54.5,False,False
ST003,895,6,22939.91,0.46,0.46,48.8,False,True
ST003,896,6,0.0,0.0,0.0,51.5,True,False
ST003,897,6,109101.63,2.86,2.86,58.3,False,False
ST003,898,6,149659.91,4.34,4.34,48.9,False,True
ST003,899,6,77510.03,2.19,2.19,47.8,False,True
ST003,900,6,63908.39,1.56,1.56,50.1,False,False
ST003,901,6,127109.81,3.68,3.68,52.9,False,False
ST003,902,6,38942.6,0.71,0.71,43.5,False,True
ST003,903,6,98031.55,2.26,2.26,55.5,False,False
ST003,904,6,0.0,0.0,0.0,52.3,True,False
ST003,905,6,22259.47,0.33,0.33,49.4,False,True
ST003,906,6,112082.83,2.74,2.74,47.2,False,True
ST003,907,6,46803.48,0.85,0.85,52.9,False,False
ST003,908,6,153835.18,5.13,5.1,52.6,False,False
ST003,909,6,42926.53,0.88,0.88,48.6,False,True
ST003,910,6,146588.36,4.99,4.99,48.1,False,True
ST003,911,6,121024.74,3.11,3.11,52.6,False,False
ST003,912,6,119783.69,3.11,3.11,53.9,False,False
ST003,913,6,0.0,0.0,0.0,56.1,True,False
ST003,914,6,47642.78,1.19,1.19,48.3,False,True
ST003,915,6,0.0,0.0,0.0,47.1,True,True
ST003,916,6,111414.93,2.42,2.42,52.7,False,False
ST003,917,6,137267.9,4.23,4.23,53.1,False,False
ST003,918,6,75138.75,1.63,1.63,45.4,False,True
ST003,919,6,50645.44,0.94,0.94,54.5,False,False
ST003,920,6,141910.15,4.63,4.52,55.5,False,False
ST003,921,6,2999.04,0.04,0.04,39.4,False,True
ST003,922,6,102999.41,2.43,2.43,43.8,False,True
ST003,923,6,67745.89,1.41,1.41,52.1,False,False
ST003,924,6,163979.11,7.03,5.37,58.5,False,False
ST003,925,6,0.0,0.0,0.0,53.5,True,False
ST003,926,6,94479.57,2.68,2.67,57.4,False,False
ST003,927,6,23278.82,0.49,0.49,56.7,False,False
ST003,928,6,1041.41,0.02,0.02,54.7,False,False
ST003,929,6,34620.79,0.56,0.56,52.8,False,False
ST003,930,6,102283.7,2.88,2.88,50.2,False,False
ST003,931,6,89808.97,1.8,1.8,47.3,False,True
ST003,932,6,60800.95,0.99,0.99,43.9,False,True
ST003,933,6,97831.06,2.91,2.82,52.4,False,False
ST003,934,6,126303.17,2.67,2.67,50.7,False,False
ST003,935,6,92472.99,2.35,2.35,53.3,False,False
ST003,936,6,111365.1,3.16,3.16,42.0,False,True
ST003,937,6,124691.97,2.76,2.76,40.4,False,True
ST003,938,6,99598.51,2.92,2.92,51.4,False,False
ST003,939,6,49758.01,0.87,0.87,51.0,False,False
ST003,940,6,121893.41,4.62,4.62,51.5,False,False
ST003,941,6,86794.39,2.68,2.68,64.2,False,False
ST003,942,6,0.0,0.0,0.0,54.5,True,False
ST003,943,6,134617.46,3.64,3.64,56.8,False,False
ST003,944,6,116007.23,3.09,3.09,52.2,False,False
ST003,945,6,0.0,0.0,0.0,52.4,True,False
ST003,946,6,19494.75,0.31,0.31,46.8,False,True
ST003,947,6,129242.31,4.16,3.64,61.4,False,False
ST003,948,6,55019.49,1.48,1.48,50.4,False,False
ST003,949,6,53302.56,1.08,1.08,50.5,False,False
ST003,950,6,0.0,0.0,0.0,53.3,True,False
ST003,951,6,100506.5,2.31,2.31,53.0,False,False
ST003,952,6,47254.92,1.09,1.09,52.2,False,False
ST003,953,6,120389.13,3.81,3.71,50.1,False,False
ST003,954,6,378.36,0.01,0.01,45.1,False,True
ST003,955,6,100735.62,2.58,2.58,46.0,False,True
ST003,956,6,97581.6,1.83,1.83,54.7,False,False
ST003,957,6,138454.41,4.34,4.34,46.8,False,True
ST003,958,6,141673.92,5.39,4.92,50.0,False,False
ST003,959,6,124195.96,4.05,3.66,53.0,False,False
ST003,960,6,115480.5,2.89,2.79,50.4,False,False
ST003,961,6,0.0,0.0,0.0,50.8,True,False
ST003,962,6,44271.15,0.74,0.74,46.5,False,True
ST003,963,6,29274.62,0.63,0.63,51.6,False,False
ST003,964,6,84839.3,2.09,2.09,43.3,False,True
ST003,965,6,67680.55,1.19,1.19,50.9,False,False
ST003,966,6,8542.43,0.11,0.11,45.1,False,True
ST003,967,6,87318.85,1.59,1.59,46.8,False,True
ST003,968,6,134651.24,3.42,3.42,46.3,False,True
ST003,969,6,92019.33,1.99,1.99,44.9,False,True
ST003,970,6,67718.61,1.84,1.84,56.5,False,False
ST003,971,6,37072.61,0.98,0.98,53.6,False,False
ST003,972,6,0.0,0.0,0.0,44.6,True,True
ST003,973,6,121624.56,3.41,3.41,45.0,False,True
ST003,974,6,104517.18,2.91,2.91,42.1,False,True
ST003,975,6,0.0,0.0,0.0,43.1,True,True
ST003,976,6,86718.6,1.71,1.71,48.2,False,True
ST003,977,6,61612.77,1.31,1.31,46.9,False,True
ST003,978,6,87572.12,2.38,2.38,51.2,False,False
ST003,979,6,138707.78,4.92,4.61,55.3,False,False
ST003,980,6,91461.7,2.13,2.13,52.7,False,False
ST003,981,6,92573.47,1.79,1.79,49.8,False,True
ST003,982,6,24894.98,0.38,0.38,52.9,False,False
ST003,983,6,18107.32,0.28,0.28,53.0,False,False
ST003,984,6,32321.14,0.66,0.66,49.0,False,True
ST003,985,6,0.0,0.0,0.0,48.8,True,True
ST003,986,6,52437.56,1.14,1.14,53.0,False,False
ST003,987,6,169897.43,8.08,5.55,62.2,False,False
ST003,988,6,93696.56,2.65,2.65,59.1,False,False
ST003,989,6,52999.77,1.06,1.06,46.4,False,True
ST003,990,6,31535.16,0.47,0.47,57.2,False,False
ST003,991,6,122724.62,4.88,4.86,58.1,False,False
ST003,992,6,0.0,0.0,0.0,49.1,True,True
ST003,993,6,0.0,0.0,0.0,50.3,True,False
ST003,994,6,110337.75,2.98,2.98,47.6,False,True
ST003,995,6,28001.29,0.48,0.48,56.4,False,False
ST003,996,6,0.0,0.0,0.0,56.2,True,False
ST003,997,6,55574.29,1.21,1.21,59.7,False,False
ST003,998,6,75191.78,2.29,2.29,44.5,False,True
ST003,999,6,87571.03,2.29,2.29,48.1,False,True
ST003,1000,6,62156.05,1.59,1.59,49.7,False,True
ST004,1,6,1426922.44,42.32,28.86,61.6,False,False
ST004,2,6,1257061.17,17.14,15.88,57.7,False,False
ST004,3,6,1396103.94,32.2,27.59,62.4,False,False
ST004,4,6,1406439.61,22.31,22.31,59.0,False,False
ST004,5,6,1207815.68,11.92,11.92,43.4,False,True
ST004,6,6,1355564.02,19.7,19.7,67.3,False,False
ST004,7,6,1245758.04,16.68,15.97,63.3,False,False
ST004,8,6,1390965.47,27.09,27.09,66.5,False,False
ST004,9,6,1321593.18,16.15,16.15,61.3,False,False
ST004,10,6,1349801.01,20.22,20.22,62.4,False,False
ST004,11,6,1391015.6,23.84,23.84,59.7,False,False
ST004,12,6,1429849.82,29.35,28.63,61.5,False,False
ST004,13,6,1365206.2,30.35,23.88,63.8,False,False
ST004,14,6,1285080.31,16.87,15.69,56.3,False,False
ST004,15,6,1431972.69,34.11,29.79,56.1,False,False
ST004,16,6,1362762.62,22.33,22.33,64.2,False,False
ST004,17,6,1412502.65,32.18,29.11,71.9,False,False
ST004,18,6,1310482.33,20.96,20.83,68.6,False,False
ST004,19,6,1285339.92,14.97,14.97,52.0,False,False
ST004,20,6,1291132.48,16.53,16.53,64.0,False,False
ST004,21,6,1426839.33,29.45,29.45,60.2,False,False
ST004,22,6,1422711.67,32.25,29.27,71.9,False,False
ST004,23,6,1367302.36,22.38,22.38,68.7,False,False
ST004,24,6,1338490.56,19.0,19.0,64.0,False,False
ST004,25,6,1403357.81,22.81,22.81,58.5,False,False
ST004,26,6,1371745.14,26.77,25.86,69.2,False,False
ST004,27,6,1356543.79,21.91,20.86,66.6,False,False
ST004,28,6,1429950.73,34.22,29.79,60.5,False,False
ST004,29,6,1291968.23,18.35,18.35,63.4,False,False
ST004,30,6,1279391.9,14.62,14.62,61.5,False,False
ST004,31,6,1428148.73,32.77,29.79,59.0,False,False
ST004,32,6,1261550.92,18.97,16.24,62.1,False,False
ST004,33,6,1446913.8,33.84,29.79,70.5,False,False
ST004,34,6,1233325.04,16.73,15.72,68.1,False,False
ST004,35,6,1411698.86,24.54,24.54,72.2,False,False
ST004,36,6,1411511.91,27.3,27.3,75.3,False,False
ST004,37,6,1353376.82,24.76,22.54,61.6,False,False
ST004,38,6,1340090.37,21.33,21.33,66.5,False,False
ST004,39,6,1436158.08,33.89,29.76,61.0,False,False
ST004,40,6,1354206.13,20.62,20.62,62.6,False,False
ST004,41,6,1350681.79,22.1,21.04,63.2,False,False
ST004,42,6,1308909.33,21.8,19.38,63.4,False,False
ST004,43,6,1384980.68,23.28,23.28,64.0,False,False
ST004,44,6,1357458.48,22.21,21.81,73.0,False,False
ST004,45,6,1291885.67,19.25,18.88,71.0,False,False
ST004,46,6,1423683.71,33.01,29.79,66.8,False,False
ST004,47,6,1301684.7,18.22,17.25,66.7,False,False
ST004,48,6,1218351.74,12.41,12.41,57.2,False,False
ST004,49,6,1413335.19,28.65,28.65,63.0,False,False
ST004,50,6,1400594.35,24.28,24.28,63.6,False,False
ST004,51,6,1344592.46,23.15,21.07,62.3,False,False
ST004,52,6,1390363.18,33.92,25.72,71.3,False,False
ST004,53,6,1288662.83,21.59,18.77,65.6,False,False
ST004,54,6,1308573.06,20.29,19.21,67.9,False,False
ST004,55,6,1355876.95,24.18,22.17,55.9,False,False
ST004,56,6,1379159.34,27.98,24.99,65.2,False,False
ST004,57,6,1285438.83,17.26,17.26,60.2,False,False
ST004,58,6,1254887.1,15.37,15.37,59.0,False,False
ST004,59,6,1373025.99,28.91,22.49,65.9,False,False
ST004,60,6,1316257.11,21.6,19.78,56.0,False,False
ST004,61,6,1237394.98,14.22,14.22,48.1,False,True
ST004,62,6,1393089.49,25.59,25.59,58.6,False,False
ST004,63,6,1277515.74,18.96,17.46,61.8,False,False
ST004,64,6,1239178.14,14.84,14.84,58.7,False,False
ST004,65,6,1334942.18,21.52,20.68,67.2,False,False
ST004,66,6,1438108.33,32.01,29.79,66.1,False,False
ST004,67,6,1260841.75,16.31,16.31,62.8,False,False
ST004,68,6,1451090.23,38.21,29.79,67.0,False,False
ST004,69,6,1309863.38,19.09,19.09,61.6,False,False
ST004,70,6,1337497.32,19.84,19.84,64.0,False,False
ST004,71,6,1328754.97,19.32,19.32,60.0,False,False
ST004,72,6,1367043.77,25.39,23.49,67.1,False,False
ST004,73,6,1290908.45,20.96,19.27,58.7,False,False
ST004,74,6,1365134.41,21.45,21.45,67.5,False,False
ST004,75,6,1417991.66,29.35,28.94,69.4,False,False
ST004,76,6,1385394.72,23.89,23.89,63.0,False,False
ST004,77,6,1384385.86,24.84,22.62,69.5,False,False
ST004,78,6,1323848.31,23.25,20.45,71.5,False,False
ST004,79,6,1401606.47,31.73,26.85,59.1,False,False
ST004,80,6,1365545.71,27.47,23.92,61.1,False,False
ST004,81,6,1170179.6,10.44,10.44,54.9,False,False
ST004,82,6,1383149.81,24.96,24.96,65.6,False,False
ST004,83,6,1320254.41,18.86,17.91,64.8,False,False
ST004,84,6,1265947.48,17.03,16.72,65.0,False,False
ST004,85,6,1318132.52,18.45,18.45,72.7,False,False
ST004,86,6,1376601.7,24.77,24.77,60.9,False,False
ST004,87,6,1381362.91,25.18,25.18,67.2,False,False
ST004,88,6,1354585.6,19.96,19.96,69.5,False,False
ST004,89,6,1316836.1,18.36,18.36,64.4,False,False
ST004,90,6,1384510.55,24.55,24.55,64.7,False,False
ST004,91,6,1334054.7,24.19,20.7,60.7,False,False
ST004,92,6,1330876.86,19.22,18.36,64.2,False,False
ST004,93,6,1422071.9,34.12,29.0,65.0,False,False
ST004,94,6,1385395.71,24.53,24.53,57.3,False,False
ST004,95,6,1317264.32,20.24,19.46,72.0,False,False
ST004,96,6,1317615.97,16.56,16.56,60.3,False,False
ST004,97,6,1375853.33,24.62,22.45,60.6,False,False
ST004,98,6,1312548.22,17.82,17.57,67.6,False,False
ST004,99,6,1439122.04,39.59,29.79,66.9,False,False
ST004,100,6,1371418.14,26.22,23.39,61.9,False,False
ST004,101,6,1251707.98,13.95,13.95,59.7,False,False
ST004,102,6,1360963.31,27.24,23.71,66.5,False,False
ST004,103,6,1393020.18,27.17,25.54,66.6,False,False
ST004,104,6,1400247.28,25.99,25.99,58.4,False,False
ST004,105,6,1340188.19,22.72,20.73,66.8,False,False
ST004,106,6,1392468.8,30.71,25.57,65.3,False,False
ST004,107,6,1384697.26,30.04,25.8,62.1,False,False
ST004,108,6,1329037.94,19.39,19.39,65.9,False,False
ST004,109,6,1316255.53,20.45,20.45,69.6,False,False
ST004,110,6,1289544.11,14.64,14.64,49.3,False,True
ST004,111,6,1371430.1,27.26,25.59,61.3,False,False
ST004,112,6,1342088.62,19.22,19.22,59.2,False,False
ST004,113,6,1427592.15,30.75,25.25,60.6,False,False
ST004,114,6,1382018.04,24.22,24.22,63.6,False,False
ST004,115,6,1367993.91,23.46,23.37,66.0,False,False
ST004,116,6,1459535.14,41.5,29.79,67.7,False,False
ST004,117,6,1389157.38,32.54,24.82,64.7,False,False
ST004,118,6,1276300.88,13.75,13.75,61.2,False,False
ST004,119,6,1343067.03,16.68,16.68,64.7,False,False
ST004,120,6,1348906.54,20.9,20.9,63.6,False,False
ST004,121,6,1367994.41,23.73,21.54,67.0,False,False
ST004,122,6,1439763.55,42.68,28.59,59.4,False,False
ST004,123,6,1310169.86,19.22,19.22,66.5,False,False
ST004,124,6,1312405.83,16.03,16.03,57.0,False,False
ST004,125,6,1344447.72,20.73,20.73,62.4,False,False
ST004,126,6,1386653.72,26.02,23.6,68.5,False,False
ST004,127,6,1386566.02,34.0,24.74,62.7,False,False
ST004,128,6,1386558.46,33.04,26.71,68.6,False,False
ST004,129,6,1345105.99,20.71,20.71,62.8,False,False
ST004,130,6,1395937.22,23.9,23.9,65.7,False,False
ST004,131,6,1276692.88,15.22,15.22,58.6,False,False
ST004,132,6,1270751.65,17.88,16.45,60.8,False,False
ST004,133,6,1311352.15,22.48,19.91,58.3,False,False
ST004,134,6,1288877.93,19.49,19.27,69.2,False,False
ST004,135,6,1435049.7,33.85,29.79,68.7,False,False
ST004,136,6,1428275.87,38.11,29.69,65.8,False,False
ST004,137,6,1287572.15,16.44,16.44,64.7,False,False
ST004,138,6,1297353.06,17.9,16.56,52.8,False,False
ST004,139,6,1324033.11,22.3,20.4,64.5,False,False
ST004,140,6,1250332.03,13.93,13.93,52.3,False,False
ST004,141,6,1410642.68,33.47,29.79,56.3,False,False
ST004,142,6,1312145.56,22.11,19.45,66.6,False,False
ST004,143,6,1424231.45,36.73,29.79,59.4,False,False
ST004,144,6,1455890.46,40.34,29.79,66.1,False,False
ST004,145,6,1402673.63,29.38,26.6,59.9,False,False
ST004,146,6,1392484.06,27.41,24.47,62.9,False,False
ST004,147,6,1273634.31,17.23,17.23,61.4,False,False
ST004,148,6,1371738.61,23.0,23.0,70.2,False,False
ST004,149,6,1323630.84,18.96,18.96,56.4,False,False
ST004,150,6,1393226.45,23.53,22.58,60.2,False,False
ST004,151,6,1419016.02,30.98,27.48,65.7,False,False
ST004,152,6,1403768.21,38.78,24.34,58.0,False,False
ST004,153,6,1272947.09,14.11,14.11,56.2,False,False
ST004,154,6,1372000.19,24.45,23.67,61.6,False,False
ST004,155,6,1335251.88,20.21,20.21,60.8,False,False
ST004,156,6,1430597.3,34.84,29.79,68.3,False,False
ST004,157,6,1311391.61,18.97,18.97,67.5,False,False
ST004,158,6,1383885.89,26.89,24.48,59.3,False,False
ST004,159,6,1423228.5,34.66,29.79,57.2,False,False
ST004,160,6,1370533.54,20.57,20.57,57.6,False,False
ST004,161,6,1393190.1,30.09,26.19,64.1,False,False
ST004,162,6,1389149.42,24.62,24.62,70.1,False,False
ST004,163,6,1400430.89,36.44,26.17,65.1,False,False
ST004,164,6,1335171.43,22.98,21.94,56.6,False,False
ST004,165,6,1401760.72,30.32,24.87,68.8,False,False
ST004,166,6,1372086.99,22.68,22.68,62.0,False,False
ST004,167,6,1442752.18,37.68,29.79,53.9,False,False
ST004,168,6,1355258.08,29.63,24.29,56.1,False,False
ST004,169,6,1393423.08,30.61,25.33,64.5,False,False
ST004,170,6,1289359.28,15.72,15.72,65.5,False,False
ST004,171,6,1367419.08,24.47,24.23,64.3,False,False
ST004,172,6,1382807.49,23.38,23.38,72.8,False,False
ST004,173,6,1369689.0,22.75,22.75,59.2,False,False
ST004,174,6,1437180.44,35.86,29.79,69.0,False,False
ST004,175,6,1442983.49,41.7,28.69,59.8,False,False
ST004,176,6,1341277.67,18.77,18.77,68.1,False,False
ST004,177,6,1197207.58,10.55,10.55,48.1,False,True
ST004,178,6,1243862.79,15.7,14.97,63.6,False,False
ST004,179,6,1280901.99,16.66,16.66,52.5,False,False
ST004,180,6,1449145.47,35.82,29.79,58.4,False,False
ST004,181,6,1461124.87,42.62,29.79,65.6,False,False
ST004,182,6,1314691.57,21.11,19.65,66.4,False,False
ST004,183,6,1305315.77,18.31,16.84,63.1,False,False
ST004,184,6,1335132.37,20.94,20.05,58.7,False,False
ST004,185,6,1467033.9,46.99,29.79,64.1,False,False
ST004,186,6,1369810.08,26.05,22.67,68.7,False,False
ST004,187,6,1401620.16,31.71,28.02,62.8,False,False
ST004,188,6,1181702.5,11.78,11.78,56.3,False,False
ST004,189,6,1299181.08,15.97,15.97,57.7,False,False
ST004,190,6,1436001.52,30.48,29.79,58.7,False,False
ST004,191,6,1354744.06,21.96,21.96,63.2,False,False
ST004,192,6,1297793.58,17.31,17.31,61.4,False,False
ST004,193,6,1393389.63,34.2,26.78,66.7,False,False
ST004,194,6,1236630.82,14.21,14.21,55.0,False,False
ST004,195,6,1258682.54,19.67,16.77,64.1,False,False
ST004,196,6,1283404.93,16.35,16.35,56.4,False,False
ST004,197,6,1390405.65,29.41,26.21,67.0,False,False
ST004,198,6,1480795.76,48.59,29.79,62.2,False,False
ST004,199,6,1367146.68,27.54,22.66,65.1,False,False
ST004,200,6,1336225.52,22.54,20.56,65.5,False,False
ST004,201,6,1419887.52,25.17,25.17,59.1,False,False
ST004,202,6,1391865.94,32.64,26.02,62.7,False,False
ST004,203,6,1448753.33,41.51,29.67,73.8,False,False
ST004,204,6,1425875.47,39.12,29.6,58.9,False,False
ST004,205,6,1314915.18,16.53,16.53,66.4,False,False
ST004,206,6,1350063.33,19.47,19.47,66.8,False,False
ST004,207,6,1407263.67,34.68,27.17,59.9,False,False
ST004,208,6,1408743.19,28.27,28.27,60.5,False,False
ST004,209,6,1392682.42,24.85,24.85,55.1,False,False
ST004,210,6,1344139.7,21.31,19.54,64.6,False,False
ST004,211,6,1431072.07,38.94,29.32,63.7,False,False
ST004,212,6,1351703.64,29.98,21.87,55.3,False,False
ST004,213,6,1473084.85,50.8,29.79,56.9,False,False
ST004,214,6,1321012.18,23.22,20.88,63.4,False,False
ST004,215,6,1416537.83,34.39,28.03,54.3,False,False
ST004,216,6,1273300.91,18.12,17.69,68.5,False,False
ST004,217,6,1362543.3,29.86,24.36,65.4,False,False
ST004,218,6,1321280.57,18.3,18.3,65.2,False,False
ST004,219,6,1371100.76,21.06,20.11,63.2,False,False
ST004,220,6,1346332.59,27.15,23.38,63.5,False,False
ST004,221,6,1405184.66,32.69,26.92,61.9,False,False
ST004,222,6,1344676.18,28.16,21.19,61.5,False,False
ST004,223,6,1372737.95,23.05,22.39,63.4,False,False
ST004,224,6,1355617.88,25.57,22.05,63.5,False,False
ST004,225,6,1351206.89,26.72,24.29,58.9,False,False
ST004,226,6,1340070.58,21.71,21.71,61.9,False,False
ST004,227,6,1410175.06,35.67,25.27,65.2,False,False
ST004,228,6,1321649.62,22.75,19.56,63.4,False,False
ST004,229,6,1255909.86,16.5,15.36,68.1,False,False
ST004,230,6,1260498.96,13.75,13.75,58.7,False,False
ST004,231,6,1435017.9,34.72,29.79,62.9,False,False
ST004,232,6,1388037.84,30.86,23.78,62.8,False,False
ST004,233,6,1432573.94,36.08,29.79,62.2,False,False
ST004,234,6,1352622.06,18.87,18.87,64.4,False,False
ST004,235,6,1258202.39,12.76,12.76,57.2,False,False
ST004,236,6,1371440.75,30.25,23.48,64.0,False,False
ST004,237,6,1258131.95,15.11,15.11,57.8,False,False
ST004,238,6,1349401.91,21.22,21.22,66.9,False,False
ST004,239,6,1468452.29,41.45,29.79,72.7,False,False
ST004,240,6,1418768.65,33.97,27.45,63.6,False,False
ST004,241,6,1283501.66,16.92,16.92,60.2,False,False
ST004,242,6,1254135.88,13.6,13.6,68.1,False,False
ST004,243,6,1365138.96,29.57,24.35,57.7,False,False
ST004,244,6,1392847.19,24.04,23.45,66.4,False,False
ST004,245,6,1407987.1,28.06,28.06,54.6,False,False
ST004,246,6,1407356.97,26.27,24.81,61.3,False,False
ST004,247,6,1338021.88,21.78,21.78,57.0,False,False
ST004,248,6,1354000.46,22.64,22.64,67.1,False,False
ST004,249,6,1391470.24,27.34,27.34,68.5,False,False
ST004,250,6,1401378.2,32.88,26.69,65.0,False,False
ST004,251,6,1358365.7,27.84,23.28,68.0,False,False
ST004,252,6,1324152.2,25.25,20.35,69.9,False,False
ST004,253,6,1277321.24,18.35,18.35,65.6,False,False
ST004,254,6,1440534.42,41.88,29.61,63.2,False,False
ST004,255,6,1359729.44,18.94,18.94,62.3,False,False
ST004,256,6,1335762.21,18.07,18.07,67.1,False,False
ST004,257,6,1384832.73,24.58,22.35,58.5,False,False
ST004,258,6,1389334.8,25.64,24.41,61.6,False,False
ST004,259,6,1346182.89,23.62,21.54,62.6,False,False
ST004,260,6,1354709.52,18.52,18.52,62.8,False,False
ST004,261,6,1426660.87,37.01,29.69,64.1,False,False
ST004,262,6,1321123.67,22.43,20.49,67.6,False,False
ST004,263,6,1450405.12,34.96,29.79,60.3,False,False
ST004,264,6,1233898.19,14.21,14.21,64.9,False,False
ST004,265,6,1257381.72,16.05,15.18,58.3,False,False
ST004,266,6,1254443.88,14.28,14.28,58.0,False,False
ST004,267,6,1376383.4,26.08,26.08,65.9,False,False
ST004,268,6,1328048.14,23.84,21.4,58.9,False,False
ST004,269,6,1337812.46,19.92,19.92,56.7,False,False
ST004,270,6,1401297.22,26.23,26.23,72.6,False,False
ST004,271,6,1462134.5,35.33,29.79,65.0,False,False
ST004,272,6,1376364.73,26.42,25.45,60.7,False,False
ST004,273,6,1339428.23,22.8,21.66,58.9,False,False
ST004,274,6,1315600.13,23.6,20.62,72.6,False,False
ST004,275,6,1451119.59,36.35,29.79,63.2,False,False
ST004,276,6,1361197.43,28.68,24.1,59.7,False,False
ST004,277,6,1360884.62,23.36,22.63,64.4,False,False
ST004,278,6,1430170.46,33.88,29.79,63.4,False,False
ST004,279,6,1331539.77,17.19,17.19,58.8,False,False
ST004,280,6,1355540.0,23.86,23.1,65.0,False,False
ST004,281,6,1369870.83,26.87,25.14,61.5,False,False
ST004,282,6,1295934.96,15.64,15.64,66.5,False,False
ST004,283,6,1332572.38,19.31,19.31,73.3,False,False
ST004,284,6,1289521.54,16.46,16.46,67.8,False,False
ST004,285,6,1423985.5,29.77,29.77,58.6,False,False
ST004,286,6,1439553.43,33.95,29.79,65.8,False,False
ST004,287,6,1433854.8,31.02,28.72,61.4,False,False
ST004,288,6,1407175.2,35.59,26.47,67.9,False,False
ST004,289,6,1423335.9,33.64,29.79,64.3,False,False
ST004,290,6,1321139.68,20.07,20.07,63.8,False,False
ST004,291,6,1392647.88,33.01,24.11,55.1,False,False
ST004,292,6,1374453.73,24.0,24.0,54.8,False,False
ST004,293,6,1454915.36,43.2,29.79,57.4,False,False
ST004,294,6,1421862.99,30.46,29.79,63.5,False,False
ST004,295,6,1442155.16,37.22,28.81,67.7,False,False
ST004,296,6,1285907.55,16.81,16.81,63.4,False,False
ST004,297,6,1318220.74,20.99,19.2,62.9,False,False
ST004,298,6,1300841.74,20.44,19.24,63.5,False,False
ST004,299,6,1343220.66,18.43,18.43,62.5,False,False
ST004,300,6,1281949.29,19.9,17.26,63.9,False,False
ST004,301,6,1362865.9,24.78,22.4,61.9,False,False
ST004,302,6,1380644.01,26.35,24.75,61.4,False,False
ST004,303,6,1313263.88,21.55,19.67,60.5,False,False
ST004,304,6,1443510.94,37.07,28.0,57.9,False,False
ST004,305,6,1362730.21,21.5,21.5,61.9,False,False
ST004,306,6,1362013.99,25.07,24.37,66.8,False,False
ST004,307,6,1308078.23,19.8,18.21,65.0,False,False
ST004,308,6,1413276.74,28.0,28.0,64.6,False,False
ST004,309,6,1377337.37,28.63,25.98,64.5,False,False
ST004,310,6,1254805.93,15.96,14.78,61.4,False,False
ST004,311,6,1257306.75,17.15,17.15,65.3,False,False
ST004,312,6,1323054.31,16.52,16.52,62.7,False,False
ST004,313,6,1403556.97,27.84,27.84,60.2,False,False
ST004,314,6,1390017.09,31.66,26.69,70.5,False,False
ST004,315,6,1306810.74,18.23,16.79,66.1,False,False
ST004,316,6,1297714.85,15.6,15.6,55.9,False,False
ST004,317,6,1374055.25,27.38,24.91,65.1,False,False
ST004,318,6,1393202.7,22.71,22.71,63.3,False,False
ST004,319,6,1379254.04,27.49,25.32,68.7,False,False
ST004,320,6,1381015.29,23.69,23.69,55.7,False,False
ST004,321,6,1205284.35,12.94,12.94,59.6,False,False
ST004,322,6,1426615.04,29.89,29.79,69.7,False,False
ST004,323,6,1324688.6,25.58,21.27,62.2,False,False
ST004,324,6,1238533.43,17.17,15.88,69.9,False,False
ST004,325,6,1364716.32,26.48,23.65,62.5,False,False
ST004,326,6,1432905.14,38.57,29.79,73.0,False,False
ST004,327,6,1406403.44,25.14,25.14,63.9,False,False
ST004,328,6,1312917.49,15.51,15.51,60.8,False,False
ST004,329,6,1367825.02,20.15,20.15,65.7,False,False
ST004,330,6,1411799.12,26.96,26.96,65.3,False,False
ST004,331,6,1417141.44,31.24,27.29,64.5,False,False
ST004,332,6,1250600.55,17.29,16.67,61.8,False,False
ST004,333,6,1363793.99,22.52,22.52,70.6,False,False
ST004,334,6,1329690.2,19.74,19.74,64.1,False,False
ST004,335,6,1372465.02,23.54,23.54,65.2,False,False
ST004,336,6,1378653.34,25.07,25.07,64.9,False,False
ST004,337,6,1409139.54,32.72,27.12,55.3,False,False
ST004,338,6,1451352.24,36.58,29.79,64.8,False,False
ST004,339,6,1406977.57,32.16,28.47,71.8,False,False
ST004,340,6,1296627.57,18.72,17.22,62.5,False,False
ST004,341,6,1335452.25,18.66,18.66,64.8,False,False
ST004,342,6,1338321.48,21.57,21.57,64.8,False,False
ST004,343,6,1366835.17,26.93,24.48,68.7,False,False
ST004,344,6,1312547.79,15.73,15.73,60.0,False,False
ST004,345,6,1429445.77,34.67,29.36,67.7,False,False
ST004,346,6,1370104.63,21.99,21.99,64.9,False,False
ST004,347,6,1217967.48,16.84,15.72,58.6,False,False
ST004,348,6,1465971.7,41.14,29.79,64.8,False,False
ST004,349,6,1371603.41,25.91,23.61,63.0,False,False
ST004,350,6,1442628.77,37.4,29.0,70.2,False,False
ST004,351,6,1309066.03,19.5,17.95,65.2,False,False
ST004,352,6,1417590.32,31.86,28.77,63.6,False,False
ST004,353,6,1313269.02,20.32,18.61,62.6,False,False
ST004,354,6,1377724.83,19.98,19.98,63.3,False,False
ST004,355,6,1345403.68,21.31,21.31,60.5,False,False
ST004,356,6,1229384.22,12.19,12.19,60.0,False,False
ST004,357,6,1413693.51,36.11,28.67,66.9,False,False
ST004,358,6,1355737.82,19.57,19.57,69.4,False,False
ST004,359,6,1369766.89,20.36,20.36,62.9,False,False
ST004,360,6,1412361.83,35.47,26.94,63.0,False,False
ST004,361,6,1331134.37,22.06,20.52,60.5,False,False
ST004,362,6,1282877.67,17.95,16.59,66.4,False,False
ST004,363,6,1322605.31,17.86,17.86,68.9,False,False
ST004,364,6,1409892.6,30.74,28.52,57.2,False,False
ST004,365,6,1317622.83,19.69,18.15,67.0,False,False
ST004,366,6,1383640.7,26.07,24.34,64.2,False,False
ST004,367,6,1345067.07,19.36,19.36,57.0,False,False
ST004,368,6,1259640.31,15.27,15.22,60.8,False,False
ST004,369,6,1346481.54,18.86,18.86,67.7,False,False
ST004,370,6,1354691.16,22.36,20.39,68.9,False,False
ST004,371,6,1387649.59,32.75,25.71,64.1,False,False
ST004,372,6,1328875.68,21.39,20.84,65.0,False,False
ST004,373,6,1363379.47,26.05,24.86,64.1,False,False
ST004,374,6,1379818.11,28.12,26.18,59.8,False,False
ST004,375,6,1353833.83,18.9,18.9,56.1,False,False
ST004,376,6,1300518.19,21.53,18.08,69.0,False,False
ST004,377,6,1407934.16,26.81,26.81,53.2,False,False
ST004,378,6,1239744.7,13.48,13.48,56.1,False,False
ST004,379,6,1333953.9,19.67,19.67,68.7,False,False
ST004,380,6,1311368.76,22.1,18.65,62.1,False,False
ST004,381,6,1273521.73,15.97,15.97,64.1,False,False
ST004,382,6,1317869.1,19.51,19.51,61.8,False,False
ST004,383,6,1339027.43,21.62,20.98,56.5,False,False
ST004,384,6,1262657.51,18.05,17.28,57.8,False,False
ST004,385,6,1323171.91,21.27,20.79,59.1,False,False
ST004,386,6,1415691.31,29.34,28.88,60.0,False,False
ST004,387,6,1414226.63,33.78,24.37,63.3,False,False
ST004,388,6,1325155.25,21.97,20.09,57.3,False,False
ST004,389,6,1271420.54,14.71,14.71,58.5,False,False
ST004,390,6,1284113.52,19.98,16.91,65.9,False,False
ST004,391,6,1355687.12,25.96,23.79,64.9,False,False
ST004,392,6,1307548.89,15.19,15.19,58.3,False,False
ST004,393,6,1376797.27,31.54,24.22,65.1,False,False
ST004,394,6,1281883.12,16.42,16.42,68.8,False,False
ST004,395,6,1334912.95,24.56,21.26,67.8,False,False
ST004,396,6,1413007.62,33.83,26.8,68.0,False,False
ST004,397,6,1268986.44,13.11,13.11,54.6,False,False
ST004,398,6,1344523.41,21.6,19.74,64.8,False,False
ST004,399,6,1452478.75,39.63,29.79,67.5,False,False
ST004,400,6,1275402.75,15.32,15.32,71.0,False,False
ST004,401,6,1397559.14,28.69,25.82,66.6,False,False
ST004,402,6,1188313.84,12.19,12.19,49.0,False,True
ST004,403,6,1444839.55,42.19,29.79,57.9,False,False
ST004,404,6,1396645.83,34.6,27.08,65.0,False,False
ST004,405,6,1305857.78,21.17,18.93,62.3,False,False
ST004,406,6,1395455.53,33.56,27.06,63.0,False,False
ST004,407,6,1224186.35,14.97,14.97,53.2,False,False
ST004,408,6,1446070.42,39.32,29.79,65.4,False,False
ST004,409,6,1382650.07,23.73,23.73,68.0,False,False
ST004,410,6,1315695.68,23.23,20.36,62.1,False,False
ST004,411,6,1391622.29,25.02,25.02,57.7,False,False
ST004,412,6,1307891.6,19.41,17.87,68.6,False,False
ST004,413,6,1349839.02,23.59,21.57,63.8,False,False
ST004,414,6,1318866.65,18.36,18.36,62.2,False,False
ST004,415,6,1314501.7,17.22,17.22,56.5,False,False
ST004,416,6,1354185.68,18.68,18.68,60.8,False,False
ST004,417,6,1352114.22,21.66,21.66,59.0,False,False
ST004,418,6,1337456.94,21.4,19.64,67.9,False,False
ST004,419,6,1322779.83,22.75,20.73,55.8,False,False
ST004,420,6,1382741.12,22.09,22.09,60.6,False,False
ST004,421,6,1304678.84,19.3,17.77,61.3,False,False
ST004,422,6,1323878.73,19.3,17.74,61.6,False,False
ST004,423,6,1266238.36,15.95,15.95,61.3,False,False
ST004,424,6,1361476.78,24.7,23.97,56.6,False,False
ST004,425,6,1346700.51,20.57,18.91,66.8,False,False
ST004,426,6,1380425.97,32.55,23.24,61.2,False,False
ST004,427,6,1398042.69,26.8,26.8,67.7,False,False
ST004,428,6,1453047.56,33.08,29.79,70.4,False,False
ST004,429,6,1332509.75,19.33,19.33,64.8,False,False
ST004,430,6,1390074.16,28.24,24.6,59.2,False,False
ST004,431,6,1446406.17,38.92,29.79,64.4,False,False
ST004,432,6,1385463.01,27.09,24.94,55.7,False,False
ST004,433,6,1337017.1,23.91,20.67,66.4,False,False
ST004,434,6,1328580.81,22.4,21.22,67.6,False,False
ST004,435,6,1361261.21,22.23,22.23,66.9,False,False
ST004,436,6,1425102.57,38.63,28.21,62.3,False,False
ST004,437,6,1387505.02,25.14,24.67,66.6,False,False
ST004,438,6,1377160.46,26.02,25.57,58.5,False,False
ST004,439,6,1327386.42,23.84,20.95,72.4,False,False
ST004,440,6,1222468.2,14.14,14.14,57.2,False,False
ST004,441,6,1374937.13,26.22,25.23,68.2,False,False
ST004,442,6,1224700.84,14.72,14.7,58.0,False,False
ST004,443,6,1327309.32,19.95,19.95,73.5,False,False
ST004,444,6,1379053.0,26.72,24.25,63.8,False,False
ST004,445,6,1444462.17,36.09,29.79,65.2,False,False
ST004,446,6,1419793.38,32.48,29.66,58.3,False,False
ST004,447,6,1381282.8,23.59,23.59,67.0,False,False
ST004,448,6,1330352.07,17.47,17.47,58.4,False,False
ST004,449,6,1427129.01,32.15,29.79,56.4,False,False
ST004,450,6,1383159.58,21.39,21.39,67.0,False,False
ST004,451,6,1242202.64,13.84,13.51,51.4,False,False
ST004,452,6,1293482.09,16.56,16.56,56.6,False,False
ST004,453,6,1442637.62,34.45,29.02,55.3,False,False
ST004,454,6,1424942.69,31.95,28.72,59.0,False,False
ST004,455,6,1292746.98,19.01,19.01,67.9,False,False
ST004,456,6,1393585.78,27.07,27.0,59.6,False,False
ST004,457,6,1316519.13,21.93,18.61,60.3,False,False
ST004,458,6,1323013.64,17.66,17.66,64.8,False,False
ST004,459,6,1365266.76,27.95,23.02,60.4,False,False
ST004,460,6,1319858.71,17.4,17.4,61.0,False,False
ST004,461,6,1354731.13,23.8,21.74,65.0,False,False
ST004,462,6,1380342.33,28.4,26.38,60.4,False,False
ST004,463,6,1407396.64,29.73,29.73,67.1,False,False
ST004,464,6,1447077.28,39.24,29.79,67.2,False,False
ST004,465,6,1369306.1,23.86,23.86,58.8,False,False
ST004,466,6,1341802.53,20.55,20.55,67.6,False,False
ST004,467,6,1296470.23,17.45,17.45,63.3,False,False
ST004,468,6,1407419.76,28.67,28.67,60.5,False,False
ST004,469,6,1409972.12,34.01,28.1,58.6,False,False
ST004,470,6,1296782.0,17.75,17.75,60.2,False,False
ST004,471,6,1372710.22,27.8,24.32,65.0,False,False
ST004,472,6,1171478.29,10.91,10.91,53.3,False,False
ST004,473,6,1343877.29,26.06,21.55,67.0,False,False
ST004,474,6,1434465.55,40.32,29.23,69.0,False,False
ST004,475,6,1376913.97,25.56,25.03,59.6,False,False
ST004,476,6,1399813.26,25.85,25.85,59.1,False,False
ST004,477,6,1215404.3,12.1,12.1,54.7,False,False
ST004,478,6,1440690.77,37.97,29.79,63.7,False,False
ST004,479,6,1250231.56,16.64,15.42,59.1,False,False
ST004,480,6,1389969.31,29.19,26.45,61.1,False,False
ST004,481,6,1354973.15,21.18,19.61,56.8,False,False
ST004,482,6,1402052.2,25.23,25.23,60.1,False,False
ST004,483,6,1393174.33,28.67,24.37,56.7,False,False
ST004,484,6,1402851.72,22.77,22.77,56.5,False,False
ST004,485,6,1301394.0,16.52,16.52,54.5,False,False
ST004,486,6,1287334.73,18.44,18.44,59.8,False,False
ST004,487,6,1373786.94,27.04,22.45,65.9,False,False
ST004,488,6,1399451.72,30.64,28.36,63.2,False,False
ST004,489,6,1337921.37,22.15,22.07,57.9,False,False
ST004,490,6,1345675.82,20.85,20.85,70.7,False,False
ST004,491,6,1369158.83,24.26,22.85,69.7,False,False
ST004,492,6,1407970.09,30.74,27.07,68.9,False,False
ST004,493,6,1346276.29,21.29,20.62,67.9,False,False
ST004,494,6,1470977.72,47.64,29.79,61.6,False,False
ST004,495,6,1411068.22,32.41,27.28,62.6,False,False
ST004,496,6,1247031.67,13.33,13.33,53.4,False,False
ST004,497,6,1417845.49,32.19,29.79,65.2,False,False
ST004,498,6,1319834.81,20.19,18.58,61.1,False,False
ST004,499,6,1340355.43,17.9,17.9,59.3,False,False
ST004,500,6,1307140.61,16.93,16.93,68.6,False,False
ST004,501,6,1447880.51,32.92,29.79,60.4,False,False
ST004,502,6,1332525.42,21.55,21.55,66.7,False,False
ST004,503,6,1375602.34,25.37,25.37,54.0,False,False
ST004,504,6,1309919.27,15.37,15.37,58.7,False,False
ST004,505,6,1330060.85,18.35,18.35,66.5,False,False
ST004,506,6,1424362.1,36.3,27.08,61.5,False,False
ST004,507,6,1322097.07,22.13,19.93,70.1,False,False
ST004,508,6,1343225.51,27.44,22.62,63.7,False,False
ST004,509,6,1252591.66,14.64,14.64,60.1,False,False
ST004,510,6,1368590.95,27.64,25.08,60.0,False,False
ST004,511,6,1425785.15,41.15,27.11,68.3,False,False
ST004,512,6,1369960.06,27.53,25.39,57.0,False,False
ST004,513,6,1433065.12,38.73,29.79,66.9,False,False
ST004,514,6,1353406.98,19.71,19.71,70.6,False,False
ST004,515,6,1435472.39,36.54,27.44,59.8,False,False
ST004,516,6,1455792.32,35.46,29.79,59.5,False,False
ST004,517,6,1442025.63,33.65,29.79,66.1,False,False
ST004,518,6,1335642.77,20.88,20.88,61.7,False,False
ST004,519,6,1421232.07,30.08,29.0,64.5,False,False
ST004,520,6,1460205.73,36.57,29.79,56.2,False,False
ST004,521,6,1310358.5,18.64,18.64,62.0,False,False
ST004,522,6,1328778.3,18.4,18.4,65.6,False,False
ST004,523,6,1382489.31,34.33,25.5,60.0,False,False
ST004,524,6,1216690.68,13.59,12.75,60.4,False,False
ST004,525,6,1352949.68,26.39,22.86,57.9,False,False
ST004,526,6,1415021.42,30.42,29.79,61.4,False,False
ST004,527,6,1371778.05,20.8,20.8,54.7,False,False
ST004,528,6,1340097.78,18.53,18.53,66.6,False,False
ST004,529,6,1261601.06,16.11,16.11,64.3,False,False
ST004,530,6,1404505.57,29.87,29.68,62.5,False,False
ST004,531,6,1379727.7,22.96,22.96,72.7,False,False
ST004,532,6,1399382.67,27.39,27.39,66.6,False,False
ST004,533,6,1310421.1,19.59,19.59,67.7,False,False
ST004,534,6,1320452.06,19.55,19.55,62.9,False,False
ST004,535,6,1440875.15,29.31,29.31,62.1,False,False
ST004,536,6,1417438.66,27.16,27.16,65.6,False,False
ST004,537,6,1392556.03,32.54,24.46,56.5,False,False
ST004,538,6,1401533.17,28.76,28.28,59.6,False,False
ST004,539,6,1356617.31,26.39,22.31,68.9,False,False
ST004,540,6,1320651.97,20.04,20.04,58.4,False,False
ST004,541,6,1428331.87,30.61,29.06,70.5,False,False
ST004,542,6,1277838.18,16.52,16.52,61.7,False,False
ST004,543,6,1472424.55,53.43,29.79,70.8,False,False
ST004,544,6,1332468.05,26.8,22.42,67.5,False,False
ST004,545,6,1270964.61,17.44,17.44,58.6,False,False
ST004,546,6,1340272.01,26.89,20.8,68.1,False,False
ST004,547,6,1241393.87,12.92,12.92,58.8,False,False
ST004,548,6,1330157.75,22.52,19.37,60.3,False,False
ST004,549,6,1309308.02,20.16,19.72,67.1,False,False
ST004,550,6,1378031.09,27.89,24.38,66.3,False,False
ST004,551,6,1387460.1,27.28,26.31,56.9,False,False
ST004,552,6,1455463.2,41.78,29.79,56.0,False,False
ST004,553,6,1416427.9,30.31,28.77,65.7,False,False
ST004,554,6,1247437.06,12.84,12.84,58.0,False,False
ST004,555,6,1405449.99,31.08,28.04,64.9,False,False
ST004,556,6,1430025.07,31.04,28.11,59.0,False,False
ST004,557,6,1272809.06,20.04,17.15,64.3,False,False
ST004,558,6,1434369.73,28.63,28.63,71.4,False,False
ST004,559,6,1344541.65,22.57,21.43,54.8,False,False
ST004,560,6,1429762.63,28.23,28.23,67.9,False,False
ST004,561,6,1408087.64,27.87,27.87,70.2,False,False
ST004,562,6,1282128.84,17.63,17.63,64.9,False,False
ST004,563,6,1393621.66,24.94,24.94,58.3,False,False
ST004,564,6,1334357.6,20.06,20.06,68.8,False,False
ST004,565,6,1334039.87,20.65,20.65,64.7,False,False
ST004,566,6,1323117.54,19.56,17.96,59.4,False,False
ST004,567,6,1324318.28,16.66,16.66,62.7,False,False
ST004,568,6,1356216.22,29.99,23.59,65.8,False,False
ST004,569,6,1416248.31,31.54,28.21,61.4,False,False
ST004,570,6,1416616.4,34.0,27.79,63.4,False,False
ST004,571,6,1328419.8,22.57,21.24,63.8,False,False
ST004,572,6,1391397.68,33.52,26.24,69.6,False,False
ST004,573,6,1248053.45,13.95,13.95,56.3,False,False
ST004,574,6,1323751.64,19.53,19.53,66.4,False,False
ST004,575,6,1334557.83,18.79,18.79,62.4,False,False
ST004,576,6,1344737.27,25.54,22.17,58.8,False,False
ST004,577,6,1344198.3,20.93,19.75,62.0,False,False
ST004,578,6,1413652.56,32.36,28.28,66.8,False,False
ST004,579,6,1330400.6,23.22,20.56,65.5,False,False
ST004,580,6,1398382.07,28.05,26.95,59.5,False,False
ST004,581,6,1329609.32,20.18,20.18,52.9,False,False
ST004,582,6,1208656.8,13.25,12.43,60.3,False,False
ST004,583,6,1280187.43,17.94,16.58,64.8,False,False
ST004,584,6,1342009.1,21.12,20.95,63.1,False,False
ST004,585,6,1315457.47,19.11,19.11,60.5,False,False
ST004,586,6,1380416.46,24.04,24.04,67.8,False,False
ST004,587,6,1333169.45,23.66,20.6,63.2,False,False
ST004,588,6,1244932.85,16.31,15.31,60.3,False,False
ST004,589,6,1309364.93,16.86,16.86,63.1,False,False
ST004,590,6,1399150.58,26.69,26.69,62.3,False,False
ST004,591,6,1275966.34,16.16,16.16,58.6,False,False
ST004,592,6,1336415.36,23.22,21.14,62.6,False,False
ST004,593,6,1385816.88,25.35,22.98,63.8,False,False
ST004,594,6,1403343.01,23.33,23.33,56.7,False,False
ST004,595,6,1383522.43,25.52,23.13,71.0,False,False
ST004,596,6,1352925.67,23.43,23.43,58.5,False,False
ST004,597,6,1243680.67,14.22,14.22,65.1,False,False
ST004,598,6,1410157.93,32.36,26.43,69.6,False,False
ST004,599,6,1347487.31,22.25,20.35,64.2,False,False
ST004,600,6,1414124.34,32.71,29.79,63.2,False,False
ST004,601,6,1377366.9,26.5,24.04,60.0,False,False
ST004,602,6,1303410.96,17.78,17.78,62.9,False,False
ST004,603,6,1286759.21,17.88,16.46,68.2,False,False
ST004,604,6,1331371.96,20.53,20.53,57.3,False,False
ST004,605,6,1350259.13,22.11,20.17,63.1,False,False
ST004,606,6,1309399.05,17.87,17.87,59.5,False,False
ST004,607,6,1350675.15,24.54,22.58,63.9,False,False
ST004,608,6,1289418.74,16.07,15.85,67.9,False,False
ST004,609,6,1327530.15,23.71,19.71,69.1,False,False
ST004,610,6,1341002.66,18.58,18.58,63.9,False,False
ST004,611,6,1358277.95,21.77,21.77,71.1,False,False
ST004,612,6,1357106.89,30.75,23.86,59.7,False,False
ST004,613,6,1376599.09,29.36,25.16,59.4,False,False
ST004,614,6,1380353.06,24.71,24.71,53.7,False,False
ST004,615,6,1397492.94,28.95,26.25,64.5,False,False
ST004,616,6,1462425.58,47.62,29.79,62.0,False,False
ST004,617,6,1396085.06,27.22,24.75,60.4,False,False
ST004,618,6,1408146.08,24.72,24.72,66.6,False,False
ST004,619,6,1351384.7,19.58,19.58,53.8,False,False
ST004,620,6,1362603.77,22.89,22.89,65.7,False,False
ST004,621,6,1302872.27,22.73,19.08,68.9,False,False
ST004,622,6,1381687.03,31.49,23.33,59.7,False,False
ST004,623,6,1402814.65,27.02,27.02,64.1,False,False
ST004,624,6,1385676.25,26.06,24.35,58.5,False,False
ST004,625,6,1280724.47,19.49,19.49,72.8,False,False
ST004,626,6,1439184.41,32.43,29.79,69.3,False,False
ST004,627,6,1303174.39,17.95,17.95,62.0,False,False
ST004,628,6,1391585.81,27.43,27.18,68.2,False,False
ST004,629,6,1262488.05,15.41,15.41,61.0,False,False
ST004,630,6,1414665.19,29.01,27.18,65.5,False,False
ST004,631,6,1361866.22,21.82,21.82,55.6,False,False
ST004,632,6,1375123.24,25.16,25.16,59.2,False,False
ST004,633,6,1394374.89,25.41,23.06,67.8,False,False
ST004,634,6,1310096.95,18.01,18.01,64.7,False,False
ST004,635,6,1396255.27,20.49,20.49,62.9,False,False
ST004,636,6,1274882.36,15.56,15.56,53.8,False,False
ST004,637,6,1431213.89,37.84,29.25,59.0,False,False
ST004,638,6,1343796.4,19.47,19.47,65.5,False,False
ST004,639,6,1249900.96,12.9,12.9,49.9,False,True
ST004,640,6,1380039.01,22.94,22.94,61.9,False,False
ST004,641,6,1290985.87,15.5,15.5,58.0,False,False
ST004,642,6,1397546.01,30.68,27.79,64.2,False,False
ST004,643,6,1295624.21,16.91,16.91,64.3,False,False
ST004,644,6,1338537.09,24.76,21.5,61.3,False,False
ST004,645,6,1452324.31,38.43,29.79,61.7,False,False
ST004,646,6,1316078.06,19.23,17.86,58.8,False,False
ST004,647,6,1380131.37,29.78,26.12,58.9,False,False
ST004,648,6,1454138.21,38.5,29.79,63.2,False,False
ST004,649,6,1284631.97,17.83,17.83,61.6,False,False
ST004,650,6,1414520.1,35.7,27.58,65.3,False,False
ST004,651,6,1357414.74,23.27,21.58,64.5,False,False
ST004,652,6,1430566.07,33.12,29.79,59.0,False,False
ST004,653,6,1440233.31,38.22,29.79,64.8,False,False
ST004,654,6,1388266.71,24.42,24.42,69.0,False,False
ST004,655,6,1292908.07,22.58,19.0,65.7,False,False
ST004,656,6,1422740.86,35.27,29.73,73.1,False,False
ST004,657,6,1319573.84,17.95,17.95,69.8,False,False
ST004,658,6,1297256.7,17.04,17.04,56.8,False,False
ST004,659,6,1334040.12,21.55,21.55,65.2,False,False
ST004,660,6,1378978.96,26.5,25.8,63.7,False,False
ST004,661,6,1396636.03,26.01,26.01,71.5,False,False
ST004,662,6,1255734.75,14.14,14.14,57.3,False,False
ST004,663,6,1357108.13,23.46,21.34,68.9,False,False
ST004,664,6,1409298.01,24.14,24.14,61.8,False,False
ST004,665,6,1340381.41,18.74,18.74,61.9,False,False
ST004,666,6,1298684.22,19.13,18.93,62.6,False,False
ST004,667,6,1329043.96,21.67,21.67,60.5,False,False
ST004,668,6,1274866.86,16.58,16.58,60.5,False,False
ST004,669,6,1420365.34,36.03,27.02,68.6,False,False
ST004,670,6,1377611.36,25.39,25.39,57.6,False,False
ST004,671,6,1398523.61,25.97,25.93,67.3,False,False
ST004,672,6,1396122.16,24.59,24.59,59.3,False,False
ST004,673,6,1349940.19,22.24,22.16,65.7,False,False
ST004,674,6,1403400.16,36.31,25.06,64.1,False,False
ST004,675,6,1379812.05,27.41,25.56,68.7,False,False
ST004,676,6,1352353.46,19.17,19.17,62.3,False,False
ST004,677,6,1454541.78,42.63,29.79,60.6,False,False
ST004,678,6,1395029.87,27.7,27.08,64.9,False,False
ST004,679,6,1402643.44,23.14,23.14,66.0,False,False
ST004,680,6,1356183.68,23.36,23.36,66.8,False,False
ST004,681,6,1254301.49,15.02,14.03,63.1,False,False
ST004,682,6,1452925.19,37.98,29.79,54.8,False,False
ST004,683,6,1226724.52,12.02,12.02,60.8,False,False
ST004,684,6,1355768.76,20.16,20.16,66.1,False,False
ST004,685,6,1392457.41,25.87,24.63,56.6,False,False
ST004,686,6,1239003.76,14.68,14.68,49.4,False,True
ST004,687,6,1448136.17,34.81,29.79,63.0,False,False
ST004,688,6,1349612.88,25.38,23.08,64.6,False,False
ST004,689,6,1380832.2,26.06,26.06,69.6,False,False
ST004,690,6,1339079.35,20.77,20.77,65.7,False,False
ST004,691,6,1441183.87,31.83,29.79,57.5,False,False
ST004,692,6,1346584.17,24.53,20.77,65.8,False,False
ST004,693,6,1215755.91,14.18,13.33,55.9,False,False
ST004,694,6,1309248.34,17.96,16.61,67.6,False,False
ST004,695,6,1358184.93,27.61,22.74,62.7,False,False
ST004,696,6,1423902.44,37.32,28.33,59.6,False,False
ST004,697,6,1281862.31,14.77,14.77,60.3,False,False
ST004,698,6,1320981.2,19.34,19.34,64.3,False,False
ST004,699,6,1453847.95,47.7,29.79,64.5,False,False
ST004,700,6,1434380.01,28.46,28.46,66.0,False,False
ST004,701,6,1333660.11,19.95,19.95,59.7,False,False
ST004,702,6,1322915.21,19.24,19.24,63.3,False,False
ST004,703,6,1326325.51,21.1,20.23,58.1,False,False
ST004,704,6,1403537.88,31.5,29.13,66.0,False,False
ST004,705,6,1422981.58,30.06,29.79,63.2,False,False
ST004,706,6,1308170.44,20.45,19.24,67.4,False,False
ST004,707,6,1240954.0,13.55,13.55,61.4,False,False
ST004,708,6,1365144.65,22.43,22.43,64.2,False,False
ST004,709,6,1267465.18,17.1,17.1,64.0,False,False
ST004,710,6,1305984.81,16.55,16.55,53.0,False,False
ST004,711,6,1271955.61,18.89,17.43,62.5,False,False
ST004,712,6,1210816.13,10.47,10.47,57.4,False,False
ST004,713,6,1426234.23,33.59,29.79,60.9,False,False
ST004,714,6,1351089.62,26.43,22.54,63.8,False,False
ST004,715,6,1333964.56,26.84,21.05,55.0,False,False
ST004,716,6,1385948.03,26.59,24.2,57.8,False,False
ST004,717,6,1314941.52,15.74,15.74,58.3,False,False
ST004,718,6,1374232.44,21.31,21.31,58.5,False,False
ST004,719,6,1375095.59,28.55,24.67,67.2,False,False
ST004,720,6,1430563.4,37.1,27.21,62.0,False,False
ST004,721,6,1324307.94,23.96,20.86,63.4,False,False
ST004,722,6,1422958.49,36.34,29.43,62.5,False,False
ST004,723,6,1205290.99,12.12,12.12,60.0,False,False
ST004,724,6,1288666.65,17.99,16.56,69.1,False,False
ST004,725,6,1277175.94,14.28,14.28,54.5,False,False
ST004,726,6,1305343.22,21.79,19.36,63.8,False,False
ST004,727,6,1254173.68,14.36,14.36,49.5,False,True
ST004,728,6,1381186.17,27.0,24.47,73.2,False,False
ST004,729,6,1326605.63,19.73,19.73,67.6,False,False
ST004,730,6,1274530.01,14.4,14.4,58.4,False,False
ST004,731,6,1265897.03,14.68,14.68,60.6,False,False
ST004,732,6,1461466.25,39.78,29.79,66.3,False,False
ST004,733,6,1357661.71,21.08,20.71,60.1,False,False
ST004,734,6,1403210.16,27.16,25.16,62.1,False,False
ST004,735,6,1383104.83,24.89,24.89,66.1,False,False
ST004,736,6,1290218.3,18.26,16.87,71.8,False,False
ST004,737,6,1330124.42,22.55,21.52,60.6,False,False
ST004,738,6,1309469.76,16.55,16.55,55.5,False,False
ST004,739,6,1472555.56,47.56,29.79,65.3,False,False
ST004,740,6,1388129.32,30.32,27.12,58.2,False,False
ST004,741,6,1359552.91,26.69,23.97,64.6,False,False
ST004,742,6,1348988.89,18.65,18.65,57.1,False,False
ST004,743,6,1445013.08,38.25,29.79,74.2,False,False
ST004,744,6,1446866.74,37.31,29.79,68.9,False,False
ST004,745,6,1290770.71,19.1,18.83,56.5,False,False
ST004,746,6,1363129.11,25.35,24.34,70.8,False,False
ST004,747,6,1319454.6,20.61,19.82,66.8,False,False
ST004,748,6,1311473.08,18.4,18.4,69.8,False,False
ST004,749,6,1308764.06,21.73,20.88,65.4,False,False
ST004,750,6,1391060.78,29.87,25.34,66.2,False,False
ST004,751,6,1375644.75,22.45,22.45,69.1,False,False
ST004,752,6,1474765.57,38.06,29.79,55.3,False,False
ST004,753,6,1325937.49,23.99,20.07,60.3,False,False
ST004,754,6,1335298.49,24.27,20.14,57.8,False,False
ST004,755,6,1345704.02,25.11,24.31,61.8,False,False
ST004,756,6,1315723.64,21.91,20.0,67.6,False,False
ST004,757,6,1450927.76,32.22,29.79,68.7,False,False
ST004,758,6,1327954.33,19.66,19.66,69.9,False,False
ST004,759,6,1336678.58,24.47,22.37,58.7,False,False
ST004,760,6,1294937.81,21.89,20.65,66.7,False,False
ST004,761,6,1331475.75,24.01,19.94,72.7,False,False
ST004,762,6,1295641.31,18.74,18.74,66.7,False,False
ST004,763,6,1343541.97,23.41,21.44,66.7,False,False
ST004,764,6,1350460.66,20.9,20.9,58.3,False,False
ST004,765,6,1337200.69,23.38,22.63,72.5,False,False
ST004,766,6,1397287.12,37.28,25.0,59.3,False,False
ST004,767,6,1390105.65,26.88,24.82,67.0,False,False
ST004,768,6,1435519.66,34.11,29.79,62.9,False,False
ST004,769,6,1218226.19,15.05,13.99,62.7,False,False
ST004,770,6,1301596.4,19.42,17.87,63.0,False,False
ST004,771,6,1376382.38,27.64,25.01,65.5,False,False
ST004,772,6,1413395.49,31.7,28.57,61.8,False,False
ST004,773,6,1415888.8,30.79,29.08,61.2,False,False
ST004,774,6,1410235.16,28.17,28.17,63.0,False,False
ST004,775,6,1436052.89,36.85,29.05,62.7,False,False
ST004,776,6,1430065.67,28.65,28.65,63.5,False,False
ST004,777,6,1356157.99,26.94,22.18,63.5,False,False
ST004,778,6,1303447.0,17.15,17.15,62.7,False,False
ST004,779,6,1283293.81,16.68,16.68,50.3,False,False
ST004,780,6,1388995.85,26.55,26.55,68.4,False,False
ST004,781,6,1244539.64,14.75,14.75,58.7,False,False
ST004,782,6,1336240.52,29.31,20.56,64.5,False,False
ST004,783,6,1342070.27,27.63,21.4,66.0,False,False
ST004,784,6,1305893.0,19.24,17.68,60.9,False,False
ST004,785,6,1378890.06,32.87,26.7,62.6,False,False
ST004,786,6,1224024.0,11.6,11.6,55.2,False,False
ST004,787,6,1299549.92,14.97,14.97,59.7,False,False
ST004,788,6,1392667.43,33.16,26.2,73.1,False,False
ST004,789,6,1400826.41,29.84,29.18,67.3,False,False
ST004,790,6,1374388.3,25.89,24.58,66.2,False,False
ST004,791,6,1400486.92,24.76,24.76,62.9,False,False
ST004,792,6,1318650.02,16.57,16.57,54.5,False,False
ST004,793,6,1235787.13,13.5,13.5,58.1,False,False
ST004,794,6,1344435.17,21.96,21.96,61.3,False,False
ST004,795,6,1386828.07,28.9,26.74,59.6,False,False
ST004,796,6,1435877.99,29.02,29.02,64.1,False,False
ST004,797,6,1317383.88,19.44,19.44,58.9,False,False
ST004,798,6,1402792.17,34.49,24.41,60.6,False,False
ST004,799,6,1475633.01,47.45,29.79,61.9,False,False
ST004,800,6,1341180.65,19.12,19.12,70.7,False,False
ST004,801,6,1267273.43,17.67,17.32,67.0,False,False
ST004,802,6,1223523.47,15.16,14.48,65.7,False,False
ST004,803,6,1381769.49,28.74,26.44,62.5,False,False
ST004,804,6,1371938.52,22.11,22.11,58.5,False,False
ST004,805,6,1398893.37,23.58,23.58,57.0,False,False
ST004,806,6,1394427.27,23.53,23.53,66.4,False,False
ST004,807,6,1424238.31,34.99,28.19,71.1,False,False
ST004,808,6,1341078.52,19.62,19.62,63.0,False,False
ST004,809,6,1376828.8,26.8,24.28,70.8,False,False
ST004,810,6,1457751.15,39.2,29.79,62.0,False,False
ST004,811,6,1241674.33,14.5,13.6,59.3,False,False
ST004,812,6,1380129.02,26.55,22.92,72.7,False,False
ST004,813,6,1372724.32,32.02,23.88,67.3,False,False
ST004,814,6,1375080.19,28.61,25.41,56.7,False,False
ST004,815,6,1349990.36,26.97,22.27,62.1,False,False
ST004,816,6,1274907.02,16.73,16.28,63.9,False,False
ST004,817,6,1380759.74,20.79,20.79,56.5,False,False
ST004,818,6,1407323.92,30.41,27.01,60.7,False,False
ST004,819,6,1409489.37,34.64,26.67,56.8,False,False
ST004,820,6,1408253.41,31.23,27.17,62.1,False,False
ST004,821,6,1337374.96,19.49,19.49,59.2,False,False
ST004,822,6,1343213.7,22.8,21.9,64.8,False,False
ST004,823,6,1387849.79,30.78,26.21,61.6,False,False
ST004,824,6,1344237.11,23.37,21.36,63.1,False,False
ST004,825,6,1353934.25,29.09,21.91,65.1,False,False
ST004,826,6,1362132.43,26.1,23.69,71.9,False,False
ST004,827,6,1388951.93,25.14,25.14,65.3,False,False
ST004,828,6,1466453.34,45.02,29.79,65.4,False,False
ST004,829,6,1277382.33,17.42,17.42,66.2,False,False
ST004,830,6,1302536.83,20.22,20.11,58.0,False,False
ST004,831,6,1426237.65,24.95,24.95,65.0,False,False
ST004,832,6,1419723.43,34.45,29.53,60.4,False,False
ST004,833,6,1294615.27,19.73,19.06,55.6,False,False
ST004,834,6,1279004.1,15.68,15.68,67.3,False,False
ST004,835,6,1412280.67,34.21,27.39,64.1,False,False
ST004,836,6,1241869.01,12.33,12.33,51.5,False,False
ST004,837,6,1438937.57,41.11,29.79,62.2,False,False
ST004,838,6,1365188.38,28.8,24.69,61.4,False,False
ST004,839,6,1338309.27,19.88,19.88,60.3,False,False
ST004,840,6,1392783.84,24.56,24.56,61.9,False,False
ST004,841,6,1372892.42,30.84,22.93,57.9,False,False
ST004,842,6,1311675.27,18.51,18.51,64.2,False,False
ST004,843,6,1373659.3,23.41,23.41,66.2,False,False
ST004,844,6,1256159.88,15.33,15.33,50.9,False,False
ST004,845,6,1476599.6,44.51,29.79,64.9,False,False
ST004,846,6,1374365.7,23.29,23.29,68.0,False,False
ST004,847,6,1357968.34,21.41,21.41,69.4,False,False
ST004,848,6,1336828.21,18.66,18.66,65.7,False,False
ST004,849,6,1389629.3,30.72,24.92,63.0,False,False
ST004,850,6,1372914.37,23.17,23.17,65.3,False,False
ST004,851,6,1350218.19,20.86,20.86,55.2,False,False
ST004,852,6,1411412.19,26.87,26.87,66.3,False,False
ST004,853,6,1457388.96,38.91,29.79,65.1,False,False
ST004,854,6,1368240.54,24.47,24.36,60.1,False,False
ST004,855,6,1390427.86,31.14,27.21,63.2,False,False
ST004,856,6,1288969.59,17.14,17.14,63.6,False,False
ST004,857,6,1354383.43,24.49,24.17,59.8,False,False
ST004,858,6,1432165.99,41.32,29.61,66.9,False,False
ST004,859,6,1373177.26,21.7,21.7,63.0,False,False
ST004,860,6,1226125.44,14.5,13.56,53.2,False,False
ST004,861,6,1224907.81,12.3,12.3,59.6,False,False
ST004,862,6,1414450.85,29.07,29.07,68.4,False,False
ST004,863,6,1392752.57,25.36,25.36,63.4,False,False
ST004,864,6,1425456.15,39.61,28.6,69.8,False,False
ST004,865,6,1293840.28,18.61,17.13,65.8,False,False
ST004,866,6,1418351.77,27.64,27.64,65.0,False,False
ST004,867,6,1397655.98,32.91,27.04,67.2,False,False
ST004,868,6,1472987.36,45.92,29.79,59.2,False,False
ST004,869,6,1393694.89,33.18,25.68,66.4,False,False
ST004,870,6,1451875.79,44.87,29.79,67.1,False,False
ST004,871,6,1397768.6,33.58,25.59,64.0,False,False
ST004,872,6,1411340.93,29.43,28.56,68.6,False,False
ST004,873,6,1367683.0,24.32,23.93,68.3,False,False
ST004,874,6,1354241.71,29.92,22.54,58.0,False,False
ST004,875,6,1440379.91,37.68,29.79,65.0,False,False
ST004,876,6,1276235.22,14.14,14.14,55.3,False,False
ST004,877,6,1411863.67,29.66,27.19,70.1,False,False
ST004,878,6,1379726.77,25.14,25.14,59.1,False,False
ST004,879,6,1336914.02,22.39,22.39,63.1,False,False
ST004,880,6,1338463.68,21.46,21.46,59.8,False,False
ST004,881,6,1306927.07,19.22,18.9,65.6,False,False
ST004,882,6,1333735.61,23.79,22.67,68.4,False,False
ST004,883,6,1380100.1,28.79,23.68,64.2,False,False
ST004,884,6,1328963.09,19.67,18.09,70.6,False,False
ST004,885,6,1348872.93,20.88,20.88,55.6,False,False
ST004,886,6,1412032.44,28.9,28.9,67.6,False,False
ST004,887,6,1261221.22,13.68,13.68,57.5,False,False
ST004,888,6,1306003.39,18.02,17.97,67.2,False,False
ST004,889,6,1298904.3,19.33,18.77,64.3,False,False
ST004,890,6,1323210.44,16.96,16.96,65.9,False,False
ST004,891,6,1339188.65,22.19,21.4,65.0,False,False
ST004,892,6,1415537.67,35.63,28.27,69.4,False,False
ST004,893,6,1350921.89,22.66,20.62,59.8,False,False
ST004,894,6,1373114.71,24.76,24.76,68.0,False,False
ST004,895,6,1368068.49,23.27,23.27,68.8,False,False
ST004,896,6,1347586.16,22.25,22.25,58.2,False,False
ST004,897,6,1278091.02,15.72,15.72,59.9,False,False
ST004,898,6,1437239.19,33.92,29.34,65.4,False,False
ST004,899,6,1360021.02,18.91,18.91,70.6,False,False
ST004,900,6,1348699.97,26.6,24.05,62.6,False,False
ST004,901,6,1434278.84,36.77,29.79,71.5,False,False
ST004,902,6,1303551.15,19.94,19.17,58.8,False,False
ST004,903,6,1319501.86,19.67,19.67,72.9,False,False
ST004,904,6,1364756.11,22.71,22.71,61.6,False,False
ST004,905,6,1363505.59,24.46,24.29,68.0,False,False
ST004,906,6,1286425.45,16.66,16.66,60.3,False,False
ST004,907,6,1376079.29,22.98,22.98,56.3,False,False
ST004,908,6,1327671.73,21.57,21.57,64.4,False,False
ST004,909,6,1321497.09,19.96,19.96,60.4,False,False
ST004,910,6,1335702.77,23.78,21.45,61.9,False,False
ST004,911,6,1282920.46,13.78,13.78,58.9,False,False
ST004,912,6,1222360.53,13.6,13.6,58.6,False,False
ST004,913,6,1463010.52,41.86,29.79,62.4,False,False
ST004,914,6,1307051.16,15.25,15.25,53.3,False,False
ST004,915,6,1435385.98,37.37,28.02,60.7,False,False
ST004,916,6,1327403.25,19.01,19.01,59.9,False,False
ST004,917,6,1354903.21,17.47,17.47,55.9,False,False
ST004,918,6,1385601.26,29.13,26.17,59.7,False,False
ST004,919,6,1304030.23,19.48,17.97,65.8,False,False
ST004,920,6,1374575.07,24.07,23.33,62.5,False,False
ST004,921,6,1301873.86,18.39,18.39,68.3,False,False
ST004,922,6,1414115.78,25.15,25.15,57.4,False,False
ST004,923,6,1403105.23,28.45,27.48,69.1,False,False
ST004,924,6,1249309.34,16.07,16.07,58.9,False,False
ST004,925,6,1348402.13,22.4,22.4,67.5,False,False
ST004,926,6,1359117.36,21.61,21.61,57.7,False,False
ST004,927,6,1423435.27,33.84,29.79,66.0,False,False
ST004,928,6,1232038.71,11.25,11.25,62.7,False,False
ST004,929,6,1376061.01,22.41,22.41,59.7,False,False
ST004,930,6,1332190.82,21.73,19.99,64.2,False,False
ST004,931,6,1445020.51,36.52,29.79,57.4,False,False
ST004,932,6,1310423.95,17.09,17.09,66.0,False,False
ST004,933,6,1373502.11,23.38,23.38,67.2,False,False
ST004,934,6,1403767.33,28.71,28.01,69.7,False,False
ST004,935,6,1292971.36,15.99,15.99,71.8,False,False
ST004,936,6,1368573.85,26.49,24.41,61.4,False,False
ST004,937,6,1202598.98,12.88,12.88,53.5,False,False
ST004,938,6,1306652.97,17.02,17.02,65.7,False,False
ST004,939,6,1364728.22,22.04,22.04,65.1,False,False
ST004,940,6,1348940.88,20.04,19.96,54.6,False,False
ST004,941,6,1352294.09,25.35,22.51,69.4,False,False
ST004,942,6,1207577.3,12.02,12.02,53.7,False,False
ST004,943,6,1334332.15,20.23,20.23,63.6,False,False
ST004,944,6,1305205.5,17.16,17.16,57.4,False,False
ST004,945,6,1374006.32,24.74,24.61,67.0,False,False
ST004,946,6,1413673.43,33.54,27.29,55.3,False,False
ST004,947,6,1372688.35,25.66,24.38,64.4,False,False
ST004,948,6,1241182.2,14.3,14.3,50.4,False,False
ST004,949,6,1359644.74,20.86,19.05,57.8,False,False
ST004,950,6,1291988.24,17.5,17.5,65.2,False,False
ST004,951,6,1388013.28,32.31,24.32,67.7,False,False
ST004,952,6,1372863.79,21.15,21.15,58.8,False,False
ST004,953,6,1290898.88,19.18,17.97,64.8,False,False
ST004,954,6,1372374.51,23.7,23.7,66.4,False,False
ST004,955,6,1374110.73,20.68,20.68,66.3,False,False
ST004,956,6,1425842.62,33.71,29.65,69.0,False,False
ST004,957,6,1399015.46,29.86,27.03,53.0,False,False
ST004,958,6,1337340.53,21.13,21.13,61.9,False,False
ST004,959,6,1402494.3,27.65,27.65,61.5,False,False
ST004,960,6,1306758.04,21.52,19.69,60.5,False,False
ST004,961,6,1358702.73,23.84,21.73,58.0,False,False
ST004,962,6,1411519.31,31.9,27.14,73.5,False,False
ST004,963,6,1426407.74,41.16,24.34,63.8,False,False
ST004,964,6,1397525.67,25.46,25.46,54.9,False,False
ST004,965,6,1318833.77,19.05,17.58,66.2,False,False
ST004,966,6,1347164.07,25.02,22.78,71.6,False,False
ST004,967,6,1424871.27,30.21,27.25,58.4,False,False
ST004,968,6,1261162.28,17.45,16.12,65.0,False,False
ST004,969,6,1276123.39,15.44,15.44,63.0,False,False
ST004,970,6,1290582.08,18.78,17.31,68.0,False,False
ST004,971,6,1327279.28,20.89,20.89,60.2,False,False
ST004,972,6,1429390.01,28.17,28.17,59.1,False,False
ST004,973,6,1444901.09,37.11,29.79,60.3,False,False
ST004,974,6,1328214.41,17.87,17.87,64.5,False,False
ST004,975,6,1235950.27,12.54,12.54,60.2,False,False
ST004,976,6,1349595.15,20.76,20.76,63.9,False,False
ST004,977,6,1394748.49,26.66,25.39,67.0,False,False
ST004,978,6,1336562.21,23.01,21.3,55.8,False,False
ST004,979,6,1357978.51,24.16,21.95,70.6,False,False
ST004,980,6,1205438.69,12.25,12.25,61.7,False,False
ST004,981,6,1413442.07,38.49,26.18,60.8,False,False
ST004,982,6,1300767.32,17.13,17.13,61.4,False,False
ST004,983,6,1389424.0,31.28,25.25,61.0,False,False
ST004,984,6,1447722.66,42.6,29.79,61.3,False,False
ST004,985,6,1371434.39,25.11,25.11,61.8,False,False
ST004,986,6,1383673.23,25.62,25.62,67.1,False,False
ST004,987,6,1349030.17,22.96,22.57,65.4,False,False
ST004,988,6,1375294.16,27.39,25.62,57.8,False,False
ST004,989,6,1393178.79,27.6,24.41,70.2,False,False
ST004,990,6,1427001.58,36.47,29.61,67.6,False,False
ST004,991,6,1309370.73,19.34,19.34,60.3,False,False
ST004,992,6,1358465.69,24.42,22.24,66.0,False,False
ST004,993,6,1326281.8,18.19,18.19,61.7,False,False
ST004,994,6,1437500.05,34.02,29.79,63.7,False,False
ST004,995,6,1350337.32,25.99,21.65,66.6,False,False
ST004,996,6,1274042.53,16.23,16.23,64.1,False,False
ST004,997,6,1383646.98,25.58,25.58,62.9,False,False
ST004,998,6,1407942.45,24.87,24.87,65.3,False,False
ST004,999,6,1345056.13,21.13,21.13,65.5,False,False
ST004,1000,6,1377910.09,28.5,26.15,65.4,False,False
ST005,1,6,0.0,0.0,0.0,47.2,True,True
ST005,2,6,0.0,0.0,0.0,50.9,True,False
ST005,3,6,0.0,0.0,0.0,47.7,True,True
ST005,4,6,0.0,0.0,0.0,52.3,True,False
ST005,5,6,0.0,0.0,0.0,47.7,True,True
ST005,6,6,0.0,0.0,0.0,40.5,True,True
ST005,7,6,0.0,0.0,0.0,47.1,True,True
ST005,8,6,0.0,0.0,0.0,41.3,True,True
ST005,9,6,0.0,0.0,0.0,45.9,True,True
ST005,10,6,0.0,0.0,0.0,52.1,True,False
ST005,11,6,0.0,0.0,0.0,50.5,True,False
ST005,12,6,0.0,0.0,0.0,41.4,True,True
ST005,13,6,0.0,0.0,0.0,48.0,True,True
ST005,14,6,0.0,0.0,0.0,48.6,True,True
ST005,15,6,0.0,0.0,0.0,49.4,True,True
ST005,16,6,0.0,0.0,0.0,49.1,True,True
ST005,17,6,0.0,0.0,0.0,48.2,True,True
ST005,18,6,0.0,0.0,0.0,51.8,True,False
ST005,19,6,0.0,0.0,0.0,36.7,True,True
ST005,20,6,0.0,0.0,0.0,47.6,True,True
ST005,21,6,0.0,0.0,0.0,48.5,True,True
ST005,22,6,0.0,0.0,0.0,48.0,True,True
ST005,23,6,0.0,0.0,0.0,47.4,True,True
ST005,24,6,0.0,0.0,0.0,45.8,True,True
ST005,25,6,0.0,0.0,0.0,54.0,True,False
ST005,26,6,0.0,0.0,0.0,50.9,True,False
ST005,27,6,0.0,0.0,0.0,48.9,True,True
ST005,28,6,0.0,0.0,0.0,52.1,True,False
ST005,29,6,0.0,0.0,0.0,45.5,True,True
ST005,30,6,0.0,0.0,0.0,49.3,True,True
ST005,31,6,0.0,0.0,0.0,47.5,True,True
ST005,32,6,0.0,0.0,0.0,46.0,True,True
ST005,33,6,0.0,0.0,0.0,51.0,True,False
ST005,34,6,0.0,0.0,0.0,55.1,True,False
ST005,35,6,0.0,0.0,0.0,59.9,True,False
ST005,36,6,0.0,0.0,0.0,46.7,True,True
ST005,37,6,0.0,0.0,0.0,46.4,True,True
ST005,38,6,0.0,0.0,0.0,49.9,True,True
ST005,39,6,0.0,0.0,0.0,49.4,True,True
ST005,40,6,0.0,0.0,0.0,53.7,True,False
ST005,41,6,0.0,0.0,0.0,45.3,True,True
ST005,42,6,0.0,0.0,0.0,51.9,True,False
ST005,43,6,0.0,0.0,0.0,49.0,True,True
ST005,44,6,0.0,0.0,0.0,51.7,True,False
ST005,45,6,0.0,0.0,0.0,53.3,True,False
ST005,46,6,0.0,0.0,0.0,38.3,True,True
ST005,47,6,0.0,0.0,0.0,49.3,True,True
ST005,48,6,0.0,0.0,0.0,37.9,True,True
ST005,49,6,0.0,0.0,0.0,41.6,True,True
ST005,50,6,0.0,0.0,0.0,48.5,True,True
ST005,51,6,0.0,0.0,0.0,49.4,True,True
ST005,52,6,0.0,0.0,0.0,55.9,True,False
ST005,53,6,0.0,0.0,0.0,52.5,True,False
ST005,54,6,0.0,0.0,0.0,40.2,True,True
ST005,55,6,0.0,0.0,0.0,47.6,True,True
ST005,56,6,0.0,0.0,0.0,54.4,True,False
ST005,57,6,0.0,0.0,0.0,49.3,True,True
ST005,58,6,0.0,0.0,0.0,47.0,True,True
ST005,59,6,0.0,0.0,0.0,54.7,True,False
ST005,60,6,0.0,0.0,0.0,48.0,True,True
ST005,61,6,0.0,0.0,0.0,50.4,True,False
ST005,62,6,0.0,0.0,0.0,47.1,True,True
ST005,63,6,0.0,0.0,0.0,44.0,True,True
ST005,64,6,0.0,0.0,0.0,42.0,True,True
ST005,65,6,0.0,0.0,0.0,42.6,True,True
ST005,66,6,0.0,0.0,0.0,49.1,True,True
ST005,67,6,0.0,0.0,0.0,50.3,True,False
ST005,68,6,0.0,0.0,0.0,45.7,True,True
ST005,69,6,0.0,0.0,0.0,44.1,True,True
ST005,70,6,0.0,0.0,0.0,54.8,True,False
ST005,71,6,0.0,0.0,0.0,44.2,True,True
ST005,72,6,0.0,0.0,0.0,53.6,True,False
ST005,73,6,0.0,0.0,0.0,46.9,True,True
ST005,74,6,0.0,0.0,0.0,51.4,True,False
ST005,75,6,0.0,0.0,0.0,47.7,True,True
ST005,76,6,0.0,0.0,0.0,47.7,True,True
ST005,77,6,0.0,0.0,0.0,50.4,True,False
ST005,78,6,0.0,0.0,0.0,47.3,True,True
ST005,79,6,0.0,0.0,0.0,54.0,True,False
ST005,80,6,0.0,0.0,0.0,47.3,True,True
ST005,81,6,0.0,0.0,0.0,42.5,True,True
ST005,82,6,0.0,0.0,0.0,49.6,True,True
ST005,83,6,0.0,0.0,0.0,47.6,True,True
ST005,84,6,0.0,0.0,0.0,42.2,True,True
ST005,85,6,0.0,0.0,0.0,47.9,True,True
ST005,86,6,0.0,0.0,0.0,46.5,True,True
ST005,87,6,0.0,0.0,0.0,43.2,True,True
ST005,88,6,0.0,0.0,0.0,42.7,True,True
ST005,89,6,0.0,0.0,0.0,47.7,True,True
ST005,90,6,0.0,0.0,0.0,45.7,True,True
ST005,91,6,0.0,0.0,0.0,53.1,True,False
ST005,92,6,0.0,0.0,0.0,49.2,True,True
ST005,93,6,0.0,0.0,0.0,48.8,True,True
ST005,94,6,0.0,0.0,0.0,61.5,True,False
ST005,95,6,0.0,0.0,0.0,56.4,True,False
ST005,96,6,0.0,0.0,0.0,53.7,True,False
ST005,97,6,0.0,0.0,0.0,47.2,True,True
ST005,98,6,0.0,0.0,0.0,37.7,True,True
ST005,99,6,0.0,0.0,0.0,43.9,True,True
ST005,100,6,0.0,0.0,0.0,52.0,True,False
ST005,101,6,0.0,0.0,0.0,42.9,True,True
ST005,102,6,0.0,0.0,0.0,45.9,True,True
ST005,103,6,0.0,0.0,0.0,48.7,True,True
ST005,104,6,0.0,0.0,0.0,44.6,True,True
ST005,105,6,0.0,0.0,0.0,51.4,True,False
ST005,106,6,0.0,0.0,0.0,43.6,True,True
ST005,107,6,0.0,0.0,0.0,44.9,True,True
ST005,108,6,0.0,0.0,0.0,40.7,True,True
ST005,109,6,0.0,0.0,0.0,51.4,True,False
ST005,110,6,0.0,0.0,0.0,47.2,True,True
ST005,111,6,0.0,0.0,0.0,52.1,True,False
ST005,112,6,0.0,0.0,0.0,49.8,True,True
ST005,113,6,0.0,0.0,0.0,54.1,True,False
ST005,114,6,0.0,0.0,0.0,48.9,True,True
ST005,115,6,0.0,0.0,0.0,50.7,True,False
ST005,116,6,0.0,0.0,0.0,48.0,True,True
ST005,117,6,0.0,0.0,0.0,39.9,True,True
ST005,118,6,0.0,0.0,0.0,50.0,True,False
ST005,119,6,0.0,0.0,0.0,49.1,True,True
ST005,120,6,0.0,0.0,0.0,41.4,True,True
ST005,121,6,0.0,0.0,0.0,46.0,True,True
ST005,122,6,0.0,0.0,0.0,53.8,True,False
ST005,123,6,0.0,0.0,0.0,57.4,True,False
ST005,124,6,0.0,0.0,0.0,53.0,True,False
ST005,125,6,0.0,0.0,0.0,47.2,True,True
ST005,126,6,0.0,0.0,0.0,42.4,True,True
ST005,127,6,0.0,0.0,0.0,42.2,True,True
ST005,128,6,0.0,0.0,0.0,45.2,True,True
ST005,129,6,0.0,0.0,0.0,54.1,True,False
ST005,130,6,0.0,0.0,0.0,52.4,True,False
ST005,131,6,0.0,0.0,0.0,48.4,True,True
ST005,132,6,0.0,0.0,0.0,47.3,True,True
ST005,133,6,0.0,0.0,0.0,51.7,True,False
ST005,134,6,0.0,0.0,0.0,43.4,True,True
ST005,135,6,0.0,0.0,0.0,54.4,True,False
ST005,136,6,0.0,0.0,0.0,49.0,True,True
ST005,137,6,0.0,0.0,0.0,48.5,True,True
ST005,138,6,0.0,0.0,0.0,53.4,True,False
ST005,139,6,0.0,0.0,0.0,46.7,True,True
ST005,140,6,0.0,0.0,0.0,49.6,True,True
ST005,141,6,0.0,0.0,0.0,51.7,True,False
ST005,142,6,0.0,0.0,0.0,41.9,True,True
ST005,143,6,0.0,0.0,0.0,44.5,True,True
ST005,144,6,0.0,0.0,0.0,51.3,True,False
ST005,145,6,0.0,0.0,0.0,50.9,True,False
ST005,146,6,0.0,0.0,0.0,49.3,True,True
ST005,147,6,0.0,0.0,0.0,48.8,True,True
ST005,148,6,0.0,0.0,0.0,54.1,True,False
ST005,149,6,0.0,0.0,0.0,46.0,True,True
ST005,150,6,0.0,0.0,0.0,41.8,True,True
ST005,151,6,0.0,0.0,0.0,45.7,True,True
ST005,152,6,0.0,0.0,0.0,42.2,True,True
ST005,153,6,0.0,0.0,0.0,50.0,True,False
ST005,154,6,0.0,0.0,0.0,45.5,True,True
ST005,155,6,0.0,0.0,0.0,46.3,True,True
ST005,156,6,0.0,0.0,0.0,44.6,True,True
ST005,157,6,0.0,0.0,0.0,50.9,True,False
ST005,158,6,0.0,0.0,0.0,50.7,True,False
ST005,159,6,0.0,0.0,0.0,46.6,True,True
ST005,160,6,0.0,0.0,0.0,38.5,True,True
ST005,161,6,0.0,0.0,0.0,50.5,True,False
ST005,162,6,0.0,0.0,0.0,45.2,True,True
ST005,163,6,0.0,0.0,0.0,44.8,True,True
ST005,164,6,0.0,0.0,0.0,55.2,True,False
ST005,165,6,0.0,0.0,0.0,47.0,True,True
ST005,166,6,0.0,0.0,0.0,49.5,True,True
ST005,167,6,0.0,0.0,0.0,40.2,True,True
ST005,168,6,0.0,0.0,0.0,50.9,True,False
ST005,169,6,0.0,0.0,0.0,45.6,True,True
ST005,170,6,0.0,0.0,0.0,47.1,True,True
ST005,171,6,0.0,0.0,0.0,46.9,True,True
ST005,172,6,0.0,0.0,0.0,49.3,True,True
ST005,173,6,0.0,0.0,0.0,52.1,True,False
ST005,174,6,0.0,0.0,0.0,49.3,True,True
ST005,175,6,0.0,0.0,0.0,43.2,True,True
ST005,176,6,0.0,0.0,0.0,45.4,True,True
ST005,177,6,0.0,0.0,0.0,51.9,True,False
ST005,178,6,0.0,0.0,0.0,51.2,True,False
ST005,179,6,0.0,0.0,0.0,43.9,True,True
ST005,180,6,0.0,0.0,0.0,52.5,True,False
ST005,181,6,0.0,0.0,0.0,51.8,True,False
ST005,182,6,0.0,0.0,0.0,52.0,True,False
ST005,183,6,0.0,0.0,0.0,56.7,True,False
ST005,184,6,0.0,0.0,0.0,54.9,True,False
ST005,185,6,0.0,0.0,0.0,51.0,True,False
ST005,186,6,0.0,0.0,0.0,49.3,True,True
ST005,187,6,0.0,0.0,0.0,52.4,True,False
ST005,188,6,0.0,0.0,0.0,53.1,True,False
ST005,189,6,0.0,0.0,0.0,45.1,True,True
ST005,190,6,0.0,0.0,0.0,47.5,True,True
ST005,191,6,0.0,0.0,0.0,48.4,True,True
ST005,192,6,0.0,0.0,0.0,53.0,True,False
ST005,193,6,0.0,0.0,0.0,46.1,True,True
ST005,194,6,0.0,0.0,0.0,47.7,True,True
ST005,195,6,0.0,0.0,0.0,48.9,True,True
ST005,196,6,0.0,0.0,0.0,52.2,True,False
ST005,197,6,0.0,0.0,0.0,44.7,True,True
ST005,198,6,0.0,0.0,0.0,46.2,True,True
ST005,199,6,0.0,0.0,0.0,46.1,True,True
ST005,200,6,0.0,0.0,0.0,50.7,True,False
ST005,201,6,0.0,0.0,0.0,44.9,True,True
ST005,202,6,0.0,0.0,0.0,49.7,True,True
ST005,203,6,0.0,0.0,0.0,44.6,True,True
ST005,204,6,0.0,0.0,0.0,47.2,True,True
ST005,205,6,0.0,0.0,0.0,48.3,True,True
ST005,206,6,0.0,0.0,0.0,56.4,True,False
ST005,207,6,0.0,0.0,0.0,51.3,True,False
ST005,208,6,0.0,0.0,0.0,45.1,True,True
ST005,209,6,0.0,0.0,0.0,55.6,True,False
ST005,210,6,0.0,0.0,0.0,55.4,True,False
ST005,211,6,0.0,0.0,0.0,46.4,True,True
ST005,212,6,0.0,0.0,0.0,55.8,True,False
ST005,213,6,0.0,0.0,0.0,43.9,True,True
ST005,214,6,0.0,0.0,0.0,51.4,True,False
ST005,215,6,0.0,0.0,0.0,51.9,True,False
ST005,216,6,0.0,0.0,0.0,50.3,True,False
ST005,217,6,0.0,0.0,0.0,50.9,True,False
ST005,218,6,0.0,0.0,0.0,49.6,True,True
ST005,219,6,0.0,0.0,0.0,53.5,True,False
ST005,220,6,0.0,0.0,0.0,43.8,True,True
ST005,221,6,0.0,0.0,0.0,47.9,True,True
ST005,222,6,0.0,0.0,0.0,54.9,True,False
ST005,223,6,0.0,0.0,0.0,49.9,True,True
ST005,224,6,0.0,0.0,0.0,43.3,True,True
ST005,225,6,0.0,0.0,0.0,51.4,True,False
ST005,226,6,0.0,0.0,0.0,48.7,True,True
ST005,227,6,0.0,0.0,0.0,44.3,True,True
ST005,228,6,0.0,0.0,0.0,46.0,True,True
ST005,229,6,0.0,0.0,0.0,49.2,True,True
ST005,230,6,0.0,0.0,0.0,36.7,True,True
ST005,231,6,0.0,0.0,0.0,43.9,True,True
ST005,232,6,0.0,0.0,0.0,53.1,True,False
ST005,233,6,0.0,0.0,0.0,47.4,True,True
ST005,234,6,0.0,0.0,0.0,44.6,True,True
ST005,235,6,0.0,0.0,0.0,49.5,True,True
ST005,236,6,0.0,0.0,0.0,51.3,True,False
ST005,237,6,0.0,0.0,0.0,40.2,True,True
ST005,238,6,0.0,0.0,0.0,48.5,True,True
ST005,239,6,0.0,0.0,0.0,49.6,True,True
ST005,240,6,0.0,0.0,0.0,46.4,True,True
ST005,241,6,0.0,0.0,0.0,46.5,True,True
ST005,242,6,0.0,0.0,0.0,41.0,True,True
ST005,243,6,0.0,0.0,0.0,54.0,True,False
ST005,244,6,0.0,0.0,0.0,45.5,True,True
ST005,245,6,0.0,0.0,0.0,35.3,True,True
ST005,246,6,0.0,0.0,0.0,49.8,True,True
ST005,247,6,0.0,0.0,0.0,48.4,True,True
ST005,248,6,0.0,0.0,0.0,49.8,True,True
ST005,249,6,0.0,0.0,0.0,52.3,True,False
ST005,250,6,0.0,0.0,0.0,43.0,True,True
ST005,251,6,0.0,0.0,0.0,45.4,True,True
ST005,252,6,0.0,0.0,0.0,50.6,True,False
ST005,253,6,0.0,0.0,0.0,38.1,True,True
ST005,254,6,0.0,0.0,0.0,49.3,True,True
ST005,255,6,0.0,0.0,0.0,53.3,True,False
ST005,256,6,0.0,0.0,0.0,49.1,True,True
ST005,257,6,0.0,0.0,0.0,44.2,True,True
ST005,258,6,0.0,0.0,0.0,47.3,True,True
ST005,259,6,0.0,0.0,0.0,48.9,True,True
ST005,260,6,0.0,0.0,0.0,45.2,True,True
ST005,261,6,0.0,0.0,0.0,51.2,True,False
ST005,262,6,0.0,0.0,0.0,49.1,True,True
ST005,263,6,0.0,0.0,0.0,44.2,True,True
ST005,264,6,0.0,0.0,0.0,46.5,True,True
ST005,265,6,0.0,0.0,0.0,49.1,True,True
ST005,266,6,0.0,0.0,0.0,46.9,True,True
ST005,267,6,0.0,0.0,0.0,41.8,True,True
ST005,268,6,0.0,0.0,0.0,51.6,True,False
ST005,269,6,0.0,0.0,0.0,55.7,True,False
ST005,270,6,0.0,0.0,0.0,46.2,True,True
ST005,271,6,0.0,0.0,0.0,41.1,True,True
ST005,272,6,0.0,0.0,0.0,48.9,True,True
ST005,273,6,0.0,0.0,0.0,51.7,True,False
ST005,274,6,0.0,0.0,0.0,44.0,True,True
ST005,275,6,0.0,0.0,0.0,47.5,True,True
ST005,276,6,0.0,0.0,0.0,52.2,True,False
ST005,277,6,0.0,0.0,0.0,48.3,True,True
ST005,278,6,0.0,0.0,0.0,42.0,True,True
ST005,279,6,0.0,0.0,0.0,52.6,True,False
ST005,280,6,0.0,0.0,0.0,47.2,True,True
ST005,281,6,0.0,0.0,0.0,51.2,True,False
ST005,282,6,0.0,0.0,0.0,49.1,True,True
ST005,283,6,0.0,0.0,0.0,44.2,True,True
ST005,284,6,0.0,0.0,0.0,41.6,True,True
ST005,285,6,0.0,0.0,0.0,41.8,True,True
ST005,286,6,0.0,0.0,0.0,51.3,True,False
ST005,287,6,0.0,0.0,0.0,49.3,True,True
ST005,288,6,0.0,0.0,0.0,47.1,True,True
ST005,289,6,0.0,0.0,0.0,47.4,True,True
ST005,290,6,0.0,0.0,0.0,49.7,True,True
ST005,291,6,0.0,0.0,0.0,50.8,True,False
ST005,292,6,0.0,0.0,0.0,47.2,True,True
ST005,293,6,0.0,0.0,0.0,55.0,True,False
ST005,294,6,0.0,0.0,0.0,55.6,True,False
ST005,295,6,0.0,0.0,0.0,53.7,True,False
ST005,296,6,0.0,0.0,0.0,48.2,True,True
ST005,297,6,0.0,0.0,0.0,49.2,True,True
ST005,298,6,0.0,0.0,0.0,55.2,True,False
ST005,299,6,0.0,0.0,0.0,46.2,True,True
ST005,300,6,0.0,0.0,0.0,50.7,True,False
ST005,301,6,0.0,0.0,0.0,44.4,True,True
ST005,302,6,0.0,0.0,0.0,52.7,True,False
ST005,303,6,0.0,0.0,0.0,52.2,True,False
ST005,304,6,0.0,0.0,0.0,55.3,True,False
ST005,305,6,0.0,0.0,0.0,43.2,True,True
ST005,306,6,0.0,0.0,0.0,49.9,True,True
ST005,307,6,0.0,0.0,0.0,48.7,True,True
ST005,308,6,0.0,0.0,0.0,50.6,True,False
ST005,309,6,0.0,0.0,0.0,50.2,True,False
ST005,310,6,0.0,0.0,0.0,51.9,True,False
ST005,311,6,0.0,0.0,0.0,45.5,True,True
ST005,312,6,0.0,0.0,0.0,57.9,True,False
ST005,313,6,0.0,0.0,0.0,51.6,True,False
ST005,314,6,0.0,0.0,0.0,47.9,True,True
ST005,315,6,0.0,0.0,0.0,46.1,True,True
ST005,316,6,0.0,0.0,0.0,37.3,True,True
ST005,317,6,0.0,0.0,0.0,52.3,True,False
ST005,318,6,0.0,0.0,0.0,49.6,True,True
ST005,319,6,0.0,0.0,0.0,48.0,True,True
ST005,320,6,0.0,0.0,0.0,52.4,True,False
ST005,321,6,0.0,0.0,0.0,52.7,True,False
ST005,322,6,0.0,0.0,0.0,52.9,True,False
ST005,323,6,0.0,0.0,0.0,41.4,True,True
ST005,324,6,0.0,0.0,0.0,54.2,True,False
ST005,325,6,0.0,0.0,0.0,46.0,True,True
ST005,326,6,0.0,0.0,0.0,41.4,True,True
ST005,327,6,0.0,0.0,0.0,48.5,True,True
ST005,328,6,0.0,0.0,0.0,50.5,True,False
ST005,329,6,0.0,0.0,0.0,45.9,True,True
ST005,330,6,0.0,0.0,0.0,45.9,True,True
ST005,331,6,0.0,0.0,0.0,45.1,True,True
ST005,332,6,0.0,0.0,0.0,48.0,True,True
ST005,333,6,0.0,0.0,0.0,44.8,True,True
ST005,334,6,0.0,0.0,0.0,43.9,True,True
ST005,335,6,0.0,0.0,0.0,40.9,True,True
ST005,336,6,0.0,0.0,0.0,55.4,True,False
ST005,337,6,0.0,0.0,0.0,42.5,True,True
ST005,338,6,0.0,0.0,0.0,53.8,True,False
ST005,339,6,0.0,0.0,0.0,47.1,True,True
ST005,340,6,0.0,0.0,0.0,50.5,True,False
ST005,341,6,0.0,0.0,0.0,52.4,True,False
ST005,342,6,0.0,0.0,0.0,50.4,True,False
ST005,343,6,0.0,0.0,0.0,47.0,True,True
ST005,344,6,0.0,0.0,0.0,48.8,True,True
ST005,345,6,0.0,0.0,0.0,49.0,True,True
ST005,346,6,0.0,0.0,0.0,53.6,True,False
ST005,347,6,0.0,0.0,0.0,51.5,True,False
ST005,348,6,0.0,0.0,0.0,53.3,True,False
ST005,349,6,0.0,0.0,0.0,48.5,True,True
ST005,350,6,0.0,0.0,0.0,50.3,True,False
ST005,351,6,0.0,0.0,0.0,48.8,True,True
ST005,352,6,0.0,0.0,0.0,46.5,True,True
ST005,353,6,0.0,0.0,0.0,51.1,True,False
ST005,354,6,0.0,0.0,0.0,54.8,True,False
ST005,355,6,0.0,0.0,0.0,37.4,True,True
ST005,356,6,0.0,0.0,0.0,53.8,True,False
ST005,357,6,0.0,0.0,0.0,43.0,True,True
ST005,358,6,0.0,0.0,0.0,47.3,True,True
ST005,359,6,0.0,0.0,0.0,47.3,True,True
ST005,360,6,0.0,0.0,0.0,50.0,True,False
ST005,361,6,0.0,0.0,0.0,52.0,True,False
ST005,362,6,0.0,0.0,0.0,47.0,True,True
ST005,363,6,0.0,0.0,0.0,49.3,True,True
ST005,364,6,0.0,0.0,0.0,50.2,True,False
ST005,365,6,0.0,0.0,0.0,52.2,True,False
ST005,366,6,0.0,0.0,0.0,48.6,True,True
ST005,367,6,0.0,0.0,0.0,51.4,True,False
ST005,368,6,0.0,0.0,0.0,48.2,True,True
ST005,369,6,0.0,0.0,0.0,44.6,True,True
ST005,370,6,0.0,0.0,0.0,53.7,True,False
ST005,371,6,0.0,0.0,0.0,42.4,True,True
ST005,372,6,0.0,0.0,0.0,42.7,True,True
ST005,373,6,0.0,0.0,0.0,47.7,True,True
ST005,374,6,0.0,0.0,0.0,38.2,True,True
ST005,375,6,0.0,0.0,0.0,43.9,True,True
ST005,376,6,0.0,0.0,0.0,51.7,True,False
ST005,377,6,0.0,0.0,0.0,46.4,True,True
ST005,378,6,0.0,0.0,0.0,43.5,True,True
ST005,379,6,0.0,0.0,0.0,44.5,True,True
ST005,380,6,0.0,0.0,0.0,50.4,True,False
ST005,381,6,0.0,0.0,0.0,38.2,True,True
ST005,382,6,0.0,0.0,0.0,44.7,True,True
ST005,383,6,0.0,0.0,0.0,48.8,True,True
ST005,384,6,0.0,0.0,0.0,46.7,True,True
ST005,385,6,0.0,0.0,0.0,51.9,True,False
ST005,386,6,0.0,0.0,0.0,49.4,True,True
ST005,387,6,0.0,0.0,0.0,46.4,True,True
ST005,388,6,0.0,0.0,0.0,47.6,True,True
ST005,389,6,0.0,0.0,0.0,53.9,True,False
ST005,390,6,0.0,0.0,0.0,49.1,True,True
ST005,391,6,0.0,0.0,0.0,54.8,True,False
ST005,392,6,0.0,0.0,0.0,48.6,True,True
ST005,393,6,0.0,0.0,0.0,48.7,True,True
ST005,394,6,0.0,0.0,0.0,40.2,True,True
ST005,395,6,0.0,0.0,0.0,51.7,True,False
ST005,396,6,0.0,0.0,0.0,47.8,True,True
ST005,397,6,0.0,0.0,0.0,50.4,True,False
ST005,398,6,0.0,0.0,0.0,49.0,True,True
ST005,399,6,0.0,0.0,0.0,54.5,True,False
ST005,400,6,0.0,0.0,0.0,45.6,True,True
ST005,401,6,0.0,0.0,0.0,52.9,True,False
ST005,402,6,0.0,0.0,0.0,47.4,True,True
ST005,403,6,0.0,0.0,0.0,50.5,True,False
ST005,404,6,0.0,0.0,0.0,51.1,True,False
ST005,405,6,0.0,0.0,0.0,48.3,True,True
ST005,406,6,0.0,0.0,0.0,47.7,True,True
ST005,407,6,0.0,0.0,0.0,44.5,True,True
ST005,408,6,0.0,0.0,0.0,41.7,True,True
ST005,409,6,0.0,0.0,0.0,47.7,True,True
ST005,410,6,0.0,0.0,0.0,48.2,True,True
ST005,411,6,0.0,0.0,0.0,47.6,True,True
ST005,412,6,0.0,0.0,0.0,43.9,True,True
ST005,413,6,0.0,0.0,0.0,53.8,True,False
ST005,414,6,0.0,0.0,0.0,49.0,True,True
ST005,415,6,0.0,0.0,0.0,47.2,True,True
ST005,416,6,0.0,0.0,0.0,48.8,True,True
ST005,417,6,0.0,0.0,0.0,46.4,True,True
ST005,418,6,0.0,0.0,0.0,44.6,True,True
ST005,419,6,0.0,0.0,0.0,50.3,True,False
ST005,420,6,0.0,0.0,0.0,47.6,True,True
ST005,421,6,0.0,0.0,0.0,56.4,True,False
ST005,422,6,0.0,0.0,0.0,50.2,True,False
ST005,423,6,0.0,0.0,0.0,52.8,True,False
ST005,424,6,0.0,0.0,0.0,48.3,True,True
ST005,425,6,0.0,0.0,0.0,46.1,True,True
ST005,426,6,0.0,0.0,0.0,48.6,True,True
ST005,427,6,0.0,0.0,0.0,50.2,True,False
ST005,428,6,0.0,0.0,0.0,46.1,True,True
ST005,429,6,0.0,0.0,0.0,48.6,True,True
ST005,430,6,0.0,0.0,0.0,51.8,True,False
ST005,431,6,0.0,0.0,0.0,53.2,True,False
ST005,432,6,0.0,0.0,0.0,46.1,True,True
ST005,433,6,0.0,0.0,0.0,42.1,True,True
ST005,434,6,0.0,0.0,0.0,48.3,True,True
ST005,435,6,0.0,0.0,0.0,53.3,True,False
ST005,436,6,0.0,0.0,0.0,44.9,True,True
ST005,437,6,0.0,0.0,0.0,47.5,True,True
ST005,438,6,0.0,0.0,0.0,53.7,True,False
ST005,439,6,0.0,0.0,0.0,41.7,True,True
ST005,440,6,0.0,0.0,0.0,49.2,True,True
ST005,441,6,0.0,0.0,0.0,48.3,True,True
ST005,442,6,0.0,0.0,0.0,47.3,True,True
ST005,443,6,0.0,0.0,0.0,54.3,True,False
ST005,444,6,0.0,0.0,0.0,51.9,True,False
ST005,445,6,0.0,0.0,0.0,45.4,True,True
ST005,446,6,0.0,0.0,0.0,58.0,True,False
ST005,447,6,0.0,0.0,0.0,38.7,True,True
ST005,448,6,0.0,0.0,0.0,41.2,True,True
ST005,449,6,0.0,0.0,0.0,47.8,True,True
ST005,450,6,0.0,0.0,0.0,52.6,True,False
ST005,451,6,0.0,0.0,0.0,45.3,True,True
ST005,452,6,0.0,0.0,0.0,53.1,True,False
ST005,453,6,0.0,0.0,0.0,50.0,True,False
ST005,454,6,0.0,0.0,0.0,58.5,True,False
ST005,455,6,0.0,0.0,0.0,50.4,True,False
ST005,456,6,0.0,0.0,0.0,48.2,True,True
ST005,457,6,0.0,0.0,0.0,45.5,True,True
ST005,458,6,0.0,0.0,0.0,51.2,True,False
ST005,459,6,0.0,0.0,0.0,53.4,True,False
ST005,460,6,0.0,0.0,0.0,46.2,True,True
ST005,461,6,0.0,0.0,0.0,46.2,True,True
ST005,462,6,0.0,0.0,0.0,53.0,True,False
ST005,463,6,0.0,0.0,0.0,42.8,True,True
ST005,464,6,0.0,0.0,0.0,55.9,True,False
ST005,465,6,0.0,0.0,0.0,58.7,True,False
ST005,466,6,0.0,0.0,0.0,58.1,True,False
ST005,467,6,0.0,0.0,0.0,58.2,True,False
ST005,468,6,0.0,0.0,0.0,57.1,True,False
ST005,469,6,0.0,0.0,0.0,48.0,True,True
ST005,470,6,0.0,0.0,0.0,50.4,True,False
ST005,471,6,0.0,0.0,0.0,51.6,True,False
ST005,472,6,0.0,0.0,0.0,49.1,True,True
ST005,473,6,0.0,0.0,0.0,48.4,True,True
ST005,474,6,0.0,0.0,0.0,51.8,True,False
ST005,475,6,0.0,0.0,0.0,49.9,True,True
ST005,476,6,0.0,0.0,0.0,54.7,True,False
ST005,477,6,0.0,0.0,0.0,53.8,True,False
ST005,478,6,0.0,0.0,0.0,48.1,True,True
ST005,479,6,0.0,0.0,0.0,46.6,True,True
ST005,480,6,0.0,0.0,0.0,43.8,True,True
ST005,481,6,0.0,0.0,0.0,39.5,True,True
ST005,482,6,0.0,0.0,0.0,48.1,True,True
ST005,483,6,0.0,0.0,0.0,46.9,True,True
ST005,484,6,0.0,0.0,0.0,48.1,True,True
ST005,485,6,0.0,0.0,0.0,51.7,True,False
ST005,486,6,0.0,0.0,0.0,46.7,True,True
ST005,487,6,0.0,0.0,0.0,44.9,True,True
ST005,488,6,0.0,0.0,0.0,49.4,True,True
ST005,489,6,0.0,0.0,0.0,39.3,True,True
ST005,490,6,0.0,0.0,0.0,50.0,True,False
ST005,491,6,0.0,0.0,0.0,45.3,True,True
ST005,492,6,0.0,0.0,0.0,55.6,True,False
ST005,493,6,0.0,0.0,0.0,53.5,True,False
ST005,494,6,0.0,0.0,0.0,50.2,True,False
ST005,495,6,0.0,0.0,0.0,54.5,True,False
ST005,496,6,0.0,0.0,0.0,48.6,True,True
ST005,497,6,0.0,0.0,0.0,45.0,True,True
ST005,498,6,0.0,0.0,0.0,48.7,True,True
ST005,499,6,0.0,0.0,0.0,51.4,True,False
ST005,500,6,0.0,0.0,0.0,46.4,True,True
ST005,501,6,0.0,0.0,0.0,53.3,True,False
ST005,502,6,0.0,0.0,0.0,52.7,True,False
ST005,503,6,0.0,0.0,0.0,53.2,True,False
ST005,504,6,0.0,0.0,0.0,39.6,True,True
ST005,505,6,0.0,0.0,0.0,41.3,True,True
ST005,506,6,0.0,0.0,0.0,54.3,True,False
ST005,507,6,0.0,0.0,0.0,48.9,True,True
ST005,508,6,0.0,0.0,0.0,55.7,True,False
ST005,509,6,0.0,0.0,0.0,46.7,True,True
ST005,510,6,0.0,0.0,0.0,48.4,True,True
ST005,511,6,0.0,0.0,0.0,48.2,True,True
ST005,512,6,0.0,0.0,0.0,41.6,True,True
ST005,513,6,0.0,0.0,0.0,47.2,True,True
ST005,514,6,0.0,0.0,0.0,54.8,True,False
ST005,515,6,0.0,0.0,0.0,48.0,True,True
ST005,516,6,0.0,0.0,0.0,49.4,True,True
ST005,517,6,0.0,0.0,0.0,54.2,True,False
ST005,518,6,0.0,0.0,0.0,49.2,True,True
ST005,519,6,0.0,0.0,0.0,47.6,True,True
ST005,520,6,0.0,0.0,0.0,41.8,True,True
ST005,521,6,0.0,0.0,0.0,51.5,True,False
ST005,522,6,0.0,0.0,0.0,51.9,True,False
ST005,523,6,0.0,0.0,0.0,55.6,True,False
ST005,524,6,0.0,0.0,0.0,56.0,True,False
ST005,525,6,0.0,0.0,0.0,47.0,True,True
ST005,526,6,0.0,0.0,0.0,35.2,True,True
ST005,527,6,0.0,0.0,0.0,57.3,True,False
ST005,528,6,0.0,0.0,0.0,48.2,True,True
ST005,529,6,0.0,0.0,0.0,48.4,True,True
ST005,530,6,0.0,0.0,0.0,46.0,True,True
ST005,531,6,0.0,0.0,0.0,49.9,True,True
ST005,532,6,0.0,0.0,0.0,50.5,True,False
ST005,533,6,0.0,0.0,0.0,52.1,True,False
ST005,534,6,0.0,0.0,0.0,58.0,True,False
ST005,535,6,0.0,0.0,0.0,49.5,True,True
ST005,536,6,0.0,0.0,0.0,47.1,True,True
ST005,537,6,0.0,0.0,0.0,50.2,True,False
ST005,538,6,0.0,0.0,0.0,49.9,True,True
ST005,539,6,0.0,0.0,0.0,50.1,True,False
ST005,540,6,0.0,0.0,0.0,42.5,True,True
ST005,541,6,0.0,0.0,0.0,52.8,True,False
ST005,542,6,0.0,0.0,0.0,46.1,True,True
ST005,543,6,0.0,0.0,0.0,42.2,True,True
ST005,544,6,0.0,0.0,0.0,44.4,True,True
ST005,545,6,0.0,0.0,0.0,54.9,True,False
ST005,546,6,0.0,0.0,0.0,49.9,True,True
ST005,547,6,0.0,0.0,0.0,53.9,True,False
ST005,548,6,0.0,0.0,0.0,49.0,True,True
ST005,549,6,0.0,0.0,0.0,54.4,True,False
ST005,550,6,0.0,0.0,0.0,41.9,True,True
ST005,551,6,0.0,0.0,0.0,48.7,True,True
ST005,552,6,0.0,0.0,0.0,49.7,True,True
ST005,553,6,0.0,0.0,0.0,52.1,True,False
ST005,554,6,0.0,0.0,0.0,44.9,True,True
ST005,555,6,0.0,0.0,0.0,49.1,True,True
ST005,556,6,0.0,0.0,0.0,47.5,True,True
ST005,557,6,0.0,0.0,0.0,50.5,True,False
ST005,558,6,0.0,0.0,0.0,47.8,True,True
ST005,559,6,0.0,0.0,0.0,47.0,True,True
ST005,560,6,0.0,0.0,0.0,41.0,True,True
ST005,561,6,0.0,0.0,0.0,48.7,True,True
ST005,562,6,0.0,0.0,0.0,49.9,True,True
ST005,563,6,0.0,0.0,0.0,51.5,True,False
ST005,564,6,0.0,0.0,0.0,46.3,True,True
ST005,565,6,0.0,0.0,0.0,49.9,True,True
ST005,566,6,0.0,0.0,0.0,52.3,True,False
ST005,567,6,0.0,0.0,0.0,50.1,True,False
ST005,568,6,0.0,0.0,0.0,43.5,True,True
ST005,569,6,0.0,0.0,0.0,54.6,True,False
ST005,570,6,0.0,0.0,0.0,49.7,True,True
ST005,571,6,0.0,0.0,0.0,42.9,True,True
ST005,572,6,0.0,0.0,0.0,44.7,True,True
ST005,573,6,0.0,0.0,0.0,51.8,True,False
ST005,574,6,0.0,0.0,0.0,44.8,True,True
ST005,575,6,0.0,0.0,0.0,51.0,True,False
ST005,576,6,0.0,0.0,0.0,51.1,True,False
ST005,577,6,0.0,0.0,0.0,49.0,True,True
ST005,578,6,0.0,0.0,0.0,51.8,True,False
ST005,579,6,0.0,0.0,0.0,40.4,True,True
ST005,580,6,0.0,0.0,0.0,46.7,True,True
ST005,581,6,0.0,0.0,0.0,45.1,True,True
ST005,582,6,0.0,0.0,0.0,46.5,True,True
ST005,583,6,0.0,0.0,0.0,44.4,True,True
ST005,584,6,0.0,0.0,0.0,50.9,True,False
ST005,585,6,0.0,0.0,0.0,49.3,True,True
ST005,586,6,0.0,0.0,0.0,53.5,True,False
ST005,587,6,0.0,0.0,0.0,47.4,True,True
ST005,588,6,0.0,0.0,0.0,40.8,True,True
ST005,589,6,0.0,0.0,0.0,41.9,True,True
ST005,590,6,0.0,0.0,0.0,44.3,True,True
ST005,591,6,0.0,0.0,0.0,53.0,True,False
ST005,592,6,0.0,0.0,0.0,49.6,True,True
ST005,593,6,0.0,0.0,0.0,45.6,True,True
ST005,594,6,0.0,0.0,0.0,50.7,True,False
ST005,595,6,0.0,0.0,0.0,44.3,True,True
ST005,596,6,0.0,0.0,0.0,46.1,True,True
ST005,597,6,0.0,0.0,0.0,46.2,True,True
ST005,598,6,0.0,0.0,0.0,35.9,True,True
ST005,599,6,0.0,0.0,0.0,45.2,True,True
ST005,600,6,0.0,0.0,0.0,53.0,True,False
ST005,601,6,0.0,0.0,0.0,45.6,True,True
ST005,602,6,0.0,0.0,0.0,46.9,True,True
ST005,603,6,0.0,0.0,0.0,50.7,True,False
ST005,604,6,0.0,0.0,0.0,45.5,True,True
ST005,605,6,0.0,0.0,0.0,51.9,True,False
ST005,606,6,0.0,0.0,0.0,54.0,True,False
ST005,607,6,0.0,0.0,0.0,56.5,True,False
ST005,608,6,0.0,0.0,0.0,46.6,True,True
ST005,609,6,0.0,0.0,0.0,43.6,True,True
ST005,610,6,0.0,0.0,0.0,48.4,True,True
ST005,611,6,0.0,0.0,0.0,43.4,True,True
ST005,612,6,0.0,0.0,0.0,48.7,True,True
ST005,613,6,0.0,0.0,0.0,47.3,True,True
ST005,614,6,0.0,0.0,0.0,45.3,True,True
ST005,615,6,0.0,0.0,0.0,46.0,True,True
ST005,616,6,0.0,0.0,0.0,51.6,True,False
ST005,617,6,0.0,0.0,0.0,48.9,True,True
ST005,618,6,0.0,0.0,0.0,53.8,True,False
ST005,619,6,0.0,0.0,0.0,44.3,True,True
ST005,620,6,0.0,0.0,0.0,51.1,True,False
ST005,621,6,0.0,0.0,0.0,59.9,True,False
ST005,622,6,0.0,0.0,0.0,50.4,True,False
ST005,623,6,0.0,0.0,0.0,47.8,True,True
ST005,624,6,0.0,0.0,0.0,52.6,True,False
ST005,625,6,0.0,0.0,0.0,46.4,True,True
ST005,626,6,0.0,0.0,0.0,41.2,True,True
ST005,627,6,0.0,0.0,0.0,43.2,True,True
ST005,628,6,0.0,0.0,0.0,50.9,True,False
ST005,629,6,0.0,0.0,0.0,49.4,True,True
ST005,630,6,0.0,0.0,0.0,51.0,True,False
ST005,631,6,0.0,0.0,0.0,53.9,True,False
ST005,632,6,0.0,0.0,0.0,47.7,True,True
ST005,633,6,0.0,0.0,0.0,50.6,True,False
ST005,634,6,0.0,0.0,0.0,54.0,True,False
ST005,635,6,0.0,0.0,0.0,51.8,True,False
ST005,636,6,0.0,0.0,0.0,51.2,True,False
ST005,637,6,0.0,0.0,0.0,59.9,True,False
ST005,638,6,0.0,0.0,0.0,55.5,True,False
ST005,639,6,0.0,0.0,0.0,49.2,True,True
ST005,640,6,0.0,0.0,0.0,50.0,True,False
ST005,641,6,0.0,0.0,0.0,46.3,True,True
ST005,642,6,0.0,0.0,0.0,49.3,True,True
ST005,643,6,0.0,0.0,0.0,44.1,True,True
ST005,644,6,0.0,0.0,0.0,57.2,True,False
ST005,645,6,0.0,0.0,0.0,53.8,True,False
ST005,646,6,0.0,0.0,0.0,51.3,True,False
ST005,647,6,0.0,0.0,0.0,42.0,True,True
ST005,648,6,0.0,0.0,0.0,50.6,True,False
ST005,649,6,0.0,0.0,0.0,41.0,True,True
ST005,650,6,0.0,0.0,0.0,47.0,True,True
ST005,651,6,0.0,0.0,0.0,50.2,True,False
ST005,652,6,0.0,0.0,0.0,57.7,True,False
ST005,653,6,0.0,0.0,0.0,49.2,True,True
ST005,654,6,0.0,0.0,0.0,50.8,True,False
ST005,655,6,0.0,0.0,0.0,41.4,True,True
ST005,656,6,0.0,0.0,0.0,55.4,True,False
ST005,657,6,0.0,0.0,0.0,44.8,True,True
ST005,658,6,0.0,0.0,0.0,53.6,True,False
ST005,659,6,0.0,0.0,0.0,52.3,True,False
ST005,660,6,0.0,0.0,0.0,50.9,True,False
ST005,661,6,0.0,0.0,0.0,53.4,True,False
ST005,662,6,0.0,0.0,0.0,50.2,True,False
ST005,663,6,0.0,0.0,0.0,44.2,True,True
ST005,664,6,0.0,0.0,0.0,54.4,True,False
ST005,665,6,0.0,0.0,0.0,48.8,True,True
ST005,666,6,0.0,0.0,0.0,42.8,True,True
ST005,667,6,0.0,0.0,0.0,46.9,True,True
ST005,668,6,0.0,0.0,0.0,54.6,True,False
ST005,669,6,0.0,0.0,0.0,39.9,True,True
ST005,670,6,0.0,0.0,0.0,49.5,True,True
ST005,671,6,0.0,0.0,0.0,42.2,True,True
ST005,672,6,0.0,0.0,0.0,47.3,True,True
ST005,673,6,0.0,0.0,0.0,52.8,True,False
ST005,674,6,0.0,0.0,0.0,44.6,True,True
ST005,675,6,0.0,0.0,0.0,46.8,True,True
ST005,676,6,0.0,0.0,0.0,50.4,True,False
ST005,677,6,0.0,0.0,0.0,47.1,True,True
ST005,678,6,0.0,0.0,0.0,47.7,True,True
ST005,679,6,0.0,0.0,0.0,50.8,True,False
ST005,680,6,0.0,0.0,0.0,48.3,True,True
ST005,681,6,0.0,0.0,0.0,53.0,True,False
ST005,682,6,0.0,0.0,0.0,40.0,True,True
ST005,683,6,0.0,0.0,0.0,44.8,True,True
ST005,684,6,0.0,0.0,0.0,54.7,True,False
ST005,685,6,0.0,0.0,0.0,46.5,True,True
ST005,686,6,0.0,0.0,0.0,51.4,True,False
ST005,687,6,0.0,0.0,0.0,46.3,True,True
ST005,688,6,0.0,0.0,0.0,46.8,True,True
ST005,689,6,0.0,0.0,0.0,45.4,True,True
ST005,690,6,0.0,0.0,0.0,46.0,True,True
ST005,691,6,0.0,0.0,0.0,50.6,True,False
ST005,692,6,0.0,0.0,0.0,45.4,True,True
ST005,693,6,0.0,0.0,0.0,47.3,True,True
ST005,694,6,0.0,0.0,0.0,47.3,True,True
ST005,695,6,0.0,0.0,0.0,50.3,True,False
ST005,696,6,0.0,0.0,0.0,54.8,True,False
ST005,697,6,0.0,0.0,0.0,48.8,True,True
ST005,698,6,0.0,0.0,0.0,42.8,True,True
ST005,699,6,0.0,0.0,0.0,41.7,True,True
ST005,700,6,0.0,0.0,0.0,46.8,True,True
ST005,701,6,0.0,0.0,0.0,52.2,True,False
ST005,702,6,0.0,0.0,0.0,44.2,True,True
ST005,703,6,0.0,0.0,0.0,51.3,True,False
ST005,704,6,0.0,0.0,0.0,52.5,True,False
ST005,705,6,0.0,0.0,0.0,47.7,True,True
ST005,706,6,0.0,0.0,0.0,48.4,True,True
ST005,707,6,0.0,0.0,0.0,52.5,True,False
ST005,708,6,0.0,0.0,0.0,51.6,True,False
ST005,709,6,0.0,0.0,0.0,50.2,True,False
ST005,710,6,0.0,0.0,0.0,47.6,True,True
ST005,711,6,0.0,0.0,0.0,60.9,True,False
ST005,712,6,0.0,0.0,0.0,50.4,True,False
ST005,713,6,0.0,0.0,0.0,45.4,True,True
ST005,714,6,0.0,0.0,0.0,47.1,True,True
ST005,715,6,0.0,0.0,0.0,56.2,True,False
ST005,716,6,0.0,0.0,0.0,43.7,True,True
ST005,717,6,0.0,0.0,0.0,56.0,True,False
ST005,718,6,0.0,0.0,0.0,46.0,True,True
ST005,719,6,0.0,0.0,0.0,43.7,True,True
ST005,720,6,0.0,0.0,0.0,48.2,True,True
ST005,721,6,0.0,0.0,0.0,48.6,True,True
ST005,722,6,0.0,0.0,0.0,45.9,True,True
ST005,723,6,0.0,0.0,0.0,53.8,True,False
ST005,724,6,0.0,0.0,0.0,44.2,True,True
ST005,725,6,0.0,0.0,0.0,45.4,True,True
ST005,726,6,0.0,0.0,0.0,47.2,True,True
ST005,727,6,0.0,0.0,0.0,44.6,True,True
ST005,728,6,0.0,0.0,0.0,49.2,True,True
ST005,729,6,0.0,0.0,0.0,43.5,True,True
ST005,730,6,0.0,0.0,0.0,53.3,True,False
ST005,731,6,0.0,0.0,0.0,39.7,True,True
ST005,732,6,0.0,0.0,0.0,49.7,True,True
ST005,733,6,0.0,0.0,0.0,41.5,True,True
ST005,734,6,0.0,0.0,0.0,44.6,True,True
ST005,735,6,0.0,0.0,0.0,48.8,True,True
ST005,736,6,0.0,0.0,0.0,47.7,True,True
ST005,737,6,0.0,0.0,0.0,51.3,True,False
ST005,738,6,0.0,0.0,0.0,43.1,True,True
ST005,739,6,0.0,0.0,0.0,46.7,True,True
ST005,740,6,0.0,0.0,0.0,45.5,True,True
ST005,741,6,0.0,0.0,0.0,52.1,True,False
ST005,742,6,0.0,0.0,0.0,41.9,True,True
ST005,743,6,0.0,0.0,0.0,46.0,True,True
ST005,744,6,0.0,0.0,0.0,44.9,True,True
ST005,745,6,0.0,0.0,0.0,39.7,True,True
ST005,746,6,0.0,0.0,0.0,46.3,True,True
ST005,747,6,0.0,0.0,0.0,50.1,True,False
ST005,748,6,0.0,0.0,0.0,44.1,True,True
ST005,749,6,0.0,0.0,0.0,47.1,True,True
ST005,750,6,0.0,0.0,0.0,42.1,True,True
ST005,751,6,0.0,0.0,0.0,51.9,True,False
ST005,752,6,0.0,0.0,0.0,40.6,True,True
ST005,753,6,0.0,0.0,0.0,49.7,True,True
ST005,754,6,0.0,0.0,0.0,49.7,True,True
ST005,755,6,0.0,0.0,0.0,55.1,True,False
ST005,756,6,0.0,0.0,0.0,42.1,True,True
ST005,757,6,0.0,0.0,0.0,49.2,True,True
ST005,758,6,0.0,0.0,0.0,49.1,True,True
ST005,759,6,0.0,0.0,0.0,52.8,True,False
ST005,760,6,0.0,0.0,0.0,55.9,True,False
ST005,761,6,0.0,0.0,0.0,48.2,True,True
ST005,762,6,0.0,0.0,0.0,48.0,True,True
ST005,763,6,0.0,0.0,0.0,45.7,True,True
ST005,764,6,0.0,0.0,0.0,43.5,True,True
ST005,765,6,0.0,0.0,0.0,54.7,True,False
ST005,766,6,0.0,0.0,0.0,56.1,True,False
ST005,767,6,0.0,0.0,0.0,49.7,True,True
ST005,768,6,0.0,0.0,0.0,46.4,True,True
ST005,769,6,0.0,0.0,0.0,55.2,True,False
ST005,770,6,0.0,0.0,0.0,45.2,True,True
ST005,771,6,0.0,0.0,0.0,52.1,True,False
ST005,772,6,0.0,0.0,0.0,54.8,True,False
ST005,773,6,0.0,0.0,0.0,50.4,True,False
ST005,774,6,0.0,0.0,0.0,52.6,True,False
ST005,775,6,0.0,0.0,0.0,46.7,True,True
ST005,776,6,0.0,0.0,0.0,46.4,True,True
ST005,777,6,0.0,0.0,0.0,58.6,True,False
ST005,778,6,0.0,0.0,0.0,45.4,True,True
ST005,779,6,0.0,0.0,0.0,50.9,True,False
ST005,780,6,0.0,0.0,0.0,48.0,True,True
ST005,781,6,0.0,0.0,0.0,44.1,True,True
ST005,782,6,0.0,0.0,0.0,44.5,True,True
ST005,783,6,0.0,0.0,0.0,53.6,True,False
ST005,784,6,0.0,0.0,0.0,45.6,True,True
ST005,785,6,0.0,0.0,0.0,47.2,True,True
ST005,786,6,0.0,0.0,0.0,47.4,True,True
ST005,787,6,0.0,0.0,0.0,48.1,True,True
ST005,788,6,0.0,0.0,0.0,51.2,True,False
ST005,789,6,0.0,0.0,0.0,51.7,True,False
ST005,790,6,0.0,0.0,0.0,51.3,True,False
ST005,791,6,0.0,0.0,0.0,43.3,True,True
ST005,792,6,0.0,0.0,0.0,52.8,True,False
ST005,793,6,0.0,0.0,0.0,44.7,True,True
ST005,794,6,0.0,0.0,0.0,55.4,True,False
ST005,795,6,0.0,0.0,0.0,51.4,True,False
ST005,796,6,0.0,0.0,0.0,46.9,True,True
ST005,797,6,0.0,0.0,0.0,49.5,True,True
ST005,798,6,0.0,0.0,0.0,46.4,True,True
ST005,799,6,0.0,0.0,0.0,44.8,True,True
ST005,800,6,0.0,0.0,0.0,48.9,True,True
ST005,801,6,0.0,0.0,0.0,48.5,True,True
ST005,802,6,0.0,0.0,0.0,48.3,True,True
ST005,803,6,0.0,0.0,0.0,41.2,True,True
ST005,804,6,0.0,0.0,0.0,40.2,True,True
ST005,805,6,0.0,0.0,0.0,47.7,True,True
ST005,806,6,0.0,0.0,0.0,48.6,True,True
ST005,807,6,0.0,0.0,0.0,52.1,True,False
ST005,808,6,0.0,0.0,0.0,47.6,True,True
ST005,809,6,0.0,0.0,0.0,49.9,True,True
ST005,810,6,0.0,0.0,0.0,48.8,True,True
ST005,811,6,0.0,0.0,0.0,38.7,True,True
ST005,812,6,0.0,0.0,0.0,46.9,True,True
ST005,813,6,0.0,0.0,0.0,52.4,True,False
ST005,814,6,0.0,0.0,0.0,57.3,True,False
ST005,815,6,0.0,0.0,0.0,45.1,True,True
ST005,816,6,0.0,0.0,0.0,48.3,True,True
ST005,817,6,0.0,0.0,0.0,46.5,True,True
ST005,818,6,0.0,0.0,0.0,51.0,True,False
ST005,819,6,0.0,0.0,0.0,46.4,True,True
ST005,820,6,0.0,0.0,0.0,51.4,True,False
ST005,821,6,0.0,0.0,0.0,47.0,True,True
ST005,822,6,0.0,0.0,0.0,47.2,True,True
ST005,823,6,0.0,0.0,0.0,38.3,True,True
ST005,824,6,0.0,0.0,0.0,46.9,True,True
ST005,825,6,0.0,0.0,0.0,44.5,True,True
ST005,826,6,0.0,0.0,0.0,53.6,True,False
ST005,827,6,0.0,0.0,0.0,48.8,True,True
ST005,828,6,0.0,0.0,0.0,41.1,True,True
ST005,829,6,0.0,0.0,0.0,45.0,True,True
ST005,830,6,0.0,0.0,0.0,48.7,True,True
ST005,831,6,0.0,0.0,0.0,48.3,True,True
ST005,832,6,0.0,0.0,0.0,46.5,True,True
ST005,833,6,0.0,0.0,0.0,42.2,True,True
ST005,834,6,0.0,0.0,0.0,48.8,True,True
ST005,835,6,0.0,0.0,0.0,51.3,True,False
ST005,836,6,0.0,0.0,0.0,45.3,True,True
ST005,837,6,0.0,0.0,0.0,48.2,True,True
ST005,838,6,0.0,0.0,0.0,50.0,True,False
ST005,839,6,0.0,0.0,0.0,52.3,True,False
ST005,840,6,0.0,0.0,0.0,53.6,True,False
ST005,841,6,0.0,0.0,0.0,46.4,True,True
ST005,842,6,0.0,0.0,0.0,41.6,True,True
ST005,843,6,0.0,0.0,0.0,42.6,True,True
ST005,844,6,0.0,0.0,0.0,51.9,True,False
ST005,845,6,0.0,0.0,0.0,54.0,True,False
ST005,846,6,0.0,0.0,0.0,52.2,True,False
ST005,847,6,0.0,0.0,0.0,48.5,True,True
ST005,848,6,0.0,0.0,0.0,41.3,True,True
ST005,849,6,0.0,0.0,0.0,52.6,True,False
ST005,850,6,0.0,0.0,0.0,48.0,True,True
ST005,851,6,0.0,0.0,0.0,44.5,True,True
ST005,852,6,0.0,0.0,0.0,54.4,True,False
ST005,853,6,0.0,0.0,0.0,47.5,True,True
ST005,854,6,0.0,0.0,0.0,53.2,True,False
ST005,855,6,0.0,0.0,0.0,47.0,True,True
ST005,856,6,0.0,0.0,0.0,50.0,True,False
ST005,857,6,0.0,0.0,0.0,47.3,True,True
ST005,858,6,0.0,0.0,0.0,53.7,True,False
ST005,859,6,0.0,0.0,0.0,41.9,True,True
ST005,860,6,0.0,0.0,0.0,44.8,True,True
ST005,861,6,0.0,0.0,0.0,47.6,True,True
ST005,862,6,0.0,0.0,0.0,46.2,True,True
ST005,863,6,0.0,0.0,0.0,44.7,True,True
ST005,864,6,0.0,0.0,0.0,49.6,True,True
ST005,865,6,0.0,0.0,0.0,54.6,True,False
ST005,866,6,0.0,0.0,0.0,50.1,True,False
ST005,867,6,0.0,0.0,0.0,47.4,True,True
ST005,868,6,0.0,0.0,0.0,58.7,True,False
ST005,869,6,0.0,0.0,0.0,54.0,True,False
ST005,870,6,0.0,0.0,0.0,48.3,True,True
ST005,871,6,0.0,0.0,0.0,45.7,True,True
ST005,872,6,0.0,0.0,0.0,48.5,True,True
ST005,873,6,0.0,0.0,0.0,45.0,True,True
ST005,874,6,0.0,0.0,0.0,42.4,True,True
ST005,875,6,0.0,0.0,0.0,49.7,True,True
ST005,876,6,0.0,0.0,0.0,47.8,True,True
ST005,877,6,0.0,0.0,0.0,50.6,True,False
ST005,878,6,0.0,0.0,0.0,51.8,True,False
ST005,879,6,0.0,0.0,0.0,40.8,True,True
ST005,880,6,0.0,0.0,0.0,52.2,True,False
ST005,881,6,0.0,0.0,0.0,44.6,True,True
ST005,882,6,0.0,0.0,0.0,48.5,True,True
ST005,883,6,0.0,0.0,0.0,45.5,True,True
ST005,884,6,0.0,0.0,0.0,49.8,True,True
ST005,885,6,0.0,0.0,0.0,49.0,True,True
ST005,886,6,0.0,0.0,0.0,52.4,True,False
ST005,887,6,0.0,0.0,0.0,47.9,True,True
ST005,888,6,0.0,0.0,0.0,45.6,True,True
ST005,889,6,0.0,0.0,0.0,44.4,True,True
ST005,890,6,0.0,0.0,0.0,52.8,True,False
ST005,891,6,0.0,0.0,0.0,49.1,True,True
ST005,892,6,0.0,0.0,0.0,50.5,True,False
ST005,893,6,0.0,0.0,0.0,52.4,True,False
ST005,894,6,0.0,0.0,0.0,43.6,True,True
ST005,895,6,0.0,0.0,0.0,44.1,True,True
ST005,896,6,0.0,0.0,0.0,52.9,True,False
ST005,897,6,0.0,0.0,0.0,46.4,True,True
ST005,898,6,0.0,0.0,0.0,51.2,True,False
ST005,899,6,0.0,0.0,0.0,46.2,True,True
ST005,900,6,0.0,0.0,0.0,45.9,True,True
ST005,901,6,0.0,0.0,0.0,52.7,True,False
ST005,902,6,0.0,0.0,0.0,42.7,True,True
ST005,903,6,0.0,0.0,0.0,57.6,True,False
ST005,904,6,0.0,0.0,0.0,46.9,True,True
ST005,905,6,0.0,0.0,0.0,43.1,True,True
ST005,906,6,0.0,0.0,0.0,55.3,True,False
ST005,907,6,0.0,0.0,0.0,49.8,True,True
ST005,908,6,0.0,0.0,0.0,46.2,True,True
ST005,909,6,0.0,0.0,0.0,50.9,True,False
ST005,910,6,0.0,0.0,0.0,50.7,True,False
ST005,911,6,0.0,0.0,0.0,44.8,True,True
ST005,912,6,0.0,0.0,0.0,43.1,True,True
ST005,913,6,0.0,0.0,0.0,53.7,True,False
ST005,914,6,0.0,0.0,0.0,48.9,True,True
ST005,915,6,0.0,0.0,0.0,50.8,True,False
ST005,916,6,0.0,0.0,0.0,52.9,True,False
ST005,917,6,0.0,0.0,0.0,50.8,True,False
ST005,918,6,0.0,0.0,0.0,56.7,True,False
ST005,919,6,0.0,0.0,0.0,52.2,True,False
ST005,920,6,0.0,0.0,0.0,45.2,True,True
ST005,921,6,0.0,0.0,0.0,46.8,True,True
ST005,922,6,0.0,0.0,0.0,54.2,True,False
ST005,923,6,0.0,0.0,0.0,46.8,True,True
ST005,924,6,0.0,0.0,0.0,51.9,True,False
ST005,925,6,0.0,0.0,0.0,52.0,True,False
ST005,926,6,0.0,0.0,0.0,48.5,True,True
ST005,927,6,0.0,0.0,0.0,50.0,True,False
ST005,928,6,0.0,0.0,0.0,46.1,True,True
ST005,929,6,0.0,0.0,0.0,44.2,True,True
ST005,930,6,0.0,0.0,0.0,59.1,True,False
ST005,931,6,0.0,0.0,0.0,57.6,True,False
ST005,932,6,0.0,0.0,0.0,48.6,True,True
ST005,933,6,0.0,0.0,0.0,41.6,True,True
ST005,934,6,0.0,0.0,0.0,54.2,True,False
ST005,935,6,0.0,0.0,0.0,43.1,True,True
ST005,936,6,0.0,0.0,0.0,42.8,True,True
ST005,937,6,0.0,0.0,0.0,55.4,True,False
ST005,938,6,0.0,0.0,0.0,48.2,True,True
ST005,939,6,0.0,0.0,0.0,47.5,True,True
ST005,940,6,0.0,0.0,0.0,58.5,True,False
ST005,941,6,0.0,0.0,0.0,41.4,True,True
ST005,942,6,0.0,0.0,0.0,46.1,True,True
ST005,943,6,0.0,0.0,0.0,49.3,True,True
ST005,944,6,0.0,0.0,0.0,51.6,True,False
ST005,945,6,0.0,0.0,0.0,51.4,True,False
ST005,946,6,0.0,0.0,0.0,45.0,True,True
ST005,947,6,0.0,0.0,0.0,51.0,True,False
ST005,948,6,0.0,0.0,0.0,49.2,True,True
ST005,949,6,0.0,0.0,0.0,48.8,True,True
ST005,950,6,0.0,0.0,0.0,47.1,True,True
ST005,951,6,0.0,0.0,0.0,40.9,True,True
ST005,952,6,0.0,0.0,0.0,52.5,True,False
ST005,953,6,0.0,0.0,0.0,47.6,True,True
ST005,954,6,0.0,0.0,0.0,49.5,True,True
ST005,955,6,0.0,0.0,0.0,47.3,True,True
ST005,956,6,0.0,0.0,0.0,45.1,True,True
ST005,957,6,0.0,0.0,0.0,49.2,True,True
ST005,958,6,0.0,0.0,0.0,55.4,True,False
ST005,959,6,0.0,0.0,0.0,45.1,True,True
ST005,960,6,0.0,0.0,0.0,44.1,True,True
ST005,961,6,0.0,0.0,0.0,50.5,True,False
ST005,962,6,0.0,0.0,0.0,51.6,True,False
ST005,963,6,0.0,0.0,0.0,49.7,True,True
ST005,964,6,0.0,0.0,0.0,34.3,True,True
ST005,965,6,0.0,0.0,0.0,50.3,True,False
ST005,966,6,0.0,0.0,0.0,51.1,True,False
ST005,967,6,0.0,0.0,0.0,41.9,True,True
ST005,968,6,0.0,0.0,0.0,53.8,True,False
ST005,969,6,0.0,0.0,0.0,46.4,True,True
ST005,970,6,0.0,0.0,0.0,49.3,True,True
ST005,971,6,0.0,0.0,0.0,49.0,True,True
ST005,972,6,0.0,0.0,0.0,44.2,True,True
ST005,973,6,0.0,0.0,0.0,48.1,True,True
ST005,974,6,0.0,0.0,0.0,48.4,True,True
ST005,975,6,0.0,0.0,0.0,45.2,True,True
ST005,976,6,0.0,0.0,0.0,45.1,True,True
ST005,977,6,0.0,0.0,0.0,45.5,True,True
ST005,978,6,0.0,0.0,0.0,48.1,True,True
ST005,979,6,0.0,0.0,0.0,56.5,True,False
ST005,980,6,0.0,0.0,0.0,53.6,True,False
ST005,981,6,0.0,0.0,0.0,40.8,True,True
ST005,982,6,0.0,0.0,0.0,47.7,True,True
ST005,983,6,0.0,0.0,0.0,47.6,True,True
ST005,984,6,0.0,0.0,0.0,60.1,True,False
ST005,985,6,0.0,0.0,0.0,46.7,True,True
ST005,986,6,0.0,0.0,0.0,49.4,True,True
ST005,987,6,0.0,0.0,0.0,49.1,True,True
ST005,988,6,0.0,0.0,0.0,49.7,True,True
ST005,989,6,0.0,0.0,0.0,49.4,True,True
ST005,990,6,0.0,0.0,0.0,46.7,True,True
ST005,991,6,0.0,0.0,0.0,45.7,True,True
ST005,992,6,0.0,0.0,0.0,50.1,True,False
ST005,993,6,0.0,0.0,0.0,47.1,True,True
ST005,994,6,0.0,0.0,0.0,46.7,True,True
ST005,995,6,0.0,0.0,0.0,48.5,True,True
ST005,996,6,0.0,0.0,0.0,47.2,True,True
ST005,997,6,0.0,0.0,0.0,43.8,True,True
ST005,998,6,0.0,0.0,0.0,48.6,True,True
ST005,999,6,0.0,0.0,0.0,57.9,True,False
ST005,1000,6,0.0,0.0,0.0,50.5,True,False
ST006,1,6,225196.4,3.14,3.14,50.1,False,False
ST006,2,6,146837.88,1.46,1.46,45.9,False,True
ST006,3,6,102486.29,1.17,1.17,45.6,False,True
ST006,4,6,162641.77,2.15,2.15,48.6,False,True
ST006,5,6,190475.08,2.18,2.18,46.9,False,True
ST006,6,6,210728.0,2.39,2.39,47.4,False,True
ST006,7,6,74379.39,0.61,0.61,47.4,False,True
ST006,8,6,206995.89,2.07,2.07,51.7,False,False
ST006,9,6,104725.36,0.97,0.97,47.9,False,True
ST006,10,6,305195.58,4.01,4.01,64.2,False,False
ST006,11,6,316106.49,4.48,4.48,54.8,False,False
ST006,12,6,187868.16,1.84,1.84,37.0,False,True
ST006,13,6,213033.43,3.1,3.1,51.4,False,False
ST006,14,6,153241.93,1.62,1.62,46.9,False,True
ST006,15,6,80042.27,0.74,0.74,56.8,False,False
ST006,16,6,141658.61,1.18,1.18,58.2,False,False
ST006,17,6,304894.07,4.73,4.73,55.5,False,False
ST006,18,6,86798.57,0.78,0.78,51.6,False,False
ST006,19,6,33620.55,0.21,0.21,45.0,False,True
ST006,20,6,30421.98,0.27,0.27,44.3,False,True
ST006,21,6,156959.65,1.55,1.55,49.6,False,True
ST006,22,6,139223.91,1.75,1.75,46.7,False,True
ST006,23,6,92664.53,0.77,0.77,43.5,False,True
ST006,24,6,119219.35,1.06,1.06,46.5,False,True
ST006,25,6,228589.89,2.95,2.95,55.9,False,False
ST006,26,6,225940.09,2.45,2.45,47.7,False,True
ST006,27,6,109055.81,1.19,1.19,50.2,False,False
ST006,28,6,100153.89,1.03,1.03,51.6,False,False
ST006,29,6,153924.41,2.09,2.09,51.6,False,False
ST006,30,6,195476.32,2.14,2.14,52.1,False,False
ST006,31,6,86014.1,0.87,0.87,48.5,False,True
ST006,32,6,190734.02,2.5,2.5,48.7,False,True
ST006,33,6,182734.16,1.84,1.84,48.4,False,True
ST006,34,6,272408.3,3.83,3.83,51.7,False,False
ST006,35,6,98197.51,0.8,0.8,48.1,False,True
ST006,36,6,131673.84,1.13,1.13,51.2,False,False
ST006,37,6,164432.32,1.94,1.94,53.7,False,False
ST006,38,6,153399.91,1.63,1.63,52.2,False,False
ST006,39,6,166271.72,1.33,1.33,50.9,False,False
ST006,40,6,237639.88,3.68,3.68,51.3,False,False
ST006,41,6,138443.61,1.42,1.42,41.3,False,True
ST006,42,6,108297.12,1.09,1.09,45.8,False,True
ST006,43,6,188304.19,2.46,2.46,53.2,False,False
ST006,44,6,191547.2,2.28,2.28,47.5,False,True
ST006,45,6,113320.77,0.88,0.88,50.1,False,False
ST006,46,6,65008.65,0.52,0.52,48.8,False,True
ST006,47,6,262514.22,4.29,4.29,55.1,False,False
ST006,48,6,309551.33,4.92,4.92,54.7,False,False
ST006,49,6,115295.56,1.2,1.2,49.2,False,True
ST006,50,6,183964.59,1.99,1.99,50.1,False,False
ST006,51,6,199354.31,2.49,2.49,45.2,False,True
ST006,52,6,73658.62,0.66,0.66,46.3,False,True
ST006,53,6,133883.04,1.6,1.6,61.9,False,False
ST006,54,6,69378.72,0.52,0.52,47.4,False,True
ST006,55,6,131630.2,1.52,1.52,48.8,False,True
ST006,56,6,233703.53,2.93,2.93,48.2,False,True
ST006,57,6,113239.45,1.05,1.05,47.1,False,True
ST006,58,6,162545.56,1.7,1.7,54.3,False,False
ST006,59,6,325831.1,5.59,5.59,52.1,False,False
ST006,60,6,100550.55,0.87,0.87,51.1,False,False
ST006,61,6,111861.91,1.01,1.01,51.7,False,False
ST006,62,6,225419.91,3.55,3.55,50.7,False,False
ST006,63,6,228420.21,3.43,3.43,59.8,False,False
ST006,64,6,69068.2,0.61,0.61,54.1,False,False
ST006,65,6,236166.94,2.96,2.96,56.3,False,False
ST006,66,6,309823.3,3.81,3.81,53.4,False,False
ST006,67,6,169514.06,2.24,2.24,49.0,False,True
ST006,68,6,121627.26,1.09,1.09,53.6,False,False
ST006,69,6,92554.62,0.98,0.98,59.4,False,False
ST006,70,6,230979.74,2.42,2.42,47.8,False,True
ST006,71,6,271338.39,3.6,3.6,57.7,False,False
ST006,72,6,57385.07,0.46,0.46,44.2,False,True
ST006,73,6,100133.87,0.87,0.87,52.1,False,False
ST006,74,6,147467.12,1.38,1.38,50.6,False,False
ST006,75,6,369350.52,8.39,7.51,56.0,False,False
ST006,76,6,225602.7,3.29,3.29,56.5,False,False
ST006,77,6,145838.4,1.39,1.39,51.1,False,False
ST006,78,6,105047.34,1.1,1.1,52.8,False,False
ST006,79,6,310563.18,4.76,4.76,52.5,False,False
ST006,80,6,258542.92,2.95,2.95,57.4,False,False
ST006,81,6,316530.81,5.5,5.33,53.3,False,False
ST006,82,6,191611.11,2.37,2.37,51.1,False,False
ST006,83,6,125116.75,1.35,1.35,52.4,False,False
ST006,84,6,266903.11,3.38,3.38,44.4,False,True
ST006,85,6,261520.14,3.8,3.8,57.9,False,False
ST006,86,6,307731.56,4.77,4.77,59.2,False,False
ST006,87,6,197271.28,2.11,2.11,49.1,False,True
ST006,88,6,63934.23,0.52,0.52,55.3,False,False
ST006,89,6,286119.48,4.29,4.29,46.0,False,True
ST006,90,6,187175.6,2.42,2.42,53.7,False,False
ST006,91,6,307057.3,4.98,4.98,40.6,False,True
ST006,92,6,137855.2,1.18,1.18,56.6,False,False
ST006,93,6,273139.67,3.55,3.55,51.7,False,False
ST006,94,6,288084.31,4.86,4.86,48.5,False,True
ST006,95,6,227981.1,2.62,2.62,54.5,False,False
ST006,96,6,94638.8,0.78,0.78,51.1,False,False
ST006,97,6,228473.25,3.14,3.14,48.2,False,True
ST006,98,6,231055.96,3.74,3.74,56.5,False,False
ST006,99,6,110333.33,0.97,0.97,46.4,False,True
ST006,100,6,90331.34,0.9,0.9,51.0,False,False
ST006,101,6,268574.01,3.43,3.43,50.1,False,False
ST006,102,6,105798.48,0.97,0.97,48.7,False,True
ST006,103,6,146056.71,1.88,1.88,47.1,False,True
ST006,104,6,36920.41,0.3,0.3,44.8,False,True
ST006,105,6,148037.78,1.64,1.64,48.7,False,True
ST006,106,6,333672.07,5.58,5.58,59.8,False,False
ST006,107,6,172033.2,1.88,1.88,51.1,False,False
ST006,108,6,120449.19,0.95,0.95,58.9,False,False
ST006,109,6,206331.97,2.12,2.12,52.6,False,False
ST006,110,6,207885.49,2.43,2.43,53.8,False,False
ST006,111,6,0.0,0.0,0.0,51.5,True,False
ST006,112,6,296696.46,5.29,5.09,55.4,False,False
ST006,113,6,208337.61,2.53,2.53,49.4,False,True
ST006,114,6,155058.32,1.46,1.46,50.8,False,False
ST006,115,6,42735.58,0.36,0.36,50.3,False,False
ST006,116,6,200682.7,2.38,2.38,55.0,False,False
ST006,117,6,192563.1,1.96,1.96,54.4,False,False
ST006,118,6,171387.36,1.6,1.6,51.9,False,False
ST006,119,6,126729.36,1.21,1.21,49.1,False,True
ST006,120,6,291092.7,4.28,4.28,59.7,False,False
ST006,121,6,254197.06,3.7,3.7,52.9,False,False
ST006,122,6,0.0,0.0,0.0,38.3,True,True
ST006,123,6,219867.34,3.04,3.04,51.0,False,False
ST006,124,6,227672.99,2.34,2.34,42.6,False,True
ST006,125,6,250013.92,2.67,2.67,50.6,False,False
ST006,126,6,152936.9,1.62,1.62,54.9,False,False
ST006,127,6,319025.03,4.76,4.76,49.1,False,True
ST006,128,6,117152.61,1.31,1.31,50.9,False,False
ST006,129,6,141687.02,1.29,1.29,52.7,False,False
ST006,130,6,232984.17,3.16,3.16,49.8,False,True
ST006,131,6,78537.59,0.77,0.77,46.0,False,True
ST006,132,6,323168.02,6.5,6.24,61.1,False,False
ST006,133,6,194110.68,2.19,2.19,55.8,False,False
ST006,134,6,115238.6,1.23,1.23,54.4,False,False
ST006,135,6,203887.43,2.61,2.61,50.8,False,False
ST006,136,6,312264.63,5.62,5.47,53.2,False,False
ST006,137,6,0.0,0.0,0.0,51.7,True,False
ST006,138,6,128866.82,1.25,1.25,49.7,False,True
ST006,139,6,308390.28,4.64,4.64,51.1,False,False
ST006,140,6,49028.31,0.41,0.41,51.4,False,False
ST006,141,6,265847.06,3.14,3.14,46.7,False,True
ST006,142,6,147877.33,1.49,1.49,50.7,False,False
ST006,143,6,246327.97,3.12,3.12,44.5,False,True
ST006,144,6,74641.89,0.64,0.64,51.5,False,False
ST006,145,6,303121.17,5.61,4.93,55.3,False,False
ST006,146,6,105589.71,0.86,0.86,48.0,False,True
ST006,147,6,139643.46,1.55,1.55,54.6,False,False
ST006,148,6,187300.4,2.03,2.03,49.4,False,True
ST006,149,6,140331.46,1.16,1.16,53.6,False,False
ST006,150,6,153118.11,1.32,1.32,53.1,False,False
ST006,151,6,280214.11,4.55,4.55,49.5,False,True
ST006,152,6,268596.68,3.5,3.5,56.4,False,False
ST006,153,6,182671.12,2.35,2.35,45.7,False,True
ST006,154,6,164655.91,1.64,1.64,47.3,False,True
ST006,155,6,130447.1,1.32,1.32,53.6,False,False
ST006,156,6,152116.98,1.85,1.85,47.2,False,True
ST006,157,6,211176.73,2.32,2.32,50.1,False,False
ST006,158,6,161924.49,1.56,1.56,55.3,False,False
ST006,159,6,271596.48,3.24,3.24,45.7,False,True
ST006,160,6,277703.13,4.89,4.89,50.1,False,False
ST006,161,6,119331.6,1.14,1.14,53.6,False,False
ST006,162,6,128234.46,1.39,1.39,48.8,False,True
ST006,163,6,304375.34,6.2,6.03,52.9,False,False
ST006,164,6,282956.47,4.49,4.34,52.3,False,False
ST006,165,6,63935.15,0.67,0.67,49.8,False,True
ST006,166,6,357612.49,6.09,6.09,59.3,False,False
ST006,167,6,335151.54,5.52,5.52,54.6,False,False
ST006,168,6,234383.96,3.77,3.77,51.6,False,False
ST006,169,6,281855.56,4.2,4.2,55.8,False,False
ST006,170,6,127868.14,1.79,1.79,40.6,False,True
ST006,171,6,51605.67,0.49,0.49,43.7,False,True
ST006,172,6,229774.78,2.9,2.9,42.5,False,True
ST006,173,6,151819.65,1.43,1.43,54.3,False,False
ST006,174,6,122891.62,1.36,1.36,56.5,False,False
ST006,175,6,148348.54,1.94,1.94,43.4,False,True
ST006,176,6,192929.54,2.26,2.26,46.3,False,True
ST006,177,6,142135.1,1.9,1.9,41.7,False,True
ST006,178,6,67260.27,0.72,0.72,50.9,False,False
ST006,179,6,154692.32,1.96,1.96,44.3,False,True
ST006,180,6,215488.64,2.2,2.2,51.8,False,False
ST006,181,6,34014.8,0.27,0.27,50.0,False,False
ST006,182,6,138769.44,1.3,1.3,55.3,False,False
ST006,183,6,246169.21,4.42,4.27,58.6,False,False
ST006,184,6,173305.85,1.64,1.64,55.3,False,False
ST006,185,6,120478.86,1.09,1.09,41.4,False,True
ST006,186,6,159405.98,1.54,1.54,52.1,False,False
ST006,187,6,286200.02,4.67,4.67,50.4,False,False
ST006,188,6,256108.94,4.43,4.41,44.8,False,True
ST006,189,6,55952.86,0.5,0.5,41.9,False,True
ST006,190,6,206040.27,2.21,2.21,46.2,False,True
ST006,191,6,231888.99,3.48,3.48,49.3,False,True
ST006,192,6,215321.95,2.58,2.58,48.0,False,True
ST006,193,6,206297.56,2.61,2.61,49.7,False,True
ST006,194,6,173382.68,2.18,2.18,55.6,False,False
ST006,195,6,185417.42,1.78,1.78,54.4,False,False
ST006,196,6,184642.62,2.2,2.2,49.3,False,True
ST006,197,6,171836.2,2.17,2.17,55.5,False,False
ST006,198,6,162773.86,2.06,2.06,46.2,False,True
ST006,199,6,250270.44,3.09,3.09,53.1,False,False
ST006,200,6,257295.06,4.06,4.06,49.8,False,True
ST006,201,6,223565.95,2.77,2.77,47.0,False,True
ST006,202,6,256655.69,3.47,3.47,47.0,False,True
ST006,203,6,125119.18,1.08,1.08,46.9,False,True
ST006,204,6,149086.22,1.37,1.37,46.0,False,True
ST006,205,6,219732.25,2.4,2.4,53.9,False,False
ST006,206,6,230629.06,2.82,2.82,50.6,False,False
ST006,207,6,93932.37,0.88,0.88,43.5,False,True
ST006,208,6,130277.15,1.17,1.17,53.2,False,False
ST006,209,6,168462.92,1.93,1.93,55.8,False,False
ST006,210,6,102136.48,0.86,0.86,48.3,False,True
ST006,211,6,145155.15,1.39,1.39,53.8,False,False
ST006,212,6,234332.63,2.82,2.82,49.6,False,True
ST006,213,6,183685.1,2.66,2.66,50.0,False,False
ST006,214,6,167520.79,1.56,1.56,47.1,False,True
ST006,215,6,156826.58,1.65,1.65,49.0,False,True
ST006,216,6,7421.42,0.06,0.06,49.5,False,True
ST006,217,6,180727.44,2.11,2.11,51.5,False,False
ST006,218,6,281655.06,5.01,4.93,58.6,False,False
ST006,219,6,304253.26,4.5,4.5,58.0,False,False
ST006,220,6,295856.85,4.75,4.75,61.8,False,False
ST006,221,6,139669.58,1.61,1.61,43.4,False,True
ST006,222,6,255399.8,3.57,3.57,49.5,False,True
ST006,223,6,323902.18,7.19,6.59,53.9,False,False
ST006,224,6,119477.22,0.99,0.99,52.0,False,False
ST006,225,6,217622.48,2.71,2.71,46.5,False,True
ST006,226,6,243656.9,3.04,3.04,50.7,False,False
ST006,227,6,27283.77,0.2,0.2,46.5,False,True
ST006,228,6,92771.66,1.01,1.01,47.1,False,True
ST006,229,6,0.0,0.0,0.0,49.4,True,True
ST006,230,6,169967.23,1.94,1.94,56.0,False,False
ST006,231,6,279927.59,5.23,5.23,57.2,False,False
ST006,232,6,221490.16,2.96,2.96,52.9,False,False
ST006,233,6,103170.26,0.93,0.93,51.4,False,False
ST006,234,6,134201.61,1.61,1.61,47.0,False,True
ST006,235,6,123751.15,1.31,1.31,43.9,False,True
ST006,236,6,54328.53,0.45,0.45,51.8,False,False
ST006,237,6,269842.59,4.9,4.9,46.8,False,True
ST006,238,6,153028.69,1.56,1.56,46.6,False,True
ST006,239,6,205274.18,2.95,2.95,51.5,False,False
ST006,240,6,198155.88,2.22,2.22,52.6,False,False
ST006,241,6,205013.02,2.3,2.3,48.0,False,True
ST006,242,6,303150.1,4.46,4.46,52.6,False,False
ST006,243,6,195449.81,2.39,2.39,48.3,False,True
ST006,244,6,134269.07,1.16,1.16,50.4,False,False
ST006,245,6,63411.98,0.49,0.49,50.5,False,False
ST006,246,6,220461.68,2.98,2.98,43.1,False,True
ST006,247,6,68898.99,0.62,0.62,44.9,False,True
ST006,248,6,111943.29,1.1,1.1,52.5,False,False
ST006,249,6,32327.86,0.25,0.25,48.1,False,True
ST006,250,6,95766.15,0.7,0.7,49.6,False,True
ST006,251,6,0.0,0.0,0.0,48.5,True,True
ST006,252,6,59287.74,0.53,0.53,47.4,False,True
ST006,253,6,257540.46,4.01,4.01,57.0,False,False
ST006,254,6,0.0,0.0,0.0,44.8,True,True
ST006,255,6,356273.8,6.02,6.02,50.4,False,False
ST006,256,6,244524.93,4.16,4.16,48.4,False,True
ST006,257,6,156168.27,1.85,1.85,51.9,False,False
ST006,258,6,289909.95,4.82,4.82,55.2,False,False
ST006,259,6,248905.06,3.09,3.09,58.3,False,False
ST006,260,6,164712.94,1.72,1.72,51.5,False,False
ST006,261,6,31071.57,0.25,0.25,53.7,False,False
ST006,262,6,243301.53,3.14,3.14,54.2,False,False
ST006,263,6,207242.71,2.65,2.65,47.0,False,True
ST006,264,6,240616.57,2.99,2.99,43.0,False,True
ST006,265,6,354522.25,5.91,5.91,54.7,False,False
ST006,266,6,257927.37,3.9,3.85,49.8,False,True
ST006,267,6,143525.2,1.56,1.56,51.5,False,False
ST006,268,6,352840.83,5.95,5.95,61.2,False,False
ST006,269,6,85490.89,0.86,0.86,46.6,False,True
ST006,270,6,156925.81,1.44,1.44,44.9,False,True
ST006,271,6,14484.15,0.11,0.11,45.7,False,True
ST006,272,6,244052.85,3.37,3.37,43.9,False,True
ST006,273,6,295986.46,4.98,4.98,55.0,False,False
ST006,274,6,200626.54,2.27,2.27,54.6,False,False
ST006,275,6,36576.04,0.25,0.25,50.8,False,False
ST006,276,6,203091.2,2.28,2.28,52.9,False,False
ST006,277,6,0.0,0.0,0.0,50.3,True,False
ST006,278,6,319032.46,5.12,5.12,51.7,False,False
ST006,279,6,117743.48,0.91,0.91,54.7,False,False
ST006,280,6,66033.62,0.55,0.55,52.7,False,False
ST006,281,6,235675.89,3.12,3.12,49.3,False,True
ST006,282,6,240827.15,3.78,3.78,52.2,False,False
ST006,283,6,67888.64,0.74,0.74,52.1,False,False
ST006,284,6,218377.42,2.57,2.57,48.3,False,True
ST006,285,6,84128.36,0.68,0.68,49.9,False,True
ST006,286,6,202568.1,2.05,2.05,56.8,False,False
ST006,287,6,85856.23,0.82,0.82,59.3,False,False
ST006,288,6,240979.04,3.7,3.7,48.4,False,True
ST006,289,6,207348.13,2.98,2.98,52.2,False,False
ST006,290,6,164864.86,1.67,1.67,60.4,False,False
ST006,291,6,169284.31,1.92,1.92,46.7,False,True
ST006,292,6,238264.52,2.85,2.85,50.0,False,False
ST006,293,6,94136.1,0.83,0.83,46.6,False,True
ST006,294,6,272757.6,3.81,3.81,55.0,False,False
ST006,295,6,308402.68,5.16,5.16,52.1,False,False
ST006,296,6,152005.2,1.7,1.7,53.5,False,False
ST006,297,6,184140.05,2.27,2.27,44.9,False,True
ST006,298,6,168193.92,2.03,2.03,48.8,False,True
ST006,299,6,152116.21,1.92,1.92,50.6,False,False
ST006,300,6,24159.99,0.19,0.19,41.1,False,True
ST006,301,6,233639.69,2.6,2.6,56.5,False,False
ST006,302,6,164660.78,1.71,1.71,48.4,False,True
ST006,303,6,143419.78,1.65,1.65,48.1,False,True
ST006,304,6,181670.77,2.45,2.45,53.9,False,False
ST006,305,6,134868.44,1.18,1.18,53.2,False,False
ST006,306,6,0.0,0.0,0.0,47.2,True,True
ST006,307,6,136089.9,1.61,1.61,53.9,False,False
ST006,308,6,103943.32,1.02,1.02,49.5,False,True
ST006,309,6,281675.84,3.94,3.94,54.2,False,False
ST006,310,6,182553.98,2.06,2.06,46.6,False,True
ST006,311,6,276037.63,4.09,4.01,52.6,False,False
ST006,312,6,257353.19,3.89,3.89,47.1,False,True
ST006,313,6,131697.08,1.06,1.06,53.7,False,False
ST006,314,6,280131.47,4.46,4.46,59.2,False,False
ST006,315,6,216706.02,3.07,3.07,50.1,False,False
ST006,316,6,138327.84,1.38,1.38,47.9,False,True
ST006,317,6,264246.02,3.28,3.28,52.2,False,False
ST006,318,6,143963.6,1.65,1.65,47.3,False,True
ST006,319,6,62770.03,0.62,0.62,48.4,False,True
ST006,320,6,160058.8,1.67,1.67,49.0,False,True
ST006,321,6,49286.81,0.38,0.38,58.1,False,False
ST006,322,6,184346.94,1.92,1.92,46.7,False,True
ST006,323,6,294295.05,4.49,4.49,49.3,False,True
ST006,324,6,258815.98,3.77,3.77,47.5,False,True
ST006,325,6,242278.72,4.11,4.11,55.8,False,False
ST006,326,6,295480.28,4.07,4.07,50.9,False,False
ST006,327,6,265458.11,3.05,3.05,56.1,False,False
ST006,328,6,131760.4,1.22,1.22,50.2,False,False
ST006,329,6,0.0,0.0,0.0,45.1,True,True
ST006,330,6,306916.71,6.18,5.44,48.8,False,True
ST006,331,6,25034.31,0.24,0.24,49.8,False,True
ST006,332,6,0.0,0.0,0.0,47.8,True,True
ST006,333,6,219092.54,3.1,3.1,58.4,False,False
ST006,334,6,78015.01,0.57,0.57,53.8,False,False
ST006,335,6,269192.84,3.42,3.42,51.3,False,False
ST006,336,6,271633.61,3.58,3.58,51.8,False,False
ST006,337,6,190665.48,2.17,2.17,51.2,False,False
ST006,338,6,188842.5,2.21,2.21,50.6,False,False
ST006,339,6,221328.73,2.75,2.75,48.3,False,True
ST006,340,6,238302.38,3.5,3.5,51.2,False,False
ST006,341,6,210658.45,2.64,2.64,54.0,False,False
ST006,342,6,270694.12,2.85,2.85,45.2,False,True
ST006,343,6,190790.59,2.29,2.29,54.8,False,False
ST006,344,6,347052.08,6.65,6.65,48.4,False,True
ST006,345,6,164741.88,1.6,1.6,55.7,False,False
ST006,346,6,126568.52,1.53,1.53,58.4,False,False
ST006,347,6,14155.57,0.11,0.11,54.7,False,False
ST006,348,6,318875.4,5.25,5.25,57.0,False,False
ST006,349,6,192189.78,1.72,1.72,51.1,False,False
ST006,350,6,266890.36,4.18,4.18,51.1,False,False
ST006,351,6,247295.03,2.54,2.54,45.9,False,True
ST006,352,6,84092.42,0.91,0.91,47.7,False,True
ST006,353,6,88943.41,0.8,0.8,53.4,False,False
ST006,354,6,94665.23,0.89,0.89,47.2,False,True
ST006,355,6,272540.85,3.38,3.38,53.2,False,False
ST006,356,6,274565.85,5.14,5.1,52.5,False,False
ST006,357,6,170491.9,1.9,1.9,49.9,False,True
ST006,358,6,253859.38,3.11,3.11,47.9,False,True
ST006,359,6,82299.36,0.67,0.67,50.4,False,False
ST006,360,6,277921.91,3.83,3.82,61.9,False,False
ST006,361,6,272567.62,3.46,3.46,45.4,False,True
ST006,362,6,321657.2,6.24,6.04,47.7,False,True
ST006,363,6,226938.18,2.81,2.81,49.3,False,True
ST006,364,6,199833.12,1.91,1.91,44.4,False,True
ST006,365,6,131927.48,1.3,1.3,45.4,False,True
ST006,366,6,269822.68,3.49,3.49,50.4,False,False
ST006,367,6,263301.69,3.58,3.58,53.1,False,False
ST006,368,6,151457.33,1.29,1.29,53.6,False,False
ST006,369,6,306483.47,4.88,4.88,55.6,False,False
ST006,370,6,210135.16,2.83,2.83,45.1,False,True
ST006,371,6,293379.63,4.09,4.09,55.9,False,False
ST006,372,6,191058.31,1.8,1.8,50.3,False,False
ST006,373,6,269912.14,4.67,4.67,54.7,False,False
ST006,374,6,189624.56,2.01,2.01,56.0,False,False
ST006,375,6,171812.99,1.8,1.8,49.7,False,True
ST006,376,6,26593.45,0.2,0.2,50.6,False,False
ST006,377,6,254131.13,3.43,3.43,50.7,False,False
ST006,378,6,98827.3,1.13,1.13,53.4,False,False
ST006,379,6,181592.1,1.89,1.89,42.6,False,True
ST006,380,6,304344.63,5.45,5.45,54.9,False,False
ST006,381,6,138072.49,1.36,1.36,51.5,False,False
ST006,382,6,305285.62,4.9,4.9,50.8,False,False
ST006,383,6,275212.12,3.58,3.58,44.6,False,True
ST006,384,6,97896.28,1.15,1.15,47.6,False,True
ST006,385,6,145191.54,1.29,1.29,58.6,False,False
ST006,386,6,129863.97,1.61,1.61,50.5,False,False
ST006,387,6,91328.59,0.79,0.79,52.4,False,False
ST006,388,6,315543.41,5.2,5.2,53.4,False,False
ST006,389,6,252673.47,2.99,2.99,43.7,False,True
ST006,390,6,198332.46,2.89,2.89,43.2,False,True
ST006,391,6,484.14,0.0,0.0,46.5,False,True
ST006,392,6,187292.21,1.86,1.86,43.7,False,True
ST006,393,6,178389.26,1.66,1.66,48.5,False,True
ST006,394,6,70675.35,0.51,0.51,54.6,False,False
ST006,395,6,101964.7,0.93,0.93,51.5,False,False
ST006,396,6,200089.71,1.8,1.8,43.5,False,True
ST006,397,6,176718.05,2.77,2.77,50.0,False,False
ST006,398,6,227981.17,2.39,2.39,48.1,False,True
ST006,399,6,124818.95,1.09,1.09,44.2,False,True
ST006,400,6,349120.7,6.32,6.32,52.7,False,False
ST006,401,6,123907.23,1.29,1.29,52.3,False,False
ST006,402,6,179008.08,1.98,1.98,58.9,False,False
ST006,403,6,212986.83,2.68,2.68,49.0,False,True
ST006,404,6,198284.71,2.33,2.33,58.1,False,False
ST006,405,6,276887.14,3.6,3.6,47.8,False,True
ST006,406,6,236435.02,3.94,3.94,52.4,False,False
ST006,407,6,51037.9,0.5,0.5,49.8,False,True
ST006,408,6,256450.14,3.25,3.25,53.6,False,False
ST006,409,6,94312.46,0.89,0.89,45.5,False,True
ST006,410,6,20821.53,0.17,0.17,53.4,False,False
ST006,411,6,128717.77,1.17,1.17,54.4,False,False
ST006,412,6,194088.81,2.47,2.47,49.9,False,True
ST006,413,6,114412.12,1.09,1.09,50.7,False,False
ST006,414,6,308682.66,4.34,4.34,61.9,False,False
ST006,415,6,44074.42,0.3,0.3,51.7,False,False
ST006,416,6,268367.55,3.51,3.51,54.2,False,False
ST006,417,6,175376.28,1.55,1.55,48.1,False,True
ST006,418,6,203687.34,2.82,2.82,43.7,False,True
ST006,419,6,175755.44,1.7,1.7,50.3,False,False
ST006,420,6,281903.04,5.2,5.2,49.1,False,True
ST006,421,6,115317.84,1.37,1.37,52.0,False,False
ST006,422,6,244115.12,2.87,2.87,47.8,False,True
ST006,423,6,248954.99,2.97,2.97,48.2,False,True
ST006,424,6,308541.19,6.24,5.46,58.2,False,False
ST006,425,6,247165.31,3.26,3.26,61.4,False,False
ST006,426,6,188688.61,1.96,1.96,46.5,False,True
ST006,427,6,193456.67,2.13,2.13,58.1,False,False
ST006,428,6,48487.0,0.34,0.34,47.7,False,True
ST006,429,6,280116.51,4.04,4.04,47.2,False,True
ST006,430,6,271659.63,5.46,5.46,58.5,False,False
ST006,431,6,97171.97,0.8,0.8,47.2,False,True
ST006,432,6,254519.0,3.23,3.23,44.5,False,True
ST006,433,6,274116.57,4.13,4.13,51.5,False,False
ST006,434,6,144443.21,1.45,1.45,54.1,False,False
ST006,435,6,238538.88,3.39,3.39,42.2,False,True
ST006,436,6,261924.72,3.72,3.72,52.2,False,False
ST006,437,6,231774.26,3.06,3.06,46.4,False,True
ST006,438,6,212291.02,2.77,2.77,54.9,False,False
ST006,439,6,208471.08,2.34,2.34,50.7,False,False
ST006,440,6,227212.09,2.75,2.75,58.3,False,False
ST006,441,6,37238.02,0.27,0.27,50.3,False,False
ST006,442,6,0.0,0.0,0.0,49.7,True,True
ST006,443,6,108404.06,0.92,0.92,55.9,False,False
ST006,444,6,304978.69,4.91,4.91,49.3,False,True
ST006,445,6,165816.98,1.58,1.58,46.2,False,True
ST006,446,6,157334.07,2.32,2.32,55.6,False,False
ST006,447,6,153132.12,1.65,1.65,54.5,False,False
ST006,448,6,304789.88,4.28,4.28,47.5,False,True
ST006,449,6,36280.51,0.25,0.25,48.1,False,True
ST006,450,6,292590.69,4.53,4.38,51.4,False,False
ST006,451,6,0.0,0.0,0.0,47.7,True,True
ST006,452,6,127981.08,1.07,1.07,53.1,False,False
ST006,453,6,224661.05,3.05,3.05,57.1,False,False
ST006,454,6,43195.54,0.41,0.41,55.6,False,False
ST006,455,6,169473.31,1.88,1.88,44.6,False,True
ST006,456,6,300543.29,3.57,3.57,48.4,False,True
ST006,457,6,97934.9,0.99,0.99,53.8,False,False
ST006,458,6,162845.4,1.94,1.94,46.9,False,True
ST006,459,6,0.0,0.0,0.0,54.6,True,False
ST006,460,6,179210.16,1.78,1.78,49.1,False,True
ST006,461,6,205506.91,2.35,2.35,48.1,False,True
ST006,462,6,91659.77,0.9,0.9,51.7,False,False
ST006,463,6,177637.02,2.57,2.57,43.3,False,True
ST006,464,6,120128.71,0.98,0.98,60.5,False,False
ST006,465,6,122182.03,1.09,1.09,52.7,False,False
ST006,466,6,285527.03,4.43,4.43,50.9,False,False
ST006,467,6,267555.6,3.51,3.51,55.6,False,False
ST006,468,6,226742.01,2.51,2.51,55.6,False,False
ST006,469,6,358947.5,6.88,6.88,57.4,False,False
ST006,470,6,113261.71,1.13,1.13,47.8,False,True
ST006,471,6,206402.71,2.88,2.88,44.9,False,True
ST006,472,6,262559.54,4.24,4.24,52.8,False,False
ST006,473,6,244322.01,2.49,2.49,54.5,False,False
ST006,474,6,154025.22,1.64,1.64,49.0,False,True
ST006,475,6,127331.52,1.46,1.46,45.4,False,True
ST006,476,6,86144.93,0.84,0.84,53.3,False,False
ST006,477,6,85152.73,0.72,0.72,48.3,False,True
ST006,478,6,205241.16,2.77,2.77,53.2,False,False
ST006,479,6,37806.75,0.28,0.28,59.1,False,False
ST006,480,6,94301.03,0.95,0.95,44.5,False,True
ST006,481,6,323910.99,6.97,6.81,60.3,False,False
ST006,482,6,280241.52,5.6,5.19,59.3,False,False
ST006,483,6,155044.25,1.52,1.52,50.3,False,False
ST006,484,6,15256.41,0.11,0.11,52.0,False,False
ST006,485,6,205569.64,2.25,2.25,51.1,False,False
ST006,486,6,205154.11,2.37,2.37,60.2,False,False
ST006,487,6,297526.65,4.96,4.87,46.0,False,True
ST006,488,6,228487.24,2.67,2.67,45.9,False,True
ST006,489,6,234417.24,2.88,2.88,46.3,False,True
ST006,490,6,197354.09,2.36,2.36,49.0,False,True
ST006,491,6,154824.88,1.9,1.9,57.3,False,False
ST006,492,6,254027.69,4.72,4.56,55.3,False,False
ST006,493,6,224069.03,3.08,3.08,60.4,False,False
ST006,494,6,332465.02,5.63,5.63,55.9,False,False
ST006,495,6,273782.89,3.38,3.38,58.0,False,False
ST006,496,6,337897.63,6.52,6.52,57.2,False,False
ST006,497,6,64886.81,0.54,0.54,48.0,False,True
ST006,498,6,81717.22,0.61,0.61,52.7,False,False
ST006,499,6,219936.09,2.27,2.27,48.8,False,True
ST006,500,6,215790.5,2.85,2.85,43.6,False,True
ST006,501,6,313414.56,6.58,5.49,55.8,False,False
ST006,502,6,129081.35,1.42,1.42,44.9,False,True
ST006,503,6,217803.84,2.59,2.59,51.0,False,False
ST006,504,6,243197.25,3.9,3.9,44.0,False,True
ST006,505,6,141175.06,1.43,1.43,52.1,False,False
ST006,506,6,219653.96,2.25,2.25,40.6,False,True
ST006,507,6,282350.96,4.07,4.07,49.9,False,True
ST006,508,6,279878.68,4.5,4.5,50.6,False,False
ST006,509,6,328213.45,5.67,5.33,60.6,False,False
ST006,510,6,190968.95,2.22,2.22,49.0,False,True
ST006,511,6,231110.53,2.63,2.63,55.5,False,False
ST006,512,6,350958.49,5.29,5.29,48.8,False,True
ST006,513,6,148794.79,1.46,1.46,42.3,False,True
ST006,514,6,240041.16,3.67,3.67,48.5,False,True
ST006,515,6,158965.21,1.94,1.94,49.5,False,True
ST006,516,6,135582.91,1.5,1.5,50.6,False,False
ST006,517,6,170606.68,1.72,1.72,49.6,False,True
ST006,518,6,73249.49,0.56,0.56,52.4,False,False
ST006,519,6,218318.4,2.88,2.88,51.2,False,False
ST006,520,6,78026.44,0.89,0.89,54.1,False,False
ST006,521,6,325842.74,5.41,5.41,49.9,False,True
ST006,522,6,102890.99,0.79,0.79,45.6,False,True
ST006,523,6,203319.75,2.04,2.04,51.3,False,False
ST006,524,6,73220.97,0.73,0.73,48.4,False,True
ST006,525,6,56935.24,0.51,0.51,47.6,False,True
ST006,526,6,178834.21,2.36,2.36,51.4,False,False
ST006,527,6,243527.98,3.56,3.56,49.4,False,True
ST006,528,6,265601.05,4.23,4.23,52.8,False,False
ST006,529,6,159556.78,1.91,1.91,56.5,False,False
ST006,530,6,217227.38,2.57,2.57,48.7,False,True
ST006,531,6,259875.34,3.71,3.71,49.2,False,True
ST006,532,6,91566.84,0.69,0.69,50.6,False,False
ST006,533,6,197209.01,2.49,2.49,58.4,False,False
ST006,534,6,307934.15,5.38,5.38,58.8,False,False
ST006,535,6,209632.53,2.24,2.24,42.7,False,True
ST006,536,6,89327.8,0.72,0.72,54.8,False,False
ST006,537,6,192038.27,1.84,1.84,41.2,False,True
ST006,538,6,1612.56,0.01,0.01,43.3,False,True
ST006,539,6,134064.14,1.33,1.33,53.2,False,False
ST006,540,6,250468.26,3.49,3.49,48.0,False,True
ST006,541,6,245523.76,3.0,3.0,55.0,False,False
ST006,542,6,294435.66,4.92,4.92,43.9,False,True
ST006,543,6,141062.5,1.22,1.22,49.5,False,True
ST006,544,6,245896.44,3.51,3.51,47.6,False,True
ST006,545,6,236047.59,3.22,3.22,44.2,False,True
ST006,546,6,81891.36,0.9,0.9,56.3,False,False
ST006,547,6,266477.31,3.87,3.87,52.2,False,False
ST006,548,6,260628.55,3.9,3.9,46.5,False,True
ST006,549,6,180690.88,2.14,2.14,55.8,False,False
ST006,550,6,138393.49,1.6,1.6,47.1,False,True
ST006,551,6,46891.7,0.35,0.35,50.4,False,False
ST006,552,6,263316.39,4.57,4.33,48.7,False,True
ST006,553,6,233871.98,3.22,3.22,51.4,False,False
ST006,554,6,231214.43,3.53,3.53,53.1,False,False
ST006,555,6,257289.38,4.07,4.07,56.5,False,False
ST006,556,6,0.0,0.0,0.0,54.0,True,False
ST006,557,6,263740.88,3.77,3.77,54.5,False,False
ST006,558,6,233331.63,3.44,3.44,52.7,False,False
ST006,559,6,207282.06,2.43,2.43,45.1,False,True
ST006,560,6,206642.8,2.2,2.2,54.9,False,False
ST006,561,6,70225.37,0.51,0.51,46.3,False,True
ST006,562,6,176045.75,2.13,2.13,51.5,False,False
ST006,563,6,223067.2,3.14,3.14,48.1,False,True
ST006,564,6,231538.67,3.1,3.1,53.4,False,False
ST006,565,6,251652.28,2.8,2.8,52.8,False,False
ST006,566,6,249080.01,3.36,3.36,52.0,False,False
ST006,567,6,0.0,0.0,0.0,47.0,True,True
ST006,568,6,201560.2,2.61,2.61,50.5,False,False
ST006,569,6,357525.99,8.11,6.34,53.4,False,False
ST006,570,6,36863.57,0.26,0.26,47.0,False,True
ST006,571,6,169025.48,1.79,1.79,49.2,False,True
ST006,572,6,302015.74,5.34,5.34,54.5,False,False
ST006,573,6,0.0,0.0,0.0,51.0,True,False
ST006,574,6,144925.32,1.53,1.53,47.0,False,True
ST006,575,6,152514.29,1.91,1.91,46.3,False,True
ST006,576,6,161690.82,2.15,2.15,49.8,False,True
ST006,577,6,251332.66,3.42,3.42,50.9,False,False
ST006,578,6,0.0,0.0,0.0,48.8,True,True
ST006,579,6,77950.45,0.66,0.66,47.6,False,True
ST006,580,6,359613.31,5.63,5.63,53.7,False,False
ST006,581,6,331502.48,7.48,6.94,61.0,False,False
ST006,582,6,129057.89,1.63,1.63,44.7,False,True
ST006,583,6,298120.31,4.81,4.81,53.8,False,False
ST006,584,6,21446.22,0.18,0.18,47.1,False,True
ST006,585,6,294790.52,6.07,5.62,58.3,False,False
ST006,586,6,23808.05,0.17,0.17,50.1,False,False
ST006,587,6,73680.94,0.55,0.55,46.3,False,True
ST006,588,6,167421.49,1.7,1.7,50.2,False,False
ST006,589,6,132582.25,1.07,1.07,60.7,False,False
ST006,590,6,297914.68,4.56,4.56,54.9,False,False
ST006,591,6,242431.99,2.77,2.77,58.9,False,False
ST006,592,6,259236.55,3.76,3.76,46.9,False,True
ST006,593,6,200747.74,2.5,2.5,54.4,False,False
ST006,594,6,142764.89,1.52,1.52,47.4,False,True
ST006,595,6,262408.48,4.86,4.79,60.0,False,False
ST006,596,6,0.0,0.0,0.0,52.2,True,False
ST006,597,6,47712.59,0.4,0.4,50.7,False,False
ST006,598,6,182498.76,2.19,2.19,51.5,False,False
ST006,599,6,259462.17,2.78,2.78,49.7,False,True
ST006,600,6,178945.43,2.05,2.05,50.6,False,False
ST006,601,6,281412.02,4.78,4.78,54.2,False,False
ST006,602,6,54273.42,0.41,0.41,53.5,False,False
ST006,603,6,174375.05,2.03,2.03,43.8,False,True
ST006,604,6,148162.14,1.41,1.41,48.3,False,True
ST006,605,6,200133.41,2.38,2.38,39.6,False,True
ST006,606,6,58949.98,0.48,0.48,46.0,False,True
ST006,607,6,130748.61,1.62,1.62,49.1,False,True
ST006,608,6,194473.65,2.57,2.57,55.2,False,False
ST006,609,6,337957.02,6.48,6.44,47.0,False,True
ST006,610,6,155879.2,1.6,1.6,48.2,False,True
ST006,611,6,245506.92,2.97,2.97,54.2,False,False
ST006,612,6,196029.25,2.39,2.39,47.9,False,True
ST006,613,6,34262.28,0.28,0.28,56.4,False,False
ST006,614,6,70048.54,0.55,0.55,46.3,False,True
ST006,615,6,109593.97,0.97,0.97,46.5,False,True
ST006,616,6,52177.13,0.39,0.39,48.0,False,True
ST006,617,6,90809.63,0.79,0.79,48.9,False,True
ST006,618,6,55735.45,0.43,0.43,57.7,False,False
ST006,619,6,217644.27,2.36,2.36,53.7,False,False
ST006,620,6,87219.24,0.83,0.83,51.6,False,False
ST006,621,6,225293.75,2.23,2.23,56.5,False,False
ST006,622,6,242527.35,3.43,3.43,53.3,False,False
ST006,623,6,72707.94,0.52,0.52,47.7,False,True
ST006,624,6,300318.89,4.97,4.97,47.2,False,True
ST006,625,6,56490.87,0.45,0.45,47.0,False,True
ST006,626,6,211548.41,2.29,2.29,54.3,False,False
ST006,627,6,225485.77,2.6,2.6,53.0,False,False
ST006,628,6,230400.23,3.65,3.65,50.4,False,False
ST006,629,6,158226.53,2.1,2.1,50.6,False,False
ST006,630,6,258461.53,4.01,4.01,51.1,False,False
ST006,631,6,242298.78,3.45,3.45,50.6,False,False
ST006,632,6,84309.82,0.76,0.76,53.1,False,False
ST006,633,6,241796.71,3.96,3.96,59.0,False,False
ST006,634,6,203515.61,2.55,2.55,44.9,False,True
ST006,635,6,120763.01,1.17,1.17,51.7,False,False
ST006,636,6,324852.24,4.88,4.88,58.4,False,False
ST006,637,6,240381.33,3.33,3.33,54.1,False,False
ST006,638,6,119391.42,0.89,0.89,48.2,False,True
ST006,639,6,285421.93,5.03,5.03,51.7,False,False
ST006,640,6,113536.22,0.94,0.94,47.0,False,True
ST006,641,6,220254.03,2.76,2.76,54.8,False,False
ST006,642,6,177502.61,1.91,1.91,50.2,False,False
ST006,643,6,283679.11,4.48,4.48,53.3,False,False
ST006,644,6,240672.53,4.25,4.08,57.8,False,False
ST006,645,6,173652.57,2.3,2.3,49.8,False,True
ST006,646,6,198706.46,2.32,2.32,50.9,False,False
ST006,647,6,321743.06,5.31,5.31,54.3,False,False
ST006,648,6,29266.66,0.23,0.23,49.2,False,True
ST006,649,6,131291.91,1.16,1.16,46.9,False,True
ST006,650,6,0.0,0.0,0.0,50.7,True,False
ST006,651,6,325164.22,5.96,5.7,61.8,False,False
ST006,652,6,51633.35,0.44,0.44,46.5,False,True
ST006,653,6,3619.55,0.03,0.03,44.7,False,True
ST006,654,6,30691.28,0.25,0.25,49.5,False,True
ST006,655,6,296466.83,3.83,3.83,48.0,False,True
ST006,656,6,18763.3,0.12,0.12,54.7,False,False
ST006,657,6,106679.96,1.03,1.03,49.5,False,True
ST006,658,6,144489.28,1.52,1.52,46.3,False,True
ST006,659,6,98711.71,0.84,0.84,47.9,False,True
ST006,660,6,130398.99,1.28,1.28,43.9,False,True
ST006,661,6,349211.35,6.42,6.42,52.6,False,False
ST006,662,6,284447.87,3.84,3.84,58.0,False,False
ST006,663,6,281742.55,3.42,3.42,52.7,False,False
ST006,664,6,247939.04,3.61,3.61,50.6,False,False
ST006,665,6,205692.68,2.12,2.12,58.5,False,False
ST006,666,6,0.0,0.0,0.0,40.8,True,True
ST006,667,6,211000.0,3.05,3.05,49.8,False,True
ST006,668,6,179102.94,2.11,2.11,51.0,False,False
ST006,669,6,227778.68,2.5,2.5,43.0,False,True
ST006,670,6,189340.34,2.31,2.31,49.5,False,True
ST006,671,6,47677.25,0.34,0.34,41.8,False,True
ST006,672,6,89163.11,1.02,1.02,46.8,False,True
ST006,673,6,87541.68,0.75,0.75,46.9,False,True
ST006,674,6,265207.01,3.3,3.3,46.7,False,True
ST006,675,6,59850.39,0.48,0.48,53.6,False,False
ST006,676,6,192690.18,2.64,2.64,50.2,False,False
ST006,677,6,165985.96,2.0,2.0,44.2,False,True
ST006,678,6,162592.2,1.42,1.42,45.2,False,True
ST006,679,6,151517.03,1.51,1.51,46.9,False,True
ST006,680,6,189230.81,2.01,2.01,42.0,False,True
ST006,681,6,125717.18,1.63,1.63,47.4,False,True
ST006,682,6,289794.17,5.26,4.99,42.0,False,True
ST006,683,6,280797.8,4.42,4.42,57.2,False,False
ST006,684,6,67231.08,0.62,0.62,43.4,False,True
ST006,685,6,184605.17,1.94,1.94,48.6,False,True
ST006,686,6,311572.75,4.91,4.91,54.6,False,False
ST006,687,6,175558.63,2.24,2.24,52.7,False,False
ST006,688,6,163583.85,1.84,1.84,53.0,False,False
ST006,689,6,170594.09,1.91,1.91,47.2,False,True
ST006,690,6,234867.42,2.97,2.97,44.1,False,True
ST006,691,6,288201.93,4.8,4.8,56.8,False,False
ST006,692,6,70290.49,0.77,0.77,42.7,False,True
ST006,693,6,177180.54,1.97,1.97,48.2,False,True
ST006,694,6,165625.39,1.45,1.45,52.7,False,False
ST006,695,6,232986.03,2.98,2.98,51.3,False,False
ST006,696,6,145026.83,1.27,1.27,47.0,False,True
ST006,697,6,243927.4,2.91,2.91,44.5,False,True
ST006,698,6,95347.93,0.89,0.89,48.8,False,True
ST006,699,6,168922.08,1.6,1.6,47.2,False,True
ST006,700,6,30542.96,0.24,0.24,38.1,False,True
ST006,701,6,314604.12,4.38,4.38,51.1,False,False
ST006,702,6,91420.7,0.98,0.98,56.8,False,False
ST006,703,6,37784.09,0.33,0.33,55.6,False,False
ST006,704,6,43390.79,0.34,0.34,51.3,False,False
ST006,705,6,150026.01,2.23,2.23,53.9,False,False
ST006,706,6,197282.52,2.43,2.43,52.4,False,False
ST006,707,6,0.0,0.0,0.0,57.3,True,False
ST006,708,6,0.0,0.0,0.0,45.9,True,True
ST006,709,6,206780.28,2.71,2.71,42.6,False,True
ST006,710,6,31561.77,0.24,0.24,52.3,False,False
ST006,711,6,88887.84,0.85,0.85,51.5,False,False
ST006,712,6,338568.08,6.73,5.82,57.3,False,False
ST006,713,6,245513.4,3.34,3.34,56.1,False,False
ST006,714,6,0.0,0.0,0.0,52.7,True,False
ST006,715,6,167968.25,2.06,2.06,45.7,False,True
ST006,716,6,75098.06,0.81,0.81,60.5,False,False
ST006,717,6,168148.92,2.31,2.31,47.4,False,True
ST006,718,6,306452.62,4.76,4.76,63.4,False,False
ST006,719,6,49134.04,0.45,0.45,43.6,False,True
ST006,720,6,183997.88,2.14,2.14,55.1,False,False
ST006,721,6,58710.12,0.5,0.5,52.1,False,False
ST006,722,6,222943.75,2.69,2.69,47.2,False,True
ST006,723,6,247077.98,4.33,4.33,55.5,False,False
ST006,724,6,205324.69,2.41,2.41,49.7,False,True
ST006,725,6,182068.18,2.02,2.02,54.4,False,False
ST006,726,6,60193.99,0.49,0.49,50.7,False,False
ST006,727,6,252791.11,3.17,3.17,48.4,False,True
ST006,728,6,252488.02,3.79,3.79,56.2,False,False
ST006,729,6,179976.71,2.21,2.21,54.5,False,False
ST006,730,6,112576.85,1.12,1.12,45.6,False,True
ST006,731,6,256107.87,3.95,3.95,52.0,False,False
ST006,732,6,259301.55,3.46,3.46,37.2,False,True
ST006,733,6,271213.57,3.84,3.84,46.6,False,True
ST006,734,6,212819.91,2.9,2.9,54.9,False,False
ST006,735,6,142278.97,1.47,1.47,50.6,False,False
ST006,736,6,279864.02,4.68,4.68,57.0,False,False
ST006,737,6,127315.48,1.12,1.12,50.7,False,False
ST006,738,6,219685.82,2.59,2.59,49.3,False,True
ST006,739,6,154746.21,1.45,1.45,53.5,False,False
ST006,740,6,0.0,0.0,0.0,56.8,True,False
ST006,741,6,36703.18,0.33,0.33,53.3,False,False
ST006,742,6,377873.48,9.71,7.51,63.2,False,False
ST006,743,6,120958.53,1.24,1.24,52.7,False,False
ST006,744,6,112390.97,1.2,1.2,48.4,False,True
ST006,745,6,155755.09,1.41,1.41,48.5,False,True
ST006,746,6,324272.14,5.61,5.61,49.5,False,True
ST006,747,6,105537.37,1.04,1.04,46.2,False,True
ST006,748,6,79579.24,0.87,0.87,46.8,False,True
ST006,749,6,290423.51,5.26,4.88,55.7,False,False
ST006,750,6,163479.79,1.86,1.86,51.8,False,False
ST006,751,6,182249.09,2.15,2.15,60.7,False,False
ST006,752,6,75907.95,0.71,0.71,50.7,False,False
ST006,753,6,197061.27,2.72,2.72,49.7,False,True
ST006,754,6,132254.63,1.48,1.48,47.9,False,True
ST006,755,6,301457.05,5.36,5.36,56.5,False,False
ST006,756,6,249714.4,3.78,3.78,51.5,False,False
ST006,757,6,201233.0,2.46,2.46,50.9,False,False
ST006,758,6,136464.55,1.24,1.24,40.6,False,True
ST006,759,6,3801.38,0.03,0.03,51.0,False,False
ST006,760,6,281203.89,3.49,3.49,62.7,False,False
ST006,761,6,0.0,0.0,0.0,50.5,True,False
ST006,762,6,58195.95,0.51,0.51,53.3,False,False
ST006,763,6,156872.74,1.51,1.51,53.8,False,False
ST006,764,6,128010.6,1.17,1.17,44.4,False,True
ST006,765,6,256218.89,2.88,2.88,41.6,False,True
ST006,766,6,199222.86,2.6,2.6,45.6,False,True
ST006,767,6,288576.35,4.76,4.76,53.3,False,False
ST006,768,6,176451.09,1.89,1.89,50.2,False,False
ST006,769,6,113131.3,1.1,1.1,55.7,False,False
ST006,770,6,174170.34,1.96,1.96,53.8,False,False
ST006,771,6,253884.28,4.66,4.43,49.0,False,True
ST006,772,6,190430.93,2.14,2.14,52.9,False,False
ST006,773,6,180400.91,1.83,1.83,44.4,False,True
ST006,774,6,200184.31,2.18,2.18,53.5,False,False
ST006,775,6,283381.82,3.94,3.94,55.1,False,False
ST006,776,6,150762.15,1.78,1.78,49.7,False,True
ST006,777,6,83162.04,0.84,0.84,47.4,False,True
ST006,778,6,223605.69,3.05,3.05,51.8,False,False
ST006,779,6,291338.83,4.62,4.56,61.1,False,False
ST006,780,6,214176.13,2.88,2.88,55.0,False,False
ST006,781,6,218148.21,2.89,2.89,45.6,False,True
ST006,782,6,370358.51,7.35,7.15,56.0,False,False
ST006,783,6,387963.64,9.28,7.26,59.0,False,False
ST006,784,6,210864.57,2.56,2.56,53.1,False,False
ST006,785,6,283089.29,4.61,4.61,57.3,False,False
ST006,786,6,0.0,0.0,0.0,47.5,True,True
ST006,787,6,192755.09,2.09,2.09,45.8,False,True
ST006,788,6,254993.02,4.21,4.21,63.7,False,False
ST006,789,6,215137.11,2.67,2.67,43.2,False,True
ST006,790,6,143151.49,1.74,1.74,55.9,False,False
ST006,791,6,217227.03,2.21,2.21,46.6,False,True
ST006,792,6,42529.22,0.3,0.3,56.2,False,False
ST006,793,6,209372.34,2.29,2.29,43.4,False,True
ST006,794,6,341261.91,6.09,6.09,56.1,False,False
ST006,795,6,23052.93,0.16,0.16,54.4,False,False
ST006,796,6,292298.51,5.69,5.69,56.2,False,False
ST006,797,6,262748.69,4.11,4.11,49.9,False,True
ST006,798,6,210440.87,2.7,2.7,50.6,False,False
ST006,799,6,259017.65,3.73,3.73,56.2,False,False
ST006,800,6,198920.65,2.77,2.77,52.4,False,False
ST006,801,6,108272.62,0.83,0.83,55.7,False,False
ST006,802,6,318750.48,4.85,4.85,53.8,False,False
ST006,803,6,197838.67,1.89,1.89,59.7,False,False
ST006,804,6,216961.37,2.51,2.51,52.8,False,False
ST006,805,6,269305.69,3.34,3.34,50.1,False,False
ST006,806,6,20636.21,0.17,0.17,50.0,False,False
ST006,807,6,184020.92,1.71,1.71,57.5,False,False
ST006,808,6,108695.5,1.16,1.16,52.0,False,False
ST006,809,6,197405.56,2.24,2.24,51.4,False,False
ST006,810,6,104087.36,0.98,0.98,47.6,False,True
ST006,811,6,249065.64,3.83,3.83,48.0,False,True
ST006,812,6,180871.34,2.25,2.25,52.1,False,False
ST006,813,6,88105.16,0.86,0.86,53.9,False,False
ST006,814,6,8328.81,0.08,0.08,44.7,False,True
ST006,815,6,75689.76,0.64,0.64,46.4,False,True
ST006,816,6,248457.82,3.49,3.49,47.5,False,True
ST006,817,6,74492.08,0.6,0.6,55.1,False,False
ST006,818,6,273849.09,3.78,3.78,57.5,False,False
ST006,819,6,124587.21,1.17,1.17,49.0,False,True
ST006,820,6,349745.39,6.42,6.42,47.8,False,True
ST006,821,6,263377.66,4.6,4.6,49.2,False,True
ST006,822,6,53982.02,0.44,0.44,46.9,False,True
ST006,823,6,246088.75,3.49,3.49,54.9,False,False
ST006,824,6,198534.47,2.05,2.05,49.6,False,True
ST006,825,6,131327.91,1.22,1.22,50.0,False,False
ST006,826,6,237693.13,3.09,3.09,53.9,False,False
ST006,827,6,229877.79,2.91,2.91,52.2,False,False
ST006,828,6,1752.3,0.01,0.01,56.6,False,False
ST006,829,6,138924.12,1.31,1.31,44.1,False,True
ST006,830,6,162735.97,1.95,1.95,51.3,False,False
ST006,831,6,198373.14,2.86,2.86,54.0,False,False
ST006,832,6,314772.53,5.35,5.24,52.4,False,False
ST006,833,6,147420.07,1.37,1.37,49.7,False,True
ST006,834,6,127567.02,1.21,1.21,49.4,False,True
ST006,835,6,252897.03,3.37,3.37,52.8,False,False
ST006,836,6,315169.95,4.41,4.41,50.8,False,False
ST006,837,6,313400.67,5.36,5.07,49.7,False,True
ST006,838,6,176005.67,1.67,1.67,57.2,False,False
ST006,839,6,143750.01,1.4,1.4,50.7,False,False
ST006,840,6,228280.85,3.16,3.16,51.7,False,False
ST006,841,6,178008.93,2.27,2.27,49.0,False,True
ST006,842,6,104130.66,0.89,0.89,55.7,False,False
ST006,843,6,183893.08,1.75,1.75,58.6,False,False
ST006,844,6,194072.72,2.08,2.08,53.3,False,False
ST006,845,6,57839.75,0.49,0.49,46.6,False,True
ST006,846,6,204541.14,2.93,2.93,55.0,False,False
ST006,847,6,352689.99,8.44,7.51,53.2,False,False
ST006,848,6,111350.13,1.29,1.29,51.0,False,False
ST006,849,6,306267.76,5.88,5.49,48.7,False,True
ST006,850,6,200112.75,2.14,2.14,53.8,False,False
ST006,851,6,240087.32,3.04,3.04,45.5,False,True
ST006,852,6,64946.75,0.72,0.72,39.8,False,True
ST006,853,6,134638.41,1.41,1.41,50.8,False,False
ST006,854,6,275126.22,4.15,4.15,59.6,False,False
ST006,855,6,211673.92,2.35,2.35,52.9,False,False
ST006,856,6,230452.77,3.78,3.78,45.3,False,True
ST006,857,6,160681.55,1.5,1.5,44.9,False,True
ST006,858,6,263020.77,3.89,3.89,56.3,False,False
ST006,859,6,217767.49,2.56,2.56,43.9,False,True
ST006,860,6,215854.81,2.33,2.33,52.1,False,False
ST006,861,6,97704.8,0.94,0.94,58.2,False,False
ST006,862,6,154652.13,1.41,1.41,45.8,False,True
ST006,863,6,0.0,0.0,0.0,54.7,True,False
ST006,864,6,216056.54,3.06,3.06,56.3,False,False
ST006,865,6,148761.0,1.35,1.35,59.8,False,False
ST006,866,6,277361.33,4.45,4.45,52.7,False,False
ST006,867,6,252934.0,3.52,3.52,48.5,False,True
ST006,868,6,141250.13,1.66,1.66,55.7,False,False
ST006,869,6,184170.02,2.13,2.13,44.0,False,True
ST006,870,6,136048.54,1.66,1.66,43.7,False,True
ST006,871,6,175281.14,1.67,1.67,51.6,False,False
ST006,872,6,80003.89,0.72,0.72,43.3,False,True
ST006,873,6,190270.65,1.98,1.98,48.8,False,True
ST006,874,6,36502.51,0.27,0.27,49.3,False,True
ST006,875,6,208538.86,2.94,2.94,53.0,False,False
ST006,876,6,317944.47,4.24,4.24,51.8,False,False
ST006,877,6,172763.03,1.82,1.82,47.1,False,True
ST006,878,6,107982.91,1.01,1.01,50.5,False,False
ST006,879,6,129945.75,1.6,1.6,44.0,False,True
ST006,880,6,208539.17,2.86,2.86,50.8,False,False
ST006,881,6,0.0,0.0,0.0,47.1,True,True
ST006,882,6,304020.61,5.04,5.04,53.1,False,False
ST006,883,6,64873.32,0.61,0.61,47.3,False,True
ST006,884,6,51526.78,0.43,0.43,44.1,False,True
ST006,885,6,137847.4,1.21,1.21,54.8,False,False
ST006,886,6,160061.73,1.61,1.61,48.8,False,True
ST006,887,6,61703.73,0.54,0.54,51.8,False,False
ST006,888,6,114505.86,1.0,1.0,49.4,False,True
ST006,889,6,287949.52,4.55,4.55,49.6,False,True
ST006,890,6,58779.32,0.56,0.56,50.8,False,False
ST006,891,6,119453.35,1.35,1.35,51.9,False,False
ST006,892,6,274700.36,3.35,3.35,50.4,False,False
ST006,893,6,118685.87,1.09,1.09,50.0,False,False
ST006,894,6,200300.51,2.23,2.23,51.2,False,False
ST006,895,6,235941.4,3.22,3.22,52.2,False,False
ST006,896,6,89224.94,0.92,0.92,48.8,False,True
ST006,897,6,157178.99,1.57,1.57,44.0,False,True
ST006,898,6,132325.63,1.5,1.5,46.7,False,True
ST006,899,6,186901.81,1.89,1.89,49.2,False,True
ST006,900,6,130814.16,1.19,1.19,50.0,False,False
ST006,901,6,122379.38,1.08,1.08,46.0,False,True
ST006,902,6,101616.96,0.92,0.92,51.1,False,False
ST006,903,6,180401.22,2.33,2.33,52.8,False,False
ST006,904,6,112792.95,1.32,1.32,43.5,False,True
ST006,905,6,306511.07,5.97,5.3,61.1,False,False
ST006,906,6,152439.03,1.47,1.47,58.1,False,False
ST006,907,6,249256.63,3.56,3.56,57.2,False,False
ST006,908,6,175626.44,2.16,2.16,45.1,False,True
ST006,909,6,248975.96,3.35,3.35,51.4,False,False
ST006,910,6,228792.44,2.85,2.85,57.3,False,False
ST006,911,6,170760.48,1.74,1.74,48.9,False,True
ST006,912,6,203580.65,2.0,2.0,50.3,False,False
ST006,913,6,197765.24,2.4,2.4,49.6,False,True
ST006,914,6,257847.6,3.39,3.39,53.9,False,False
ST006,915,6,181578.08,2.35,2.35,46.2,False,True
ST006,916,6,268174.88,3.31,3.31,50.6,False,False
ST006,917,6,306946.5,4.75,4.75,44.1,False,True
ST006,918,6,110378.52,1.18,1.18,43.0,False,True
ST006,919,6,210732.76,2.35,2.35,48.5,False,True
ST006,920,6,213004.59,2.38,2.38,47.0,False,True
ST006,921,6,183930.65,2.24,2.24,48.6,False,True
ST006,922,6,146379.14,1.3,1.3,47.9,False,True
ST006,923,6,296315.25,6.27,5.77,53.3,False,False
ST006,924,6,128431.64,1.1,1.1,54.5,False,False
ST006,925,6,178200.46,2.4,2.4,48.1,False,True
ST006,926,6,58480.3,0.4,0.4,55.8,False,False
ST006,927,6,175808.38,1.82,1.82,55.6,False,False
ST006,928,6,191921.79,2.35,2.35,45.2,False,True
ST006,929,6,215123.66,2.66,2.66,50.1,False,False
ST006,930,6,117158.31,1.1,1.1,49.2,False,True
ST006,931,6,198686.58,2.32,2.32,46.5,False,True
ST006,932,6,313415.43,4.8,4.8,52.8,False,False
ST006,933,6,96928.81,0.83,0.83,53.7,False,False
ST006,934,6,104644.69,0.97,0.97,60.2,False,False
ST006,935,6,150971.43,1.57,1.57,51.5,False,False
ST006,936,6,46068.47,0.35,0.35,52.5,False,False
ST006,937,6,176145.15,1.43,1.43,52.5,False,False
ST006,938,6,217387.39,2.25,2.25,50.9,False,False
ST006,939,6,204744.73,2.73,2.73,49.5,False,True
ST006,940,6,290754.33,4.47,4.29,58.7,False,False
ST006,941,6,231099.12,3.19,3.19,53.0,False,False
ST006,942,6,221457.26,2.94,2.94,44.6,False,True
ST006,943,6,122596.55,1.34,1.34,51.1,False,False
ST006,944,6,236112.27,2.75,2.75,58.2,False,False
ST006,945,6,58948.12,0.53,0.53,51.6,False,False
ST006,946,6,0.0,0.0,0.0,43.6,True,True
ST006,947,6,133768.12,1.19,1.19,52.5,False,False
ST006,948,6,206524.58,3.04,3.04,53.6,False,False
ST006,949,6,177828.9,2.28,2.28,48.0,False,True
ST006,950,6,195311.37,2.72,2.72,56.0,False,False
ST006,951,6,133640.83,1.2,1.2,51.4,False,False
ST006,952,6,238954.99,2.61,2.61,47.0,False,True
ST006,953,6,194870.6,2.45,2.45,45.6,False,True
ST006,954,6,267761.75,3.96,3.96,50.8,False,False
ST006,955,6,277050.23,4.54,4.54,52.2,False,False
ST006,956,6,224337.12,2.59,2.59,47.8,False,True
ST006,957,6,168703.91,1.93,1.93,52.1,False,False
ST006,958,6,29336.89,0.22,0.22,49.4,False,True
ST006,959,6,6969.31,0.05,0.05,39.7,False,True
ST006,960,6,174802.2,1.94,1.94,48.2,False,True
ST006,961,6,274192.82,5.17,5.17,52.1,False,False
ST006,962,6,46569.75,0.4,0.4,56.1,False,False
ST006,963,6,275250.04,4.08,4.08,53.8,False,False
ST006,964,6,186123.27,2.07,2.07,50.1,False,False
ST006,965,6,166965.01,1.6,1.6,45.7,False,True
ST006,966,6,334616.16,6.64,6.24,61.4,False,False
ST006,967,6,139085.54,1.42,1.42,42.3,False,True
ST006,968,6,41885.48,0.42,0.42,49.4,False,True
ST006,969,6,0.0,0.0,0.0,50.3,True,False
ST006,970,6,275596.41,3.76,3.76,46.8,False,True
ST006,971,6,304613.75,5.27,5.15,59.4,False,False
ST006,972,6,39950.87,0.36,0.36,45.8,False,True
ST006,973,6,87469.11,0.77,0.77,51.3,False,False
ST006,974,6,273484.7,4.54,4.54,53.2,False,False
ST006,975,6,12591.49,0.09,0.09,53.6,False,False
ST006,976,6,189931.76,2.28,2.28,52.9,False,False
ST006,977,6,166894.03,2.09,2.09,52.6,False,False
ST006,978,6,136984.38,1.65,1.65,44.7,False,True
ST006,979,6,305420.9,5.05,5.05,48.6,False,True
ST006,980,6,289988.12,4.11,4.11,48.2,False,True
ST006,981,6,236505.02,3.22,3.22,52.8,False,False
ST006,982,6,11389.39,0.1,0.1,50.5,False,False
ST006,983,6,108329.99,1.03,1.03,48.1,False,True
ST006,984,6,213803.48,2.01,2.01,48.0,False,True
ST006,985,6,114515.11,0.88,0.88,47.8,False,True
ST006,986,6,236243.66,3.79,3.79,50.8,False,False
ST006,987,6,266746.24,3.93,3.93,46.3,False,True
ST006,988,6,69159.07,0.74,0.74,43.9,False,True
ST006,989,6,257223.34,3.97,3.97,52.1,False,False
ST006,990,6,264555.8,4.56,4.56,39.5,False,True
ST006,991,6,213826.35,2.4,2.4,56.4,False,False
ST006,992,6,298425.43,5.17,4.99,45.3,False,True
ST006,993,6,194473.67,2.59,2.59,49.7,False,True
ST006,994,6,274773.56,4.0,4.0,61.2,False,False
ST006,995,6,131994.56,1.27,1.27,45.4,False,True
ST006,996,6,241905.75,2.81,2.81,53.0,False,False
ST006,997,6,165236.85,2.07,2.07,50.4,False,False
ST006,998,6,293264.77,4.0,4.0,53.0,False,False
ST006,999,6,233860.13,3.82,3.82,44.9,False,True
ST006,1000,6,70714.25,0.52,0.52,50.8,False,False
ST007,1,6,1142744.68,20.48,20.48,57.1,False,False
ST007,2,6,1116425.13,22.95,22.95,58.6,False,False
ST007,3,6,1061533.65,15.14,15.14,57.6,False,False
ST007,4,6,1061860.1,14.84,14.84,51.6,False,False
ST007,5,6,1193307.84,28.7,28.7,72.8,False,False
ST007,6,6,1053633.76,14.46,14.46,53.5,False,False
ST007,7,6,1112754.82,20.26,20.26,60.6,False,False
ST007,8,6,1123340.99,25.62,23.32,58.5,False,False
ST007,9,6,1161124.58,26.8,26.8,59.9,False,False
ST007,10,6,1115075.54,23.68,21.36,71.3,False,False
ST007,11,6,1107949.14,17.03,17.03,65.3,False,False
ST007,12,6,1097997.81,20.11,18.51,64.4,False,False
ST007,13,6,1022161.13,16.29,15.95,70.0,False,False
ST007,14,6,1067806.34,15.0,15.0,60.6,False,False
ST007,15,6,1074240.27,17.24,17.24,66.6,False,False
ST007,16,6,1122690.65,24.41,23.07,72.9,False,False
ST007,17,6,1057229.98,18.19,16.8,69.1,False,False
ST007,18,6,1052196.13,13.11,13.11,59.6,False,False
ST007,19,6,1157058.28,24.04,24.04,61.0,False,False
ST007,20,6,1155954.82,26.83,26.22,62.3,False,False
ST007,21,6,1128057.23,21.08,21.08,58.3,False,False
ST007,22,6,1136201.64,23.55,23.55,54.3,False,False
ST007,23,6,1074530.71,14.55,14.55,63.4,False,False
ST007,24,6,1098407.05,18.39,18.39,61.5,False,False
ST007,25,6,1141571.3,25.74,24.9,61.0,False,False
ST007,26,6,1173533.85,27.55,27.55,61.8,False,False
ST007,27,6,1092024.51,18.11,18.11,74.8,False,False
ST007,28,6,1074231.52,15.15,15.15,71.3,False,False
ST007,29,6,1132563.28,19.51,19.51,59.4,False,False
ST007,30,6,1181059.06,30.96,29.33,65.6,False,False
ST007,31,6,1114157.61,21.82,21.82,60.2,False,False
ST007,32,6,1232520.54,50.35,29.97,63.9,False,False
ST007,33,6,1053227.68,15.66,15.66,54.9,False,False
ST007,34,6,1113118.84,18.0,18.0,70.4,False,False
ST007,35,6,1041708.76,14.11,14.11,54.8,False,False
ST007,36,6,1159637.14,27.31,27.31,68.2,False,False
ST007,37,6,1149574.86,24.24,24.24,67.7,False,False
ST007,38,6,1005273.01,11.58,11.58,54.8,False,False
ST007,39,6,1180780.29,25.73,25.73,60.0,False,False
ST007,40,6,1110940.1,21.16,21.16,55.8,False,False
ST007,41,6,1129776.46,21.69,21.69,65.5,False,False
ST007,42,6,1184528.32,34.6,29.97,58.6,False,False
ST007,43,6,1132388.73,22.44,21.59,59.4,False,False
ST007,44,6,1163114.96,28.71,27.81,65.7,False,False
ST007,45,6,1029657.82,13.89,13.89,65.9,False,False
ST007,46,6,1117292.7,21.04,21.04,54.5,False,False
ST007,47,6,1084019.64,21.71,18.28,62.5,False,False
ST007,48,6,1148016.56,22.09,22.09,66.5,False,False
ST007,49,6,1139752.63,26.56,25.05,59.8,False,False
ST007,50,6,1059796.68,14.95,14.95,52.0,False,False
ST007,51,6,1123978.62,20.56,20.56,77.2,False,False
ST007,52,6,1136231.0,24.35,22.12,66.7,False,False
ST007,53,6,1117157.92,17.85,17.85,62.5,False,False
ST007,54,6,1197786.36,34.68,29.97,63.1,False,False
ST007,55,6,1024716.55,14.07,14.07,59.3,False,False
ST007,56,6,1120846.67,26.22,22.52,68.6,False,False
ST007,57,6,1174148.34,26.34,26.34,67.0,False,False
ST007,58,6,1084880.8,16.26,16.26,67.3,False,False
ST007,59,6,1120822.82,21.63,21.63,58.1,False,False
ST007,60,6,1149979.75,23.71,23.71,64.1,False,False
ST007,61,6,1145805.64,23.89,23.89,62.7,False,False
ST007,62,6,1074486.65,13.81,13.81,59.6,False,False
ST007,63,6,1130907.72,18.71,18.71,68.3,False,False
ST007,64,6,1116542.83,22.42,21.5,63.4,False,False
ST007,65,6,1000005.71,11.32,11.32,48.3,False,True
ST007,66,6,1081596.62,16.79,16.79,64.7,False,False
ST007,67,6,1100165.81,16.18,16.18,61.6,False,False
ST007,68,6,1147277.88,21.93,21.93,64.9,False,False
ST007,69,6,1000196.74,12.86,12.86,57.7,False,False
ST007,70,6,1158642.29,24.87,24.81,63.1,False,False
ST007,71,6,1183888.24,29.03,29.03,60.7,False,False
ST007,72,6,1018660.12,12.04,12.04,57.9,False,False
ST007,73,6,1021123.55,13.61,13.61,57.6,False,False
ST007,74,6,1093191.39,19.64,19.64,73.2,False,False
ST007,75,6,1108269.77,18.58,18.58,66.8,False,False
ST007,76,6,1180121.31,32.28,26.34,64.2,False,False
ST007,77,6,1097961.64,19.76,19.76,58.4,False,False
ST007,78,6,1059623.73,16.37,16.37,64.9,False,False
ST007,79,6,1139470.21,27.83,24.74,62.1,False,False
ST007,80,6,1048500.78,13.33,13.33,46.2,False,True
ST007,81,6,1073852.14,16.12,16.12,59.6,False,False
ST007,82,6,1081942.52,15.56,15.56,58.3,False,False
ST007,83,6,1146759.08,29.42,25.21,60.4,False,False
ST007,84,6,1119127.13,18.08,18.08,68.5,False,False
ST007,85,6,1005751.19,12.37,12.37,53.2,False,False
ST007,86,6,1130380.61,22.23,22.23,53.7,False,False
ST007,87,6,1064480.32,16.51,16.51,67.5,False,False
ST007,88,6,1087861.6,20.78,20.19,63.5,False,False
ST007,89,6,994341.68,11.43,11.43,56.1,False,False
ST007,90,6,1132926.94,19.85,19.85,67.8,False,False
ST007,91,6,1137822.36,23.34,23.34,63.4,False,False
ST007,92,6,1050973.95,16.12,16.12,58.0,False,False
ST007,93,6,1092569.32,20.04,20.04,67.5,False,False
ST007,94,6,1121017.83,21.25,21.25,62.1,False,False
ST007,95,6,1091341.56,16.66,16.66,68.1,False,False
ST007,96,6,1163387.41,32.36,27.63,68.4,False,False
ST007,97,6,1186292.15,29.71,29.71,69.9,False,False
ST007,98,6,1088251.45,18.48,18.48,70.9,False,False
ST007,99,6,1052641.91,17.34,17.34,69.9,False,False
ST007,100,6,1079150.12,16.19,16.19,65.5,False,False
ST007,101,6,1075019.68,17.08,17.08,69.9,False,False
ST007,102,6,1040243.72,12.06,12.06,56.2,False,False
ST007,103,6,1077790.35,19.64,18.26,71.2,False,False
ST007,104,6,1061922.81,18.96,17.71,55.0,False,False
ST007,105,6,1082247.88,15.57,15.57,63.0,False,False
ST007,106,6,1025489.91,15.44,14.41,63.9,False,False
ST007,107,6,1104458.28,20.72,20.14,57.2,False,False
ST007,108,6,1166453.84,29.8,27.02,66.9,False,False
ST007,109,6,1151637.89,28.01,26.18,68.5,False,False
ST007,110,6,1098688.5,18.47,18.47,68.3,False,False
ST007,111,6,1115280.28,21.63,21.63,60.9,False,False
ST007,112,6,1131916.36,22.28,22.28,71.9,False,False
ST007,113,6,1073982.35,18.07,17.62,62.8,False,False
ST007,114,6,1013637.66,13.26,13.26,55.3,False,False
ST007,115,6,1072606.94,19.41,19.41,63.6,False,False
ST007,116,6,1111212.76,22.18,22.18,64.5,False,False
ST007,117,6,1087768.48,18.71,18.71,63.3,False,False
ST007,118,6,1074342.87,18.3,16.92,57.5,False,False
ST007,119,6,1066955.96,14.24,14.24,65.0,False,False
ST007,120,6,1103029.41,19.65,19.65,66.0,False,False
ST007,121,6,1077383.99,16.59,16.59,72.5,False,False
ST007,122,6,1140707.49,22.32,22.32,58.1,False,False
ST007,123,6,1095534.6,21.25,20.13,66.1,False,False
ST007,124,6,1096923.48,22.55,20.55,63.7,False,False
ST007,125,6,1088478.25,17.64,17.64,63.8,False,False
ST007,126,6,1092872.26,17.35,17.35,59.5,False,False
ST007,127,6,1011477.31,12.42,12.42,64.4,False,False
ST007,128,6,1014392.96,14.39,14.39,65.4,False,False
ST007,129,6,1135461.59,21.35,21.35,65.0,False,False
ST007,130,6,1079995.18,16.96,16.96,56.8,False,False
ST007,131,6,1119858.68,23.32,23.32,68.5,False,False
ST007,132,6,1112836.82,17.96,17.96,65.9,False,False
ST007,133,6,1104405.62,22.09,20.13,60.5,False,False
ST007,134,6,1072270.48,15.97,15.97,60.0,False,False
ST007,135,6,1135222.83,24.68,24.68,55.2,False,False
ST007,136,6,1115203.86,25.02,21.27,65.0,False,False
ST007,137,6,1096447.39,17.05,17.05,71.1,False,False
ST007,138,6,1041042.81,14.11,14.11,60.1,False,False
ST007,139,6,1088256.16,16.91,16.91,67.3,False,False
ST007,140,6,1100927.19,17.43,17.43,61.3,False,False
ST007,141,6,1138362.02,26.7,24.35,59.3,False,False
ST007,142,6,1067199.04,15.46,15.46,53.7,False,False
ST007,143,6,1103039.15,17.48,17.48,65.2,False,False
ST007,144,6,1072939.07,16.26,16.26,67.5,False,False
ST007,145,6,1091661.72,17.25,17.25,63.0,False,False
ST007,146,6,1022565.04,13.65,13.65,48.8,False,True
ST007,147,6,1104195.15,18.33,18.33,54.8,False,False
ST007,148,6,1027707.35,14.52,14.52,52.7,False,False
ST007,149,6,1035541.69,14.87,14.87,57.3,False,False
ST007,150,6,1062703.51,16.09,16.09,54.7,False,False
ST007,151,6,1084003.29,18.44,18.44,56.7,False,False
ST007,152,6,1141162.12,25.27,24.0,66.2,False,False
ST007,153,6,1148023.24,24.84,24.84,55.8,False,False
ST007,154,6,1009291.8,11.84,11.84,45.1,False,True
ST007,155,6,1055646.3,15.18,15.18,74.4,False,False
ST007,156,6,1118306.44,25.95,21.69,66.9,False,False
ST007,157,6,1105161.95,25.4,21.68,63.1,False,False
ST007,158,6,1078658.04,18.06,16.69,65.3,False,False
ST007,159,6,1145199.58,25.19,24.67,68.7,False,False
ST007,160,6,1069623.37,16.1,16.1,57.4,False,False
ST007,161,6,1077374.48,16.14,16.14,62.9,False,False
ST007,162,6,1032530.01,14.85,14.85,64.1,False,False
ST007,163,6,1137523.58,25.36,23.8,59.1,False,False
ST007,164,6,1096278.76,19.15,19.15,58.8,False,False
ST007,165,6,1148344.45,29.04,25.43,61.0,False,False
ST007,166,6,1141102.29,24.12,24.12,67.6,False,False
ST007,167,6,1186733.84,30.28,29.97,65.5,False,False
ST007,168,6,1087231.36,21.23,20.81,71.3,False,False
ST007,169,6,1068439.97,17.61,17.61,60.5,False,False
ST007,170,6,1055912.74,14.96,14.96,60.4,False,False
ST007,171,6,1047217.05,15.94,15.94,60.7,False,False
ST007,172,6,1048705.48,15.37,15.37,59.0,False,False
ST007,173,6,1148756.17,22.51,22.51,68.6,False,False
ST007,174,6,1142577.57,24.31,24.31,58.1,False,False
ST007,175,6,1113009.5,22.04,20.55,62.0,False,False
ST007,176,6,1118839.17,19.26,19.26,67.8,False,False
ST007,177,6,1135625.06,24.53,24.53,70.7,False,False
ST007,178,6,1109177.23,24.17,22.87,66.9,False,False
ST007,179,6,1069529.29,18.19,18.19,68.7,False,False
ST007,180,6,929084.32,8.53,8.53,49.6,False,True
ST007,181,6,1140851.49,23.98,23.98,60.2,False,False
ST007,182,6,1136768.45,28.05,25.32,60.8,False,False
ST007,183,6,1124879.46,24.93,23.84,64.3,False,False
ST007,184,6,1135844.29,22.03,22.03,54.3,False,False
ST007,185,6,1144822.92,21.84,21.57,66.6,False,False
ST007,186,6,1084102.95,14.95,14.95,64.1,False,False
ST007,187,6,1035312.81,14.49,14.49,58.2,False,False
ST007,188,6,1128256.28,21.21,21.21,53.7,False,False
ST007,189,6,1078655.41,15.8,15.8,61.2,False,False
ST007,190,6,1155806.73,25.0,25.0,61.8,False,False
ST007,191,6,1127767.81,26.22,23.0,66.0,False,False
ST007,192,6,1073347.56,18.62,18.59,61.4,False,False
ST007,193,6,1145744.58,28.9,26.02,69.6,False,False
ST007,194,6,1136161.18,21.06,21.06,66.1,False,False
ST007,195,6,1067812.99,16.45,16.45,67.7,False,False
ST007,196,6,1122413.98,22.43,22.43,62.4,False,False
ST007,197,6,1016035.39,13.79,13.79,54.5,False,False
ST007,198,6,1088903.66,18.17,18.17,64.0,False,False
ST007,199,6,1088248.28,17.62,17.62,76.5,False,False
ST007,200,6,1061900.03,16.03,16.03,67.0,False,False
ST007,201,6,1085283.85,15.69,15.69,61.1,False,False
ST007,202,6,1022084.88,14.63,14.63,53.9,False,False
ST007,203,6,1137616.11,20.23,20.23,64.6,False,False
ST007,204,6,1160530.96,26.05,26.05,60.8,False,False
ST007,205,6,1087269.29,14.61,14.61,55.5,False,False
ST007,206,6,1125816.78,19.65,19.65,63.3,False,False
ST007,207,6,1124670.4,18.74,18.74,71.3,False,False
ST007,208,6,1127527.78,19.25,19.25,63.3,False,False
ST007,209,6,1075188.46,16.4,16.4,77.9,False,False
ST007,210,6,1033671.39,12.72,12.72,51.1,False,False
ST007,211,6,1121853.15,18.65,18.65,55.7,False,False
ST007,212,6,1115869.36,22.45,21.91,63.5,False,False
ST007,213,6,1084289.27,17.85,17.85,66.1,False,False
ST007,214,6,1127944.53,19.81,19.81,66.0,False,False
ST007,215,6,1112603.72,22.92,20.99,63.3,False,False
ST007,216,6,1101759.78,16.78,16.78,63.1,False,False
ST007,217,6,1134027.37,21.57,21.57,71.3,False,False
ST007,218,6,1043432.82,14.88,14.88,61.7,False,False
ST007,219,6,996291.14,11.76,11.76,58.4,False,False
ST007,220,6,1114612.06,21.51,21.51,66.2,False,False
ST007,221,6,1160372.61,29.27,26.33,58.7,False,False
ST007,222,6,1143747.35,23.93,23.93,69.4,False,False
ST007,223,6,1069058.57,15.04,15.04,59.3,False,False
ST007,224,6,1124785.19,22.54,22.54,63.5,False,False
ST007,225,6,1086942.56,19.9,18.39,66.9,False,False
ST007,226,6,1073612.61,14.79,14.79,56.4,False,False
ST007,227,6,1141628.25,25.65,23.76,64.8,False,False
ST007,228,6,1109763.03,18.4,18.4,66.2,False,False
ST007,229,6,1118443.46,18.55,18.55,64.9,False,False
ST007,230,6,1191297.94,36.89,29.97,57.9,False,False
ST007,231,6,1098822.65,16.49,16.49,58.2,False,False
ST007,232,6,1077038.6,18.87,18.87,57.9,False,False
ST007,233,6,1101380.32,18.68,18.68,65.9,False,False
ST007,234,6,1102944.58,19.74,19.74,60.9,False,False
ST007,235,6,1047456.88,17.28,16.04,71.5,False,False
ST007,236,6,1067634.89,19.59,18.04,75.7,False,False
ST007,237,6,1096587.11,22.99,21.03,70.7,False,False
ST007,238,6,1018124.05,11.19,11.19,60.8,False,False
ST007,239,6,1120338.52,21.49,21.49,63.9,False,False
ST007,240,6,1065800.92,19.29,17.22,64.5,False,False
ST007,241,6,1042791.17,14.31,14.31,54.1,False,False
ST007,242,6,1118836.72,22.85,22.77,60.6,False,False
ST007,243,6,1082235.9,16.2,16.2,64.0,False,False
ST007,244,6,1050545.76,15.94,15.94,56.2,False,False
ST007,245,6,1091262.39,16.65,16.65,67.7,False,False
ST007,246,6,1188206.56,32.76,29.97,76.8,False,False
ST007,247,6,1113569.8,19.31,19.31,56.7,False,False
ST007,248,6,1126020.12,22.49,22.49,63.3,False,False
ST007,249,6,1078479.13,16.05,16.05,62.7,False,False
ST007,250,6,1102778.89,17.88,17.88,65.9,False,False
ST007,251,6,1068020.96,16.01,16.01,62.1,False,False
ST007,252,6,1047001.75,14.57,14.57,50.6,False,False
ST007,253,6,1109640.22,17.72,17.72,58.8,False,False
ST007,254,6,1097745.67,17.93,17.93,61.7,False,False
ST007,255,6,1108676.81,21.98,20.92,65.0,False,False
ST007,256,6,1121317.04,22.23,22.23,67.9,False,False
ST007,257,6,1029360.35,11.94,11.94,51.3,False,False
ST007,258,6,1135230.82,25.09,23.25,49.8,False,True
ST007,259,6,1136610.91,25.22,25.22,59.1,False,False
ST007,260,6,1159747.57,27.02,27.02,64.5,False,False
ST007,261,6,1099567.78,16.16,16.16,61.3,False,False
ST007,262,6,1106276.51,18.24,18.24,73.2,False,False
ST007,263,6,1042414.96,14.24,14.24,58.4,False,False
ST007,264,6,1130563.93,24.5,22.9,65.2,False,False
ST007,265,6,1079101.13,17.47,17.47,60.6,False,False
ST007,266,6,1044573.18,14.73,14.73,56.0,False,False
ST007,267,6,1065709.27,17.5,17.5,63.4,False,False
ST007,268,6,974062.41,10.57,10.57,45.5,False,True
ST007,269,6,1065346.98,17.46,17.46,51.3,False,False
ST007,270,6,1114855.16,23.57,21.52,63.0,False,False
ST007,271,6,1120602.37,20.89,20.89,75.3,False,False
ST007,272,6,1040130.88,13.43,13.43,64.3,False,False
ST007,273,6,1017846.81,14.24,14.24,59.6,False,False
ST007,274,6,1111208.82,19.72,19.72,71.0,False,False
ST007,275,6,1154349.42,23.64,23.64,69.1,False,False
ST007,276,6,1030142.63,13.97,13.97,63.2,False,False
ST007,277,6,1080234.14,16.62,16.62,65.4,False,False
ST007,278,6,1126113.02,19.38,19.38,70.8,False,False
ST007,279,6,1083916.57,18.53,18.53,70.7,False,False
ST007,280,6,1082903.43,15.26,15.26,51.5,False,False
ST007,281,6,1107592.87,17.85,17.85,70.4,False,False
ST007,282,6,1118517.86,22.59,20.58,68.3,False,False
ST007,283,6,1070053.58,15.97,15.97,58.5,False,False
ST007,284,6,1059221.16,20.08,18.49,59.6,False,False
ST007,285,6,1101964.72,15.68,15.68,67.3,False,False
ST007,286,6,1072371.72,17.62,16.3,63.0,False,False
ST007,287,6,1127349.04,22.4,22.4,60.9,False,False
ST007,288,6,1039940.44,17.83,15.26,55.8,False,False
ST007,289,6,1113740.95,17.74,17.74,64.2,False,False
ST007,290,6,1118957.64,18.51,18.51,68.5,False,False
ST007,291,6,1122786.68,24.2,22.87,62.0,False,False
ST007,292,6,983071.32,10.92,10.92,45.7,False,True
ST007,293,6,1058037.98,15.25,15.25,72.6,False,False
ST007,294,6,1136130.38,23.37,23.23,62.5,False,False
ST007,295,6,1074804.83,14.41,14.41,60.0,False,False
ST007,296,6,1099582.07,21.14,20.45,55.3,False,False
ST007,297,6,1019690.36,12.41,12.41,54.8,False,False
ST007,298,6,1141436.25,25.05,23.35,63.7,False,False
ST007,299,6,988483.32,9.92,9.92,50.5,False,False
ST007,300,6,1099377.23,19.41,19.41,64.6,False,False
ST007,301,6,1067499.39,14.91,14.91,47.5,False,True
ST007,302,6,1109106.27,18.61,18.61,63.1,False,False
ST007,303,6,1113208.1,18.02,18.02,68.7,False,False
ST007,304,6,1083227.06,16.49,16.49,64.1,False,False
ST007,305,6,1104197.97,19.33,19.33,69.6,False,False
ST007,306,6,1013697.77,12.33,12.33,48.5,False,True
ST007,307,6,1100285.71,22.35,20.46,70.0,False,False
ST007,308,6,1156302.04,22.31,22.31,58.8,False,False
ST007,309,6,1182728.98,29.02,29.02,63.9,False,False
ST007,310,6,1103748.39,17.23,17.23,65.4,False,False
ST007,311,6,1114018.51,20.39,20.39,66.9,False,False
ST007,312,6,1154880.79,25.87,25.87,66.7,False,False
ST007,313,6,1144381.09,29.97,25.2,66.4,False,False
ST007,314,6,1079828.86,21.06,18.38,77.2,False,False
ST007,315,6,1049652.84,16.15,16.15,56.0,False,False
ST007,316,6,995638.41,10.9,10.9,55.5,False,False
ST007,317,6,1093809.61,19.12,19.12,70.1,False,False
ST007,318,6,1078028.02,16.27,16.27,64.8,False,False
ST007,319,6,1126534.69,20.36,20.36,71.5,False,False
ST007,320,6,1025137.64,12.82,12.82,59.5,False,False
ST007,321,6,1164897.58,25.71,25.71,57.1,False,False
ST007,322,6,1070626.33,15.52,15.52,64.6,False,False
ST007,323,6,1097527.43,17.73,17.4,65.0,False,False
ST007,324,6,1159162.27,28.17,27.38,62.2,False,False
ST007,325,6,983737.47,10.04,10.04,56.0,False,False
ST007,326,6,1097680.52,16.48,16.48,64.1,False,False
ST007,327,6,1076680.43,17.73,17.73,72.4,False,False
ST007,328,6,1040578.95,14.32,14.32,49.8,False,True
ST007,329,6,1124064.38,18.35,18.35,59.6,False,False
ST007,330,6,1050789.93,15.08,15.08,62.4,False,False
ST007,331,6,1038029.5,14.51,14.51,61.7,False,False
ST007,332,6,1035788.36,12.25,12.25,56.6,False,False
ST007,333,6,1148890.42,24.52,24.52,51.3,False,False
ST007,334,6,1155092.23,26.37,26.37,61.9,False,False
ST007,335,6,1121719.07,21.07,21.07,68.4,False,False
ST007,336,6,1066534.8,16.79,16.79,69.6,False,False
ST007,337,6,1160319.23,23.65,23.65,70.3,False,False
ST007,338,6,1108114.01,22.53,21.62,56.5,False,False
ST007,339,6,1034171.3,13.85,13.85,53.1,False,False
ST007,340,6,1126360.47,22.03,22.03,53.7,False,False
ST007,341,6,1086422.23,21.07,21.07,59.5,False,False
ST007,342,6,1009779.69,11.79,11.79,52.4,False,False
ST007,343,6,1071104.75,16.1,16.1,53.3,False,False
ST007,344,6,1126620.31,19.1,19.1,68.1,False,False
ST007,345,6,1092326.8,16.55,16.55,59.7,False,False
ST007,346,6,1073359.63,18.35,18.35,67.8,False,False
ST007,347,6,1140533.13,21.41,21.41,71.5,False,False
ST007,348,6,1135145.17,21.84,21.84,53.3,False,False
ST007,349,6,1105442.48,18.88,18.88,66.8,False,False
ST007,350,6,1012580.08,13.35,13.35,55.2,False,False
ST007,351,6,1124170.49,23.4,23.4,66.8,False,False
ST007,352,6,1156369.81,26.09,26.09,59.2,False,False
ST007,353,6,1102380.47,19.88,19.88,62.2,False,False
ST007,354,6,1072854.0,14.91,14.91,47.3,False,True
ST007,355,6,1114789.03,18.35,18.35,62.1,False,False
ST007,356,6,1221476.3,38.64,29.97,64.4,False,False
ST007,357,6,1172137.44,29.74,28.58,71.6,False,False
ST007,358,6,1082635.11,18.23,18.23,68.7,False,False
ST007,359,6,980920.8,13.64,12.84,62.5,False,False
ST007,360,6,1098670.87,21.85,19.44,57.6,False,False
ST007,361,6,1160725.35,22.47,22.47,72.8,False,False
ST007,362,6,1146299.31,26.71,26.61,63.0,False,False
ST007,363,6,1095647.14,16.95,16.95,61.8,False,False
ST007,364,6,1148418.87,25.04,24.96,72.1,False,False
ST007,365,6,974983.88,10.28,10.28,51.6,False,False
ST007,366,6,1144958.67,26.98,25.79,67.6,False,False
ST007,367,6,1059657.77,16.03,16.03,55.1,False,False
ST007,368,6,1081855.82,17.65,17.65,59.0,False,False
ST007,369,6,1127348.54,17.77,17.77,67.5,False,False
ST007,370,6,1079861.53,17.91,17.91,63.0,False,False
ST007,371,6,1066707.61,18.46,18.46,66.3,False,False
ST007,372,6,1172126.69,24.47,24.47,66.8,False,False
ST007,373,6,1083908.71,21.6,19.89,65.0,False,False
ST007,374,6,1076060.54,18.05,17.83,61.9,False,False
ST007,375,6,1069952.06,13.71,13.71,53.6,False,False
ST007,376,6,1010820.05,12.95,12.95,65.1,False,False
ST007,377,6,1102811.36,16.89,16.89,69.2,False,False
ST007,378,6,1156655.86,27.85,25.29,57.4,False,False
ST007,379,6,1063476.43,16.05,16.05,50.3,False,False
ST007,380,6,1160195.89,25.36,25.36,66.5,False,False
ST007,381,6,1178346.71,26.95,26.95,74.7,False,False
ST007,382,6,1064459.28,13.68,13.68,57.0,False,False
ST007,383,6,1082757.04,16.85,16.85,58.7,False,False
ST007,384,6,1167587.88,32.29,27.32,68.4,False,False
ST007,385,6,1191095.53,28.54,28.54,65.8,False,False
ST007,386,6,1032220.97,16.49,15.35,57.9,False,False
ST007,387,6,1081225.17,17.65,17.65,68.9,False,False
ST007,388,6,1119366.45,21.0,21.0,68.0,False,False
ST007,389,6,1100831.01,21.7,19.91,66.4,False,False
ST007,390,6,1134452.56,20.35,20.35,69.7,False,False
ST007,391,6,1210511.82,41.15,29.97,68.0,False,False
ST007,392,6,1118648.32,25.68,22.48,68.4,False,False
ST007,393,6,1039825.76,14.03,14.03,52.7,False,False
ST007,394,6,1007886.94,12.22,12.22,57.6,False,False
ST007,395,6,1046679.56,12.41,12.41,50.0,False,False
ST007,396,6,1080440.64,16.83,16.83,68.2,False,False
ST007,397,6,1109502.53,20.43,20.43,77.1,False,False
ST007,398,6,1157854.22,26.2,26.2,62.2,False,False
ST007,399,6,1008286.96,11.14,11.14,59.9,False,False
ST007,400,6,1072513.34,17.85,17.09,74.1,False,False
ST007,401,6,1002986.34,11.22,11.22,43.4,False,True
ST007,402,6,1186241.44,34.01,27.5,68.1,False,False
ST007,403,6,1098760.41,16.75,16.75,58.2,False,False
ST007,404,6,1143354.96,22.97,22.97,66.7,False,False
ST007,405,6,1196521.03,37.35,29.97,76.3,False,False
ST007,406,6,1089511.04,24.7,18.98,62.6,False,False
ST007,407,6,1159935.02,26.89,25.36,62.3,False,False
ST007,408,6,1129074.42,21.6,21.6,67.3,False,False
ST007,409,6,1071680.36,17.84,16.89,67.9,False,False
ST007,410,6,1063159.05,17.54,16.32,65.1,False,False
ST007,411,6,1181773.71,32.13,29.97,74.8,False,False
ST007,412,6,1100425.89,18.84,18.84,55.9,False,False
ST007,413,6,1132260.53,23.45,23.45,67.7,False,False
ST007,414,6,1099376.71,20.11,20.11,63.2,False,False
ST007,415,6,1136671.02,25.72,23.72,70.8,False,False
ST007,416,6,1127647.34,24.92,24.21,59.8,False,False
ST007,417,6,1095538.1,16.13,16.13,57.6,False,False
ST007,418,6,1065604.92,18.64,16.67,60.4,False,False
ST007,419,6,1088894.73,19.39,18.15,69.8,False,False
ST007,420,6,1039677.08,17.29,16.01,47.2,False,True
ST007,421,6,1037737.89,13.77,13.77,62.8,False,False
ST007,422,6,1083075.62,17.09,17.09,64.6,False,False
ST007,423,6,1105304.77,17.15,17.15,67.3,False,False
ST007,424,6,1107438.53,21.81,20.21,67.6,False,False
ST007,425,6,1178216.9,25.57,25.57,59.5,False,False
ST007,426,6,1049943.86,13.06,13.06,55.1,False,False
ST007,427,6,1087804.29,15.61,15.61,55.5,False,False
ST007,428,6,1079874.23,21.71,19.43,60.1,False,False
ST007,429,6,1041985.62,18.99,17.46,61.5,False,False
ST007,430,6,1125866.28,24.04,24.04,60.3,False,False
ST007,431,6,1034801.06,17.67,16.29,62.6,False,False
ST007,432,6,1031901.53,13.42,13.42,53.1,False,False
ST007,433,6,1064981.1,15.64,15.64,61.6,False,False
ST007,434,6,1138895.58,20.67,20.67,55.5,False,False
ST007,435,6,1169230.35,27.93,27.93,72.0,False,False
ST007,436,6,1040230.04,13.45,13.45,58.1,False,False
ST007,437,6,1107721.79,18.27,18.27,64.0,False,False
ST007,438,6,1054995.33,14.49,14.49,55.5,False,False
ST007,439,6,1151679.72,26.05,26.05,57.4,False,False
ST007,440,6,1047796.21,13.55,13.55,51.5,False,False
ST007,441,6,1045747.73,16.7,15.45,64.0,False,False
ST007,442,6,1045054.25,14.97,14.97,57.4,False,False
ST007,443,6,959622.78,9.88,9.88,53.6,False,False
ST007,444,6,1139372.08,23.1,23.1,63.2,False,False
ST007,445,6,1050796.99,16.62,15.99,57.0,False,False
ST007,446,6,1111037.28,18.84,18.84,65.1,False,False
ST007,447,6,1159493.53,22.21,22.21,61.4,False,False
ST007,448,6,1065757.03,14.89,14.89,55.3,False,False
ST007,449,6,1123996.84,20.58,20.58,55.6,False,False
ST007,450,6,1065658.34,14.17,14.17,55.0,False,False
ST007,451,6,1151649.98,21.71,21.71,68.9,False,False
ST007,452,6,1115330.16,25.26,23.01,61.5,False,False
ST007,453,6,1117890.53,18.03,18.03,72.5,False,False
ST007,454,6,1070284.01,15.87,15.87,56.9,False,False
ST007,455,6,1145991.03,28.12,25.57,48.0,False,True
ST007,456,6,1108672.87,20.95,20.48,57.3,False,False
ST007,457,6,1068367.55,14.36,14.36,52.1,False,False
ST007,458,6,1114552.51,19.53,19.53,70.5,False,False
ST007,459,6,1149366.03,26.87,26.39,65.5,False,False
ST007,460,6,1076746.57,14.74,14.74,61.2,False,False
ST007,461,6,1074778.98,18.89,18.89,73.8,False,False
ST007,462,6,1170828.91,27.79,27.79,67.8,False,False
ST007,463,6,1116127.21,18.21,18.21,65.7,False,False
ST007,464,6,1015362.71,14.18,13.49,52.1,False,False
ST007,465,6,1081466.48,22.01,20.19,56.7,False,False
ST007,466,6,1046885.65,13.95,13.95,52.4,False,False
ST007,467,6,1086559.31,19.41,19.41,71.8,False,False
ST007,468,6,1096980.44,18.68,18.68,65.1,False,False
ST007,469,6,1136405.82,25.43,25.43,59.1,False,False
ST007,470,6,1155757.93,27.65,25.15,58.8,False,False
ST007,471,6,1044682.96,16.41,16.41,61.4,False,False
ST007,472,6,1137548.99,23.88,23.7,63.9,False,False
ST007,473,6,1158337.99,28.01,27.11,63.0,False,False
ST007,474,6,1071394.62,18.84,18.62,71.0,False,False
ST007,475,6,1042251.8,17.17,17.17,57.1,False,False
ST007,476,6,1112522.91,24.28,21.92,64.1,False,False
ST007,477,6,1142005.01,21.42,21.42,69.6,False,False
ST007,478,6,1115335.78,17.92,17.92,64.0,False,False
ST007,479,6,1062304.7,18.66,17.75,69.2,False,False
ST007,480,6,1138934.83,20.78,20.78,64.1,False,False
ST007,481,6,1050746.03,14.4,14.4,67.7,False,False
ST007,482,6,1100813.0,18.39,18.39,60.2,False,False
ST007,483,6,1053533.17,16.88,16.88,63.4,False,False
ST007,484,6,1054332.19,18.47,17.05,70.4,False,False
ST007,485,6,1164679.18,29.7,27.24,52.2,False,False
ST007,486,6,1086855.42,19.1,19.1,64.4,False,False
ST007,487,6,1116225.28,19.88,19.88,64.3,False,False
ST007,488,6,1131009.7,21.25,21.25,61.6,False,False
ST007,489,6,1119452.9,18.72,18.72,66.7,False,False
ST007,490,6,1037838.18,15.82,15.82,62.0,False,False
ST007,491,6,1082328.52,14.73,14.73,59.0,False,False
ST007,492,6,1023894.24,13.87,13.87,55.9,False,False
ST007,493,6,1134526.65,21.49,21.49,59.4,False,False
ST007,494,6,1088562.99,16.84,16.84,75.2,False,False
ST007,495,6,1138194.48,22.75,22.75,64.3,False,False
ST007,496,6,1094920.45,20.96,19.66,65.2,False,False
ST007,497,6,1089418.56,16.51,16.51,64.8,False,False
ST007,498,6,1098212.02,19.71,19.71,62.1,False,False
ST007,499,6,1057039.73,14.74,14.74,55.7,False,False
ST007,500,6,1178983.23,26.08,26.08,66.1,False,False
ST007,501,6,1005116.34,13.04,13.04,45.2,False,True
ST007,502,6,1139154.06,23.37,23.06,60.0,False,False
ST007,503,6,1023438.95,15.52,14.47,65.9,False,False
ST007,504,6,1098894.91,21.38,20.93,61.9,False,False
ST007,505,6,1051500.31,15.09,15.09,62.5,False,False
ST007,506,6,1107091.65,22.6,22.12,56.9,False,False
ST007,507,6,1125504.32,20.3,20.3,61.2,False,False
ST007,508,6,1184775.28,33.56,29.97,60.5,False,False
ST007,509,6,1027890.75,14.07,14.07,55.4,False,False
ST007,510,6,1076884.23,20.23,19.94,61.1,False,False
ST007,511,6,1068500.7,19.29,18.15,63.6,False,False
ST007,512,6,1124495.43,26.12,22.85,63.0,False,False
ST007,513,6,1118438.99,22.31,22.31,64.0,False,False
ST007,514,6,1069222.1,16.86,16.86,64.2,False,False
ST007,515,6,1113558.49,19.25,19.25,68.4,False,False
ST007,516,6,1119729.01,24.18,23.35,61.6,False,False
ST007,517,6,1005132.35,13.32,13.32,53.9,False,False
ST007,518,6,1125191.96,23.37,23.37,57.7,False,False
ST007,519,6,1074682.69,20.02,19.49,65.2,False,False
ST007,520,6,1093103.16,18.65,18.65,59.6,False,False
ST007,521,6,1135680.89,20.94,20.94,66.1,False,False
ST007,522,6,1085379.24,18.36,18.3,66.8,False,False
ST007,523,6,1126666.59,22.82,22.82,61.0,False,False
ST007,524,6,1113966.92,20.01,20.01,62.6,False,False
ST007,525,6,1072134.03,16.79,16.79,74.0,False,False
ST007,526,6,1056159.05,15.87,15.87,64.5,False,False
ST007,527,6,1122582.65,17.97,17.97,61.8,False,False
ST007,528,6,1155085.93,25.39,25.39,56.8,False,False
ST007,529,6,1060228.35,14.09,14.09,50.2,False,False
ST007,530,6,1056345.18,17.9,17.72,69.5,False,False
ST007,531,6,1124318.31,18.91,18.91,56.6,False,False
ST007,532,6,1157422.98,25.58,25.58,72.3,False,False
ST007,533,6,1039205.81,14.17,14.17,62.1,False,False
ST007,534,6,1077373.05,18.58,18.58,60.1,False,False
ST007,535,6,1125980.73,23.36,22.18,61.6,False,False
ST007,536,6,1052121.24,16.35,16.35,56.5,False,False
ST007,537,6,1083620.37,15.76,15.76,53.9,False,False
ST007,538,6,1095034.33,20.36,18.63,71.8,False,False
ST007,539,6,1162760.16,32.24,27.99,72.6,False,False
ST007,540,6,1123445.28,22.81,22.67,66.5,False,False
ST007,541,6,1143440.65,25.44,25.25,51.6,False,False
ST007,542,6,1039259.81,16.26,15.11,53.9,False,False
ST007,543,6,1068721.53,15.71,15.71,61.0,False,False
ST007,544,6,1146270.15,26.28,24.99,70.8,False,False
ST007,545,6,1071141.3,14.83,14.83,58.2,False,False
ST007,546,6,1030184.12,13.97,13.97,64.3,False,False
ST007,547,6,1161465.58,27.37,27.33,59.3,False,False
ST007,548,6,1146055.17,27.73,24.95,70.9,False,False
ST007,549,6,1023103.01,15.41,15.41,58.4,False,False
ST007,550,6,1101261.98,19.26,19.26,63.1,False,False
ST007,551,6,1124705.9,22.37,22.37,58.9,False,False
ST007,552,6,1080396.28,20.0,18.66,67.7,False,False
ST007,553,6,1026281.6,12.2,12.2,47.9,False,True
ST007,554,6,1126052.56,19.15,19.15,66.4,False,False
ST007,555,6,1115230.31,19.31,19.31,75.3,False,False
ST007,556,6,1037960.19,16.18,15.02,56.0,False,False
ST007,557,6,1125686.26,22.94,22.94,59.0,False,False
ST007,558,6,1120651.92,22.66,22.66,63.9,False,False
ST007,559,6,1074899.33,16.92,16.92,66.0,False,False
ST007,560,6,1154671.36,25.75,25.75,69.2,False,False
ST007,561,6,1120504.47,24.26,22.06,73.4,False,False
ST007,562,6,1116121.04,24.76,21.75,61.3,False,False
ST007,563,6,1087894.96,19.5,19.5,72.6,False,False
ST007,564,6,1105703.01,24.07,21.99,56.9,False,False
ST007,565,6,1156016.81,28.02,28.02,56.6,False,False
ST007,566,6,1114914.56,20.74,20.74,72.0,False,False
ST007,567,6,1043898.92,17.4,16.13,56.9,False,False
ST007,568,6,1083116.45,16.6,16.6,55.1,False,False
ST007,569,6,1112854.89,22.5,22.49,60.3,False,False
ST007,570,6,1148117.94,20.57,20.57,62.9,False,False
ST007,571,6,1146672.88,23.76,23.76,71.0,False,False
ST007,572,6,1101941.56,16.68,16.68,69.3,False,False
ST007,573,6,1084727.31,16.75,16.75,58.2,False,False
ST007,574,6,1115406.44,18.71,18.71,69.9,False,False
ST007,575,6,1120812.29,21.7,21.7,64.8,False,False
ST007,576,6,1017908.35,12.62,12.62,64.5,False,False
ST007,577,6,1074467.03,17.23,17.23,60.3,False,False
ST007,578,6,1175642.01,38.34,29.12,51.4,False,False
ST007,579,6,1053776.79,15.62,15.62,68.8,False,False
ST007,580,6,1067766.75,14.17,14.17,61.5,False,False
ST007,581,6,1155644.11,30.55,26.73,70.4,False,False
ST007,582,6,1161755.65,27.3,26.75,70.9,False,False
ST007,583,6,1096075.1,19.04,19.04,65.8,False,False
ST007,584,6,1070686.73,16.39,16.39,62.7,False,False
ST007,585,6,1114150.86,20.83,20.83,62.8,False,False
ST007,586,6,1124312.71,17.33,17.33,69.1,False,False
ST007,587,6,1065757.31,17.1,17.1,65.5,False,False
ST007,588,6,1101655.71,20.97,20.97,67.1,False,False
ST007,589,6,1166104.59,27.47,27.2,61.2,False,False
ST007,590,6,1123165.01,19.5,19.5,69.5,False,False
ST007,591,6,1031892.06,13.53,13.53,58.2,False,False
ST007,592,6,1110843.88,18.58,18.58,71.2,False,False
ST007,593,6,1127371.85,23.05,23.05,57.0,False,False
ST007,594,6,1140621.23,27.19,24.76,55.7,False,False
ST007,595,6,1116105.43,23.86,23.86,66.7,False,False
ST007,596,6,1094437.13,19.42,19.17,75.8,False,False
ST007,597,6,1118445.1,18.17,18.17,72.6,False,False
ST007,598,6,1121995.33,23.53,23.46,65.2,False,False
ST007,599,6,1126068.27,24.05,23.04,71.8,False,False
ST007,600,6,1054160.17,16.49,16.49,62.3,False,False
ST007,601,6,1130876.08,27.38,24.8,66.3,False,False
ST007,602,6,1120160.84,18.57,18.57,60.3,False,False
ST007,603,6,964902.49,10.06,10.06,52.7,False,False
ST007,604,6,1115033.34,20.94,20.94,58.4,False,False
ST007,605,6,1137084.52,23.83,23.83,68.2,False,False
ST007,606,6,1175059.87,31.18,29.97,63.5,False,False
ST007,607,6,1079315.83,16.65,16.65,54.4,False,False
ST007,608,6,1105422.56,18.31,18.31,73.0,False,False
ST007,609,6,1144698.23,20.6,20.6,64.7,False,False
ST007,610,6,1090818.64,15.51,15.51,65.1,False,False
ST007,611,6,1114251.19,19.05,19.05,62.0,False,False
ST007,612,6,1084270.66,17.5,17.5,65.5,False,False
ST007,613,6,1174808.48,27.46,27.46,70.5,False,False
ST007,614,6,1134988.39,27.47,24.33,65.5,False,False
ST007,615,6,1126746.45,27.97,23.42,57.5,False,False
ST007,616,6,1098973.11,17.78,17.78,70.5,False,False
ST007,617,6,1149262.99,21.25,21.25,73.9,False,False
ST007,618,6,1093629.71,20.38,20.21,64.7,False,False
ST007,619,6,1080668.08,16.27,16.27,61.7,False,False
ST007,620,6,1055023.18,14.3,14.3,61.1,False,False
ST007,621,6,1164105.08,31.0,27.45,73.4,False,False
ST007,622,6,1065518.72,14.6,14.6,69.8,False,False
ST007,623,6,1091240.44,17.44,17.44,70.0,False,False
ST007,624,6,1160662.89,31.09,29.35,72.9,False,False
ST007,625,6,1085251.82,18.43,18.43,73.0,False,False
ST007,626,6,1099499.99,19.85,19.85,71.3,False,False
ST007,627,6,1058838.98,14.81,14.81,60.3,False,False
ST007,628,6,1088444.65,20.4,20.18,60.8,False,False
ST007,629,6,1034668.95,14.27,14.27,64.2,False,False
ST007,630,6,1064818.56,14.84,14.84,64.1,False,False
ST007,631,6,1150766.57,29.8,26.37,70.3,False,False
ST007,632,6,1057680.07,16.49,16.49,64.1,False,False
ST007,633,6,1160278.86,23.62,23.62,64.6,False,False
ST007,634,6,1018010.62,12.61,12.61,61.2,False,False
ST007,635,6,1175981.62,27.84,27.84,64.2,False,False
ST007,636,6,1086608.65,21.9,20.18,59.0,False,False
ST007,637,6,1143458.78,25.66,25.11,60.5,False,False
ST007,638,6,1146547.0,26.38,25.25,63.1,False,False
ST007,639,6,1092438.98,18.31,18.31,70.3,False,False
ST007,640,6,1113530.36,21.13,21.13,68.3,False,False
ST007,641,6,1120807.25,20.12,20.12,63.8,False,False
ST007,642,6,1065098.34,15.43,15.43,64.3,False,False
ST007,643,6,1172283.29,27.74,27.74,62.2,False,False
ST007,644,6,1108524.43,20.18,19.35,61.9,False,False
ST007,645,6,1162996.32,30.82,28.27,66.9,False,False
ST007,646,6,1102770.22,18.08,18.08,60.2,False,False
ST007,647,6,1082313.0,17.48,17.48,67.2,False,False
ST007,648,6,1051636.92,13.38,13.38,51.2,False,False
ST007,649,6,1051199.95,16.54,15.51,61.3,False,False
ST007,650,6,1113621.05,16.98,16.98,66.9,False,False
ST007,651,6,1023823.86,13.71,13.71,51.3,False,False
ST007,652,6,1077408.95,15.58,15.58,61.3,False,False
ST007,653,6,1117543.12,21.24,21.24,65.5,False,False
ST007,654,6,1062227.94,15.79,15.79,60.4,False,False
ST007,655,6,991367.15,12.57,12.57,48.3,False,True
ST007,656,6,1117606.7,21.04,21.04,58.6,False,False
ST007,657,6,1027387.83,15.0,15.0,55.3,False,False
ST007,658,6,1086818.96,21.0,20.59,68.2,False,False
ST007,659,6,1065106.28,17.48,16.38,62.0,False,False
ST007,660,6,1070976.7,19.83,18.95,65.1,False,False
ST007,661,6,1083833.32,18.58,18.58,69.7,False,False
ST007,662,6,1153087.42,23.39,23.39,62.9,False,False
ST007,663,6,1076786.47,19.23,19.23,73.0,False,False
ST007,664,6,1087326.82,16.65,16.65,63.8,False,False
ST007,665,6,1067716.63,19.6,17.92,60.1,False,False
ST007,666,6,1025929.26,15.4,14.72,63.8,False,False
ST007,667,6,1177889.65,34.8,27.22,54.9,False,False
ST007,668,6,1066289.62,18.87,18.87,65.2,False,False
ST007,669,6,1117078.98,21.5,21.5,62.2,False,False
ST007,670,6,1091976.38,18.41,18.41,76.3,False,False
ST007,671,6,1072100.0,15.8,15.8,54.8,False,False
ST007,672,6,1125620.89,21.43,21.43,69.4,False,False
ST007,673,6,1052476.55,14.2,14.2,58.5,False,False
ST007,674,6,1022143.65,12.8,12.8,50.1,False,False
ST007,675,6,1123573.46,26.4,23.68,55.3,False,False
ST007,676,6,1155450.87,24.11,24.11,66.2,False,False
ST007,677,6,1099413.57,16.56,16.56,65.7,False,False
ST007,678,6,1042430.59,14.08,14.08,53.3,False,False
ST007,679,6,1101601.38,21.29,19.9,63.5,False,False
ST007,680,6,1058422.59,14.55,14.55,64.8,False,False
ST007,681,6,1104931.98,21.42,20.66,68.7,False,False
ST007,682,6,1116294.1,18.63,18.63,60.7,False,False
ST007,683,6,1078608.37,18.27,18.27,71.7,False,False
ST007,684,6,1038197.8,12.68,12.68,51.6,False,False
ST007,685,6,1089676.6,16.79,16.79,61.4,False,False
ST007,686,6,1079853.12,17.15,17.15,72.1,False,False
ST007,687,6,1104035.36,19.76,19.76,51.6,False,False
ST007,688,6,1115872.64,25.92,23.55,58.8,False,False
ST007,689,6,1094760.25,20.59,18.88,59.3,False,False
ST007,690,6,1083418.83,15.32,15.32,59.9,False,False
ST007,691,6,1112017.88,18.89,18.89,69.9,False,False
ST007,692,6,1116504.63,19.92,19.92,73.5,False,False
ST007,693,6,985656.56,11.19,11.19,59.6,False,False
ST007,694,6,1133425.41,26.97,25.61,61.6,False,False
ST007,695,6,1117574.07,24.07,21.95,68.7,False,False
ST007,696,6,1152877.67,23.26,23.26,69.3,False,False
ST007,697,6,1064649.81,18.41,17.01,56.3,False,False
ST007,698,6,1074275.7,17.79,17.77,66.6,False,False
ST007,699,6,1063021.62,18.75,18.17,69.3,False,False
ST007,700,6,1166214.13,30.03,27.33,68.1,False,False
ST007,701,6,1071285.15,17.56,17.56,56.0,False,False
ST007,702,6,1109999.78,17.98,17.98,61.1,False,False
ST007,703,6,985505.49,13.51,12.85,56.8,False,False
ST007,704,6,1121642.75,26.4,22.46,68.1,False,False
ST007,705,6,1146014.13,22.95,22.95,65.1,False,False
ST007,706,6,1148657.64,27.75,25.88,59.9,False,False
ST007,707,6,1083554.97,16.82,16.82,64.5,False,False
ST007,708,6,1120246.35,19.71,19.71,66.0,False,False
ST007,709,6,1129994.82,22.1,21.92,66.3,False,False
ST007,710,6,1118368.73,24.85,23.23,59.5,False,False
ST007,711,6,1084448.77,19.52,19.52,64.3,False,False
ST007,712,6,1069056.64,16.95,16.95,58.6,False,False
ST007,713,6,1062234.59,16.34,16.34,62.2,False,False
ST007,714,6,1053033.09,14.74,14.74,67.4,False,False
ST007,715,6,1119629.54,26.9,21.35,73.3,False,False
ST007,716,6,1131421.77,24.9,24.68,54.6,False,False
ST007,717,6,1050591.2,15.92,15.92,61.3,False,False
ST007,718,6,1088231.97,21.3,19.03,67.4,False,False
ST007,719,6,1060286.6,16.13,16.13,68.6,False,False
ST007,720,6,1133733.58,23.49,23.49,71.0,False,False
ST007,721,6,1059357.0,14.9,14.9,65.1,False,False
ST007,722,6,1067541.32,14.33,14.33,64.7,False,False
ST007,723,6,1072432.6,19.14,17.67,62.4,False,False
ST007,724,6,1106562.65,19.32,18.53,67.5,False,False
ST007,725,6,1020991.67,17.21,14.86,64.4,False,False
ST007,726,6,1109508.8,19.23,19.23,74.7,False,False
ST007,727,6,1114062.84,20.68,20.68,64.8,False,False
ST007,728,6,1086129.1,18.54,18.54,61.3,False,False
ST007,729,6,1114639.25,22.14,22.14,62.7,False,False
ST007,730,6,1113278.54,18.08,18.08,70.5,False,False
ST007,731,6,1181890.51,30.88,28.34,74.4,False,False
ST007,732,6,1114006.94,17.88,17.88,58.5,False,False
ST007,733,6,1133736.82,23.81,23.81,61.2,False,False
ST007,734,6,1026600.13,15.46,15.46,59.5,False,False
ST007,735,6,1057345.19,16.75,15.57,63.2,False,False
ST007,736,6,1123883.16,20.65,20.65,63.7,False,False
ST007,737,6,1119628.66,19.92,19.37,55.8,False,False
ST007,738,6,1010086.26,11.62,11.62,53.6,False,False
ST007,739,6,1198242.59,31.51,29.97,64.1,False,False
ST007,740,6,1113213.95,18.11,18.11,64.6,False,False
ST007,741,6,1163344.16,27.91,27.12,69.2,False,False
ST007,742,6,1075387.49,17.51,17.51,65.1,False,False
ST007,743,6,1010538.16,11.52,11.52,57.4,False,False
ST007,744,6,1113494.59,21.08,21.08,66.4,False,False
ST007,745,6,1083046.11,15.55,15.55,52.2,False,False
ST007,746,6,1143174.26,24.53,24.53,62.5,False,False
ST007,747,6,1028663.57,14.49,14.15,53.3,False,False
ST007,748,6,1131511.22,20.07,20.07,69.1,False,False
ST007,749,6,990135.88,11.94,11.94,51.0,False,False
ST007,750,6,1072945.86,16.22,16.22,62.9,False,False
ST007,751,6,1066013.44,14.99,14.99,58.7,False,False
ST007,752,6,1151156.97,23.56,23.56,51.9,False,False
ST007,753,6,1029649.45,12.15,12.15,59.7,False,False
ST007,754,6,1038393.01,15.04,15.04,53.4,False,False
ST007,755,6,1058403.74,16.36,16.36,66.9,False,False
ST007,756,6,1085751.79,15.42,15.42,66.3,False,False
ST007,757,6,1024560.47,14.0,14.0,65.0,False,False
ST007,758,6,1146320.69,24.15,24.15,69.1,False,False
ST007,759,6,1048064.76,14.77,14.77,69.2,False,False
ST007,760,6,981186.07,10.55,10.55,48.9,False,True
ST007,761,6,1153319.02,24.09,24.09,59.5,False,False
ST007,762,6,1146632.02,28.35,25.74,73.3,False,False
ST007,763,6,1111626.68,20.3,20.14,62.5,False,False
ST007,764,6,1054488.19,16.06,16.06,51.0,False,False
ST007,765,6,1091451.78,15.23,15.23,60.1,False,False
ST007,766,6,1157373.94,24.65,24.65,56.6,False,False
ST007,767,6,1139960.63,25.91,25.57,68.5,False,False
ST007,768,6,1134550.96,25.11,25.07,54.6,False,False
ST007,769,6,1108676.33,20.71,20.71,69.5,False,False
ST007,770,6,1055925.51,14.07,14.07,50.7,False,False
ST007,771,6,1067104.68,21.04,17.8,63.3,False,False
ST007,772,6,1068963.89,13.03,13.03,50.8,False,False
ST007,773,6,989429.39,10.85,10.85,47.5,False,True
ST007,774,6,1145469.02,27.06,26.54,71.3,False,False
ST007,775,6,1128583.4,23.28,23.28,65.5,False,False
ST007,776,6,1148336.85,21.86,21.86,64.9,False,False
ST007,777,6,1063998.1,15.38,15.38,52.1,False,False
ST007,778,6,1092557.52,18.3,18.3,62.9,False,False
ST007,779,6,1124275.63,21.06,21.06,68.1,False,False
ST007,780,6,1098349.18,21.7,21.24,58.8,False,False
ST007,781,6,1162617.94,27.13,27.13,61.6,False,False
ST007,782,6,1033893.73,13.91,13.91,49.3,False,True
ST007,783,6,929043.69,8.79,8.79,43.5,False,True
ST007,784,6,1027777.72,14.11,14.11,56.9,False,False
ST007,785,6,1136935.39,27.75,25.58,74.2,False,False
ST007,786,6,1043521.73,14.34,14.34,54.1,False,False
ST007,787,6,1095429.13,18.02,18.02,60.4,False,False
ST007,788,6,1082653.64,16.98,16.98,60.4,False,False
ST007,789,6,1006304.98,13.37,13.37,60.5,False,False
ST007,790,6,1060817.54,17.82,17.26,54.1,False,False
ST007,791,6,1134087.8,24.02,23.45,57.3,False,False
ST007,792,6,1072454.58,16.22,16.22,56.0,False,False
ST007,793,6,1136757.86,23.02,21.6,67.4,False,False
ST007,794,6,1073064.04,15.24,15.24,61.7,False,False
ST007,795,6,1081018.72,18.26,16.93,66.8,False,False
ST007,796,6,1136903.48,20.05,20.05,66.4,False,False
ST007,797,6,1070215.46,18.41,18.41,56.2,False,False
ST007,798,6,1160612.65,23.68,23.68,64.5,False,False
ST007,799,6,991480.36,11.43,11.43,48.4,False,True
ST007,800,6,1109297.17,21.75,21.75,54.7,False,False
ST007,801,6,1015695.0,11.99,11.99,42.9,False,True
ST007,802,6,1083357.0,18.96,18.96,57.9,False,False
ST007,803,6,1080918.86,20.05,18.34,70.5,False,False
ST007,804,6,977017.43,11.36,11.36,48.8,False,True
ST007,805,6,1107857.75,21.51,21.51,61.5,False,False
ST007,806,6,1031929.64,13.03,13.03,57.6,False,False
ST007,807,6,1074109.4,14.98,14.98,71.7,False,False
ST007,808,6,1149638.41,26.28,25.99,64.8,False,False
ST007,809,6,1120438.06,23.01,21.43,63.4,False,False
ST007,810,6,1064253.36,14.81,14.81,55.6,False,False
ST007,811,6,1058452.94,16.57,16.57,60.0,False,False
ST007,812,6,1043157.55,15.11,15.11,48.7,False,True
ST007,813,6,1040344.77,15.37,15.37,51.6,False,False
ST007,814,6,1106906.54,20.24,20.24,60.2,False,False
ST007,815,6,1099250.19,20.95,20.95,61.7,False,False
ST007,816,6,1089643.99,17.82,17.82,66.7,False,False
ST007,817,6,1083988.48,17.53,17.53,66.0,False,False
ST007,818,6,1119611.57,19.09,19.09,61.6,False,False
ST007,819,6,1116904.36,21.13,21.13,61.9,False,False
ST007,820,6,1140988.75,22.37,22.37,65.2,False,False
ST007,821,6,1034247.89,13.6,13.6,58.8,False,False
ST007,822,6,1102881.81,19.47,19.47,69.1,False,False
ST007,823,6,1046924.3,17.05,17.05,62.0,False,False
ST007,824,6,1129653.05,24.97,24.4,63.3,False,False
ST007,825,6,1080641.19,21.91,19.29,65.8,False,False
ST007,826,6,1116998.74,23.11,21.54,61.9,False,False
ST007,827,6,1106928.11,20.54,20.54,63.4,False,False
ST007,828,6,1142372.77,23.54,23.54,61.4,False,False
ST007,829,6,1058963.58,14.94,14.94,56.9,False,False
ST007,830,6,1130826.66,18.26,18.26,62.2,False,False
ST007,831,6,1028415.96,13.79,13.79,56.5,False,False
ST007,832,6,1100720.68,20.94,20.94,63.5,False,False
ST007,833,6,1183320.67,30.88,29.97,62.9,False,False
ST007,834,6,1072448.86,18.01,18.01,57.9,False,False
ST007,835,6,1094240.74,15.76,15.76,64.0,False,False
ST007,836,6,1079948.92,17.0,17.0,67.5,False,False
ST007,837,6,1085483.62,16.48,16.48,58.0,False,False
ST007,838,6,1053984.01,15.47,15.47,53.0,False,False
ST007,839,6,1107703.99,20.13,20.13,64.8,False,False
ST007,840,6,1136396.9,22.42,22.42,65.2,False,False
ST007,841,6,1094394.37,20.4,20.4,64.3,False,False
ST007,842,6,1153669.97,24.22,24.22,74.2,False,False
ST007,843,6,1127719.25,25.37,23.55,71.7,False,False
ST007,844,6,1062786.53,14.49,14.49,60.0,False,False
ST007,845,6,1055516.86,15.32,15.32,65.0,False,False
ST007,846,6,1098876.49,18.53,18.53,58.2,False,False
ST007,847,6,1024967.09,14.33,13.4,65.1,False,False
ST007,848,6,1027857.98,15.27,15.27,54.7,False,False
ST007,849,6,1037194.52,15.08,15.08,60.5,False,False
ST007,850,6,1083128.81,20.11,19.25,66.6,False,False
ST007,851,6,1172470.52,29.47,27.15,61.4,False,False
ST007,852,6,1057105.17,12.79,12.79,57.3,False,False
ST007,853,6,1149575.96,21.81,21.81,57.1,False,False
ST007,854,6,1155710.25,25.45,25.45,62.7,False,False
ST007,855,6,1089830.83,16.47,16.47,63.0,False,False
ST007,856,6,1187828.78,40.46,29.01,63.5,False,False
ST007,857,6,1136937.71,26.17,24.53,62.3,False,False
ST007,858,6,1119356.12,25.01,23.2,58.6,False,False
ST007,859,6,1121538.79,23.16,21.26,63.0,False,False
ST007,860,6,1104731.19,20.56,19.15,56.4,False,False
ST007,861,6,1092866.09,18.93,18.93,67.7,False,False
ST007,862,6,1051866.65,16.05,16.05,59.9,False,False
ST007,863,6,1018300.12,11.92,11.92,52.1,False,False
ST007,864,6,1129211.53,21.71,21.71,69.3,False,False
ST007,865,6,1166448.73,29.23,28.0,66.1,False,False
ST007,866,6,973468.16,11.11,11.11,44.4,False,True
ST007,867,6,1056972.48,13.04,13.04,51.0,False,False
ST007,868,6,1048092.77,13.78,13.78,67.0,False,False
ST007,869,6,1044812.21,15.55,15.55,62.8,False,False
ST007,870,6,1095227.19,18.97,18.97,64.3,False,False
ST007,871,6,1197146.05,37.01,29.97,74.6,False,False
ST007,872,6,1151837.61,25.8,25.8,75.3,False,False
ST007,873,6,1134190.25,25.01,22.75,65.6,False,False
ST007,874,6,1094175.91,18.44,18.44,57.9,False,False
ST007,875,6,1142058.71,25.46,23.1,60.4,False,False
ST007,876,6,1052330.45,14.32,14.32,69.1,False,False
ST007,877,6,1173941.58,33.99,27.04,72.0,False,False
ST007,878,6,1133474.95,23.84,22.96,59.4,False,False
ST007,879,6,1117409.06,21.8,21.8,67.0,False,False
ST007,880,6,1017066.97,14.86,14.25,62.0,False,False
ST007,881,6,1100102.32,22.68,20.38,64.2,False,False
ST007,882,6,1057492.12,15.43,15.43,54.4,False,False
ST007,883,6,1144006.95,27.99,25.43,54.8,False,False
ST007,884,6,1167581.17,26.48,26.48,68.5,False,False
ST007,885,6,1081313.5,15.42,15.42,63.1,False,False
ST007,886,6,1041472.56,14.8,14.8,63.1,False,False
ST007,887,6,1096913.75,19.04,19.04,60.5,False,False
ST007,888,6,1085459.46,17.78,17.78,58.3,False,False
ST007,889,6,1065474.53,15.58,15.58,62.3,False,False
ST007,890,6,1078881.28,15.8,15.8,59.6,False,False
ST007,891,6,1087116.8,18.43,18.43,56.3,False,False
ST007,892,6,1096160.04,19.61,19.61,66.8,False,False
ST007,893,6,1044041.78,13.27,13.27,61.5,False,False
ST007,894,6,1042989.63,14.04,14.04,48.4,False,True
ST007,895,6,1055903.99,14.46,14.46,50.0,False,False
ST007,896,6,1024037.19,14.38,14.38,54.0,False,False
ST007,897,6,1046162.75,13.46,13.46,57.6,False,False
ST007,898,6,1130215.69,18.36,18.36,66.0,False,False
ST007,899,6,1114378.39,19.62,19.62,62.5,False,False
ST007,900,6,1057431.48,14.93,14.93,62.4,False,False
ST007,901,6,1100537.59,20.87,19.09,80.2,False,False
ST007,902,6,1158962.5,25.22,25.22,66.5,False,False
ST007,903,6,1148081.36,25.72,25.72,65.2,False,False
ST007,904,6,1087773.29,18.17,18.17,64.6,False,False
ST007,905,6,1089282.9,20.17,19.26,58.2,False,False
ST007,906,6,1124489.96,24.01,21.96,76.2,False,False
ST007,907,6,1113196.22,20.91,20.91,58.7,False,False
ST007,908,6,1042771.45,13.12,13.12,64.0,False,False
ST007,909,6,1094922.76,19.84,19.84,64.7,False,False
ST007,910,6,1142581.48,20.04,20.04,66.7,False,False
ST007,911,6,1065844.24,17.91,17.22,57.6,False,False
ST007,912,6,1023135.91,14.44,14.44,55.2,False,False
ST007,913,6,1148521.46,24.83,24.83,59.3,False,False
ST007,914,6,1151864.73,27.31,27.09,64.9,False,False
ST007,915,6,1097710.12,19.88,18.03,63.9,False,False
ST007,916,6,1067292.18,19.13,19.07,64.1,False,False
ST007,917,6,991914.85,10.63,10.63,51.1,False,False
ST007,918,6,1169593.43,26.52,26.52,57.1,False,False
ST007,919,6,1137682.39,24.7,24.51,61.7,False,False
ST007,920,6,1069883.06,16.27,16.27,65.4,False,False
ST007,921,6,1174030.49,32.86,28.84,56.7,False,False
ST007,922,6,1157448.02,24.47,24.47,66.6,False,False
ST007,923,6,1082934.43,16.33,16.33,61.7,False,False
ST007,924,6,1046218.72,16.01,16.01,62.9,False,False
ST007,925,6,1077227.09,18.07,17.37,58.9,False,False
ST007,926,6,1131660.3,20.58,20.58,57.4,False,False
ST007,927,6,1038762.77,15.68,15.68,61.1,False,False
ST007,928,6,1026450.49,13.71,13.71,55.7,False,False
ST007,929,6,1065265.66,17.73,17.07,66.6,False,False
ST007,930,6,1105687.88,16.64,16.64,59.7,False,False
ST007,931,6,1099300.35,16.17,16.17,52.7,False,False
ST007,932,6,1157838.04,25.8,25.8,69.5,False,False
ST007,933,6,1107893.63,22.05,20.1,58.9,False,False
ST007,934,6,1012483.04,12.17,12.17,55.5,False,False
ST007,935,6,1086271.56,16.33,16.33,56.8,False,False
ST007,936,6,1109624.74,19.19,19.19,69.2,False,False
ST007,937,6,1141634.21,20.65,20.65,62.6,False,False
ST007,938,6,1103136.09,20.52,20.52,60.7,False,False
ST007,939,6,1114327.61,22.0,20.4,61.0,False,False
ST007,940,6,1094788.84,20.62,20.62,56.8,False,False
ST007,941,6,1114401.13,20.23,20.23,61.2,False,False
ST007,942,6,1178877.6,30.95,29.85,72.5,False,False
ST007,943,6,1087067.04,19.1,18.75,58.2,False,False
ST007,944,6,1073262.28,15.31,15.31,54.8,False,False
ST007,945,6,1157329.32,28.0,24.75,71.4,False,False
ST007,946,6,1111668.02,23.22,23.17,51.1,False,False
ST007,947,6,1143334.02,23.94,21.82,70.9,False,False
ST007,948,6,1203173.26,45.14,29.97,70.8,False,False
ST007,949,6,1055669.01,13.6,13.6,60.3,False,False
ST007,950,6,1123301.2,19.15,19.15,58.7,False,False
ST007,951,6,1080293.32,18.11,18.11,69.2,False,False
ST007,952,6,1077917.45,18.79,17.55,57.1,False,False
ST007,953,6,1045747.63,13.45,13.45,60.8,False,False
ST007,954,6,1085042.35,18.87,18.14,64.7,False,False
ST007,955,6,1083865.07,17.71,16.38,62.9,False,False
ST007,956,6,1111271.91,21.19,21.19,54.9,False,False
ST007,957,6,1100084.44,16.64,16.64,75.4,False,False
ST007,958,6,1082057.69,17.23,17.23,60.9,False,False
ST007,959,6,1156493.84,27.29,27.29,63.4,False,False
ST007,960,6,1151735.67,24.61,24.61,68.1,False,False
ST007,961,6,1130508.71,20.13,20.13,65.4,False,False
ST007,962,6,1052628.93,16.38,15.21,63.2,False,False
ST007,963,6,1011124.58,11.12,11.12,48.2,False,True
ST007,964,6,1088497.18,17.92,17.92,65.1,False,False
ST007,965,6,1077540.07,17.62,17.62,61.9,False,False
ST007,966,6,1108920.55,19.93,19.93,67.5,False,False
ST007,967,6,1108020.72,18.14,18.14,58.6,False,False
ST007,968,6,1088361.85,23.51,20.0,70.7,False,False
ST007,969,6,1082172.52,16.04,16.04,68.4,False,False
ST007,970,6,1015702.84,16.52,14.3,68.5,False,False
ST007,971,6,1107944.28,21.68,21.64,52.9,False,False
ST007,972,6,1111092.25,18.18,18.18,64.8,False,False
ST007,973,6,1172931.16,27.6,27.6,69.0,False,False
ST007,974,6,1066788.26,16.05,15.67,57.5,False,False
ST007,975,6,1101545.7,16.66,16.66,53.4,False,False
ST007,976,6,1141622.14,27.39,26.56,62.3,False,False
ST007,977,6,1131121.32,19.82,19.82,65.8,False,False
ST007,978,6,993673.23,14.03,13.14,61.0,False,False
ST007,979,6,1090477.53,19.51,18.06,57.6,False,False
ST007,980,6,1118712.34,19.26,19.26,58.2,False,False
ST007,981,6,1082183.82,16.57,16.57,66.3,False,False
ST007,982,6,1085295.45,16.44,16.44,62.1,False,False
ST007,983,6,1067348.5,17.14,15.87,64.2,False,False
ST007,984,6,1117996.8,26.44,22.47,73.8,False,False
ST007,985,6,1061401.63,16.34,16.34,58.4,False,False
ST007,986,6,1115352.88,23.44,21.41,63.8,False,False
ST007,987,6,1101932.98,21.75,21.75,70.1,False,False
ST007,988,6,1026646.63,13.24,13.24,58.7,False,False
ST007,989,6,1062149.81,17.41,17.41,62.8,False,False
ST007,990,6,1146339.61,22.92,22.92,61.0,False,False
ST007,991,6,1109279.11,20.32,20.32,61.1,False,False
ST007,992,6,1073856.32,15.3,15.3,56.6,False,False
ST007,993,6,1134731.51,21.05,21.05,61.7,False,False
ST007,994,6,1034402.7,13.65,13.65,62.2,False,False
ST007,995,6,1009771.78,11.68,11.68,62.8,False,False
ST007,996,6,1066784.79,18.08,17.73,68.5,False,False
ST007,997,6,1017902.87,11.82,11.82,59.8,False,False
ST007,998,6,1217172.35,39.98,29.97,66.4,False,False
ST007,999,6,961100.82,9.25,9.25,41.5,False,True
ST007,1000,6,1152384.86,22.8,22.8,68.1,False,False
ST008,1,6,0.0,0.0,0.0,40.1,True,True
ST008,2,6,0.0,0.0,0.0,38.5,True,True
ST008,3,6,0.0,0.0,0.0,39.9,True,True
ST008,4,6,0.0,0.0,0.0,36.8,True,True
ST008,5,6,0.0,0.0,0.0,39.0,True,True
ST008,6,6,0.0,0.0,0.0,44.8,True,True
ST008,7,6,0.0,0.0,0.0,48.8,True,True
ST008,8,6,0.0,0.0,0.0,39.9,True,True
ST008,9,6,0.0,0.0,0.0,39.8,True,True
ST008,10,6,0.0,0.0,0.0,36.8,True,True
ST008,11,6,0.0,0.0,0.0,35.3,True,True
ST008,12,6,0.0,0.0,0.0,41.7,True,True
ST008,13,6,0.0,0.0,0.0,37.3,True,True
ST008,14,6,0.0,0.0,0.0,46.0,True,True
ST008,15,6,0.0,0.0,0.0,44.4,True,True
ST008,16,6,0.0,0.0,0.0,39.4,True,True
ST008,17,6,0.0,0.0,0.0,46.6,True,True
ST008,18,6,0.0,0.0,0.0,44.8,True,True
ST008,19,6,0.0,0.0,0.0,44.7,True,True
ST008,20,6,0.0,0.0,0.0,43.5,True,True
ST008,21,6,0.0,0.0,0.0,40.5,True,True
ST008,22,6,0.0,0.0,0.0,38.6,True,True
ST008,23,6,0.0,0.0,0.0,49.8,True,True
ST008,24,6,0.0,0.0,0.0,45.4,True,True
ST008,25,6,0.0,0.0,0.0,47.5,True,True
ST008,26,6,0.0,0.0,0.0,42.7,True,True
ST008,27,6,0.0,0.0,0.0,40.1,True,True
ST008,28,6,0.0,0.0,0.0,40.0,True,True
ST008,29,6,0.0,0.0,0.0,43.6,True,True
ST008,30,6,0.0,0.0,0.0,39.7,True,True
ST008,31,6,0.0,0.0,0.0,44.5,True,True
ST008,32,6,0.0,0.0,0.0,42.2,True,True
ST008,33,6,0.0,0.0,0.0,43.0,True,True
ST008,34,6,0.0,0.0,0.0,42.7,True,True
ST008,35,6,0.0,0.0,0.0,37.9,True,True
ST008,36,6,0.0,0.0,0.0,43.2,True,True
ST008,37,6,0.0,0.0,0.0,44.1,True,True
ST008,38,6,0.0,0.0,0.0,46.0,True,True
ST008,39,6,0.0,0.0,0.0,42.2,True,True
ST008,40,6,0.0,0.0,0.0,39.0,True,True
ST008,41,6,0.0,0.0,0.0,43.9,True,True
ST008,42,6,0.0,0.0,0.0,47.8,True,True
ST008,43,6,0.0,0.0,0.0,41.4,True,True
ST008,44,6,0.0,0.0,0.0,50.8,True,False
ST008,45,6,0.0,0.0,0.0,47.2,True,True
ST008,46,6,0.0,0.0,0.0,35.5,True,True
ST008,47,6,0.0,0.0,0.0,41.4,True,True
ST008,48,6,0.0,0.0,0.0,43.2,True,True
ST008,49,6,0.0,0.0,0.0,39.4,True,True
ST008,50,6,0.0,0.0,0.0,41.7,True,True
ST008,51,6,0.0,0.0,0.0,41.8,True,True
ST008,52,6,0.0,0.0,0.0,47.4,True,True
ST008,53,6,0.0,0.0,0.0,35.7,True,True
ST008,54,6,0.0,0.0,0.0,33.8,True,True
ST008,55,6,0.0,0.0,0.0,41.2,True,True
ST008,56,6,0.0,0.0,0.0,50.2,True,False
ST008,57,6,0.0,0.0,0.0,47.7,True,True
ST008,58,6,0.0,0.0,0.0,47.8,True,True
ST008,59,6,0.0,0.0,0.0,42.5,True,True
ST008,60,6,0.0,0.0,0.0,46.2,True,True
ST008,61,6,0.0,0.0,0.0,39.1,True,True
ST008,62,6,0.0,0.0,0.0,41.8,True,True
ST008,63,6,0.0,0.0,0.0,38.3,True,True
ST008,64,6,0.0,0.0,0.0,39.9,True,True
ST008,65,6,0.0,0.0,0.0,43.0,True,True
ST008,66,6,0.0,0.0,0.0,40.9,True,True
ST008,67,6,0.0,0.0,0.0,40.8,True,True
ST008,68,6,0.0,0.0,0.0,43.8,True,True
ST008,69,6,0.0,0.0,0.0,34.9,True,True
ST008,70,6,0.0,0.0,0.0,40.7,True,True
ST008,71,6,0.0,0.0,0.0,42.3,True,True
ST008,72,6,0.0,0.0,0.0,48.2,True,True
ST008,73,6,0.0,0.0,0.0,47.1,True,True
ST008,74,6,0.0,0.0,0.0,41.7,True,True
ST008,75,6,0.0,0.0,0.0,39.1,True,True
ST008,76,6,0.0,0.0,0.0,43.5,True,True
ST008,77,6,0.0,0.0,0.0,43.7,True,True
ST008,78,6,0.0,0.0,0.0,46.4,True,True
ST008,79,6,0.0,0.0,0.0,41.3,True,True
ST008,80,6,0.0,0.0,0.0,45.9,True,True
ST008,81,6,0.0,0.0,0.0,42.4,True,True
ST008,82,6,0.0,0.0,0.0,37.5,True,True
ST008,83,6,0.0,0.0,0.0,36.5,True,True
ST008,84,6,0.0,0.0,0.0,42.3,True,True
ST008,85,6,0.0,0.0,0.0,38.1,True,True
ST008,86,6,0.0,0.0,0.0,37.4,True,True
ST008,87,6,0.0,0.0,0.0,45.4,True,True
ST008,88,6,0.0,0.0,0.0,38.1,True,True
ST008,89,6,0.0,0.0,0.0,45.6,True,True
ST008,90,6,0.0,0.0,0.0,39.3,True,True
ST008,91,6,0.0,0.0,0.0,49.0,True,True
ST008,92,6,0.0,0.0,0.0,44.5,True,True
ST008,93,6,0.0,0.0,0.0,39.3,True,True
ST008,94,6,0.0,0.0,0.0,40.8,True,True
ST008,95,6,0.0,0.0,0.0,45.8,True,True
ST008,96,6,0.0,0.0,0.0,42.3,True,True
ST008,97,6,0.0,0.0,0.0,44.6,True,True
ST008,98,6,0.0,0.0,0.0,45.5,True,True
ST008,99,6,0.0,0.0,0.0,48.2,True,True
ST008,100,6,0.0,0.0,0.0,39.1,True,True
ST008,101,6,0.0,0.0,0.0,43.8,True,True
ST008,102,6,0.0,0.0,0.0,45.5,True,True
ST008,103,6,0.0,0.0,0.0,53.3,True,False
ST008,104,6,0.0,0.0,0.0,46.9,True,True
ST008,105,6,0.0,0.0,0.0,46.8,True,True
ST008,106,6,0.0,0.0,0.0,41.2,True,True
ST008,107,6,0.0,0.0,0.0,48.5,True,True
ST008,108,6,0.0,0.0,0.0,34.6,True,True
ST008,109,6,0.0,0.0,0.0,38.4,True,True
ST008,110,6,0.0,0.0,0.0,39.8,True,True
ST008,111,6,0.0,0.0,0.0,49.5,True,True
ST008,112,6,0.0,0.0,0.0,46.7,True,True
ST008,113,6,0.0,0.0,0.0,48.0,True,True
ST008,114,6,0.0,0.0,0.0,36.8,True,True
ST008,115,6,0.0,0.0,0.0,33.7,True,True
ST008,116,6,0.0,0.0,0.0,48.0,True,True
ST008,117,6,0.0,0.0,0.0,39.7,True,True
ST008,118,6,0.0,0.0,0.0,50.4,True,False
ST008,119,6,0.0,0.0,0.0,43.9,True,True
ST008,120,6,0.0,0.0,0.0,43.8,True,True
ST008,121,6,0.0,0.0,0.0,47.5,True,True
ST008,122,6,0.0,0.0,0.0,46.5,True,True
ST008,123,6,0.0,0.0,0.0,39.5,True,True
ST008,124,6,0.0,0.0,0.0,41.9,True,True
ST008,125,6,0.0,0.0,0.0,53.6,True,False
ST008,126,6,0.0,0.0,0.0,37.8,True,True
ST008,127,6,0.0,0.0,0.0,39.6,True,True
ST008,128,6,0.0,0.0,0.0,31.3,True,True
ST008,129,6,0.0,0.0,0.0,52.6,True,False
ST008,130,6,0.0,0.0,0.0,45.8,True,True
ST008,131,6,0.0,0.0,0.0,44.6,True,True
ST008,132,6,0.0,0.0,0.0,38.6,True,True
ST008,133,6,0.0,0.0,0.0,38.9,True,True
ST008,134,6,0.0,0.0,0.0,42.2,True,True
ST008,135,6,0.0,0.0,0.0,43.7,True,True
ST008,136,6,0.0,0.0,0.0,43.8,True,True
ST008,137,6,0.0,0.0,0.0,38.7,True,True
ST008,138,6,0.0,0.0,0.0,42.3,True,True
ST008,139,6,0.0,0.0,0.0,35.6,True,True
ST008,140,6,0.0,0.0,0.0,42.8,True,True
ST008,141,6,0.0,0.0,0.0,50.0,True,False
ST008,142,6,0.0,0.0,0.0,44.6,True,True
ST008,143,6,0.0,0.0,0.0,40.6,True,True
ST008,144,6,0.0,0.0,0.0,50.7,True,False
ST008,145,6,0.0,0.0,0.0,47.2,True,True
ST008,146,6,0.0,0.0,0.0,47.4,True,True
ST008,147,6,0.0,0.0,0.0,39.7,True,True
ST008,148,6,0.0,0.0,0.0,44.6,True,True
ST008,149,6,0.0,0.0,0.0,38.0,True,True
ST008,150,6,0.0,0.0,0.0,43.5,True,True
ST008,151,6,0.0,0.0,0.0,45.8,True,True
ST008,152,6,0.0,0.0,0.0,43.5,True,True
ST008,153,6,0.0,0.0,0.0,50.1,True,False
ST008,154,6,0.0,0.0,0.0,36.8,True,True
ST008,155,6,0.0,0.0,0.0,42.2,True,True
ST008,156,6,0.0,0.0,0.0,44.5,True,True
ST008,157,6,0.0,0.0,0.0,42.0,True,True
ST008,158,6,0.0,0.0,0.0,41.8,True,True
ST008,159,6,0.0,0.0,0.0,44.7,True,True
ST008,160,6,0.0,0.0,0.0,40.1,True,True
ST008,161,6,0.0,0.0,0.0,44.1,True,True
ST008,162,6,0.0,0.0,0.0,37.7,True,True
ST008,163,6,0.0,0.0,0.0,48.8,True,True
ST008,164,6,0.0,0.0,0.0,46.0,True,True
ST008,165,6,0.0,0.0,0.0,42.2,True,True
ST008,166,6,0.0,0.0,0.0,45.5,True,True
ST008,167,6,0.0,0.0,0.0,44.3,True,True
ST008,168,6,0.0,0.0,0.0,41.2,True,True
ST008,169,6,0.0,0.0,0.0,43.1,True,True
ST008,170,6,0.0,0.0,0.0,46.1,True,True
ST008,171,6,0.0,0.0,0.0,36.6,True,True
ST008,172,6,0.0,0.0,0.0,44.3,True,True
ST008,173,6,0.0,0.0,0.0,49.5,True,True
ST008,174,6,0.0,0.0,0.0,41.6,True,True
ST008,175,6,0.0,0.0,0.0,41.0,True,True
ST008,176,6,0.0,0.0,0.0,40.2,True,True
ST008,177,6,0.0,0.0,0.0,38.9,True,True
ST008,178,6,0.0,0.0,0.0,41.4,True,True
ST008,179,6,0.0,0.0,0.0,45.9,True,True
ST008,180,6,0.0,0.0,0.0,48.6,True,True
ST008,181,6,0.0,0.0,0.0,42.8,True,True
ST008,182,6,0.0,0.0,0.0,44.1,True,True
ST008,183,6,0.0,0.0,0.0,42.8,True,True
ST008,184,6,0.0,0.0,0.0,41.8,True,True
ST008,185,6,0.0,0.0,0.0,43.4,True,True
ST008,186,6,0.0,0.0,0.0,40.4,True,True
ST008,187,6,0.0,0.0,0.0,44.7,True,True
ST008,188,6,0.0,0.0,0.0,45.6,True,True
ST008,189,6,0.0,0.0,0.0,37.8,True,True
ST008,190,6,0.0,0.0,0.0,45.9,True,True
ST008,191,6,0.0,0.0,0.0,40.6,True,True
ST008,192,6,0.0,0.0,0.0,47.2,True,True
ST008,193,6,0.0,0.0,0.0,41.0,True,True
ST008,194,6,0.0,0.0,0.0,48.0,True,True
ST008,195,6,0.0,0.0,0.0,42.5,True,True
ST008,196,6,0.0,0.0,0.0,36.7,True,True
ST008,197,6,0.0,0.0,0.0,37.0,True,True
ST008,198,6,0.0,0.0,0.0,50.9,True,False
ST008,199,6,0.0,0.0,0.0,47.4,True,True
ST008,200,6,0.0,0.0,0.0,54.4,True,False
ST008,201,6,0.0,0.0,0.0,47.0,True,True
ST008,202,6,0.0,0.0,0.0,40.8,True,True
ST008,203,6,0.0,0.0,0.0,41.8,True,True
ST008,204,6,0.0,0.0,0.0,49.0,True,True
ST008,205,6,0.0,0.0,0.0,42.2,True,True
ST008,206,6,0.0,0.0,0.0,47.4,True,True
ST008,207,6,0.0,0.0,0.0,42.4,True,True
ST008,208,6,0.0,0.0,0.0,41.8,True,True
ST008,209,6,0.0,0.0,0.0,33.6,True,True
ST008,210,6,0.0,0.0,0.0,43.5,True,True
ST008,211,6,0.0,0.0,0.0,40.6,True,True
ST008,212,6,0.0,0.0,0.0,51.5,True,False
ST008,213,6,0.0,0.0,0.0,40.2,True,True
ST008,214,6,0.0,0.0,0.0,39.0,True,True
ST008,215,6,0.0,0.0,0.0,50.6,True,False
ST008,216,6,0.0,0.0,0.0,39.9,True,True
ST008,217,6,0.0,0.0,0.0,41.9,True,True
ST008,218,6,0.0,0.0,0.0,45.6,True,True
ST008,219,6,0.0,0.0,0.0,37.0,True,True
ST008,220,6,0.0,0.0,0.0,43.8,True,True
ST008,221,6,0.0,0.0,0.0,38.6,True,True
ST008,222,6,0.0,0.0,0.0,38.9,True,True
ST008,223,6,0.0,0.0,0.0,30.6,True,True
ST008,224,6,0.0,0.0,0.0,45.7,True,True
ST008,225,6,0.0,0.0,0.0,44.2,True,True
ST008,226,6,0.0,0.0,0.0,45.6,True,True
ST008,227,6,0.0,0.0,0.0,39.6,True,True
ST008,228,6,0.0,0.0,0.0,37.2,True,True
ST008,229,6,0.0,0.0,0.0,42.9,True,True
ST008,230,6,0.0,0.0,0.0,39.9,True,True
ST008,231,6,0.0,0.0,0.0,45.2,True,True
ST008,232,6,0.0,0.0,0.0,36.4,True,True
ST008,233,6,0.0,0.0,0.0,48.6,True,True
ST008,234,6,0.0,0.0,0.0,41.8,True,True
ST008,235,6,0.0,0.0,0.0,47.4,True,True
ST008,236,6,0.0,0.0,0.0,45.0,True,True
ST008,237,6,0.0,0.0,0.0,45.2,True,True
ST008,238,6,0.0,0.0,0.0,46.8,True,True
ST008,239,6,0.0,0.0,0.0,46.4,True,True
ST008,240,6,0.0,0.0,0.0,40.5,True,True
ST008,241,6,0.0,0.0,0.0,45.3,True,True
ST008,242,6,0.0,0.0,0.0,40.3,True,True
ST008,243,6,0.0,0.0,0.0,44.6,True,True
ST008,244,6,0.0,0.0,0.0,39.6,True,True
ST008,245,6,0.0,0.0,0.0,41.3,True,True
ST008,246,6,0.0,0.0,0.0,45.6,True,True
ST008,247,6,0.0,0.0,0.0,46.5,True,True
ST008,248,6,0.0,0.0,0.0,46.4,True,True
ST008,249,6,0.0,0.0,0.0,37.1,True,True
ST008,250,6,0.0,0.0,0.0,45.6,True,True
ST008,251,6,0.0,0.0,0.0,41.3,True,True
ST008,252,6,0.0,0.0,0.0,46.3,True,True
ST008,253,6,0.0,0.0,0.0,35.5,True,True
ST008,254,6,0.0,0.0,0.0,46.8,True,True
ST008,255,6,0.0,0.0,0.0,38.9,True,True
ST008,256,6,0.0,0.0,0.0,43.9,True,True
ST008,257,6,0.0,0.0,0.0,40.2,True,True
ST008,258,6,0.0,0.0,0.0,50.7,True,False
ST008,259,6,0.0,0.0,0.0,46.1,True,True
ST008,260,6,0.0,0.0,0.0,44.5,True,True
ST008,261,6,0.0,0.0,0.0,45.8,True,True
ST008,262,6,0.0,0.0,0.0,46.6,True,True
ST008,263,6,0.0,0.0,0.0,45.1,True,True
ST008,264,6,0.0,0.0,0.0,45.9,True,True
ST008,265,6,0.0,0.0,0.0,41.9,True,True
ST008,266,6,0.0,0.0,0.0,40.6,True,True
ST008,267,6,0.0,0.0,0.0,37.2,True,True
ST008,268,6,0.0,0.0,0.0,47.0,True,True
ST008,269,6,0.0,0.0,0.0,50.9,True,False
ST008,270,6,0.0,0.0,0.0,45.8,True,True
ST008,271,6,0.0,0.0,0.0,45.2,True,True
ST008,272,6,0.0,0.0,0.0,43.2,True,True
ST008,273,6,0.0,0.0,0.0,40.8,True,True
ST008,274,6,0.0,0.0,0.0,49.5,True,True
ST008,275,6,0.0,0.0,0.0,36.2,True,True
ST008,276,6,0.0,0.0,0.0,39.4,True,True
ST008,277,6,0.0,0.0,0.0,42.4,True,True
ST008,278,6,0.0,0.0,0.0,40.0,True,True
ST008,279,6,0.0,0.0,0.0,44.8,True,True
ST008,280,6,0.0,0.0,0.0,44.0,True,True
ST008,281,6,0.0,0.0,0.0,42.2,True,True
ST008,282,6,0.0,0.0,0.0,48.2,True,True
ST008,283,6,0.0,0.0,0.0,45.4,True,True
ST008,284,6,0.0,0.0,0.0,41.1,True,True
ST008,285,6,0.0,0.0,0.0,35.9,True,True
ST008,286,6,0.0,0.0,0.0,39.2,True,True
ST008,287,6,0.0,0.0,0.0,38.1,True,True
ST008,288,6,0.0,0.0,0.0,44.5,True,True
ST008,289,6,0.0,0.0,0.0,44.3,True,True
ST008,290,6,0.0,0.0,0.0,42.3,True,True
ST008,291,6,0.0,0.0,0.0,43.7,True,True
ST008,292,6,0.0,0.0,0.0,47.1,True,True
ST008,293,6,0.0,0.0,0.0,41.5,True,True
ST008,294,6,0.0,0.0,0.0,53.8,True,False
ST008,295,6,0.0,0.0,0.0,37.0,True,True
ST008,296,6,0.0,0.0,0.0,45.9,True,True
ST008,297,6,0.0,0.0,0.0,40.9,True,True
ST008,298,6,0.0,0.0,0.0,41.4,True,True
ST008,299,6,0.0,0.0,0.0,35.5,True,True
ST008,300,6,0.0,0.0,0.0,40.2,True,True
ST008,301,6,0.0,0.0,0.0,51.7,True,False
ST008,302,6,0.0,0.0,0.0,47.4,True,True
ST008,303,6,0.0,0.0,0.0,46.7,True,True
ST008,304,6,0.0,0.0,0.0,44.3,True,True
ST008,305,6,0.0,0.0,0.0,44.1,True,True
ST008,306,6,0.0,0.0,0.0,39.9,True,True
ST008,307,6,0.0,0.0,0.0,39.8,True,True
ST008,308,6,0.0,0.0,0.0,41.2,True,True
ST008,309,6,0.0,0.0,0.0,40.5,True,True
ST008,310,6,0.0,0.0,0.0,39.3,True,True
ST008,311,6,0.0,0.0,0.0,41.7,True,True
ST008,312,6,0.0,0.0,0.0,38.2,True,True
ST008,313,6,0.0,0.0,0.0,45.0,True,True
ST008,314,6,0.0,0.0,0.0,52.0,True,False
ST008,315,6,0.0,0.0,0.0,41.2,True,True
ST008,316,6,0.0,0.0,0.0,36.0,True,True
ST008,317,6,0.0,0.0,0.0,38.4,True,True
ST008,318,6,0.0,0.0,0.0,44.4,True,True
ST008,319,6,0.0,0.0,0.0,46.8,True,True
ST008,320,6,0.0,0.0,0.0,45.7,True,True
ST008,321,6,0.0,0.0,0.0,43.3,True,True
ST008,322,6,0.0,0.0,0.0,41.9,True,True
ST008,323,6,0.0,0.0,0.0,41.8,True,True
ST008,324,6,0.0,0.0,0.0,41.3,True,True
ST008,325,6,0.0,0.0,0.0,37.9,True,True
ST008,326,6,0.0,0.0,0.0,47.4,True,True
ST008,327,6,0.0,0.0,0.0,47.2,True,True
ST008,328,6,0.0,0.0,0.0,49.8,True,True
ST008,329,6,0.0,0.0,0.0,38.9,True,True
ST008,330,6,0.0,0.0,0.0,42.4,True,True
ST008,331,6,0.0,0.0,0.0,38.1,True,True
ST008,332,6,0.0,0.0,0.0,41.1,True,True
ST008,333,6,0.0,0.0,0.0,34.7,True,True
ST008,334,6,0.0,0.0,0.0,41.2,True,True
ST008,335,6,0.0,0.0,0.0,40.7,True,True
ST008,336,6,0.0,0.0,0.0,40.2,True,True
ST008,337,6,0.0,0.0,0.0,43.4,True,True
ST008,338,6,0.0,0.0,0.0,43.6,True,True
ST008,339,6,0.0,0.0,0.0,43.7,True,True
ST008,340,6,0.0,0.0,0.0,40.8,True,True
ST008,341,6,0.0,0.0,0.0,42.9,True,True
ST008,342,6,0.0,0.0,0.0,43.2,True,True
ST008,343,6,0.0,0.0,0.0,46.6,True,True
ST008,344,6,0.0,0.0,0.0,42.5,True,True
ST008,345,6,0.0,0.0,0.0,40.0,True,True
ST008,346,6,0.0,0.0,0.0,43.4,True,True
ST008,347,6,0.0,0.0,0.0,46.9,True,True
ST008,348,6,0.0,0.0,0.0,38.8,True,True
ST008,349,6,0.0,0.0,0.0,39.3,True,True
ST008,350,6,0.0,0.0,0.0,48.4,True,True
ST008,351,6,0.0,0.0,0.0,43.0,True,True
ST008,352,6,0.0,0.0,0.0,42.1,True,True
ST008,353,6,0.0,0.0,0.0,47.2,True,True
ST008,354,6,0.0,0.0,0.0,47.4,True,True
ST008,355,6,0.0,0.0,0.0,46.8,True,True
ST008,356,6,0.0,0.0,0.0,42.7,True,True
ST008,357,6,0.0,0.0,0.0,33.9,True,True
ST008,358,6,0.0,0.0,0.0,41.5,True,True
ST008,359,6,0.0,0.0,0.0,44.4,True,True
ST008,360,6,0.0,0.0,0.0,43.1,True,True
ST008,361,6,0.0,0.0,0.0,45.3,True,True
ST008,362,6,0.0,0.0,0.0,43.9,True,True
ST008,363,6,0.0,0.0,0.0,43.3,True,True
ST008,364,6,0.0,0.0,0.0,44.5,True,True
ST008,365,6,0.0,0.0,0.0,50.5,True,False
ST008,366,6,0.0,0.0,0.0,46.6,True,True
ST008,367,6,0.0,0.0,0.0,44.8,True,True
ST008,368,6,0.0,0.0,0.0,44.2,True,True
ST008,369,6,0.0,0.0,0.0,40.0,True,True
ST008,370,6,0.0,0.0,0.0,42.1,True,True
ST008,371,6,0.0,0.0,0.0,36.1,True,True
ST008,372,6,0.0,0.0,0.0,43.5,True,True
ST008,373,6,0.0,0.0,0.0,34.8,True,True
ST008,374,6,0.0,0.0,0.0,41.2,True,True
ST008,375,6,0.0,0.0,0.0,37.5,True,True
ST008,376,6,0.0,0.0,0.0,38.4,True,True
ST008,377,6,0.0,0.0,0.0,40.0,True,True
ST008,378,6,0.0,0.0,0.0,42.6,True,True
ST008,379,6,0.0,0.0,0.0,40.8,True,True
ST008,380,6,0.0,0.0,0.0,46.5,True,True
ST008,381,6,0.0,0.0,0.0,41.5,True,True
ST008,382,6,0.0,0.0,0.0,41.1,True,True
ST008,383,6,0.0,0.0,0.0,47.4,True,True
ST008,384,6,0.0,0.0,0.0,44.1,True,True
ST008,385,6,0.0,0.0,0.0,48.5,True,True
ST008,386,6,0.0,0.0,0.0,43.6,True,True
ST008,387,6,0.0,0.0,0.0,41.0,True,True
ST008,388,6,0.0,0.0,0.0,36.4,True,True
ST008,389,6,0.0,0.0,0.0,44.6,True,True
ST008,390,6,0.0,0.0,0.0,43.0,True,True
ST008,391,6,0.0,0.0,0.0,43.1,True,True
ST008,392,6,0.0,0.0,0.0,42.2,True,True
ST008,393,6,0.0,0.0,0.0,38.7,True,True
ST008,394,6,0.0,0.0,0.0,43.0,True,True
ST008,395,6,0.0,0.0,0.0,52.8,True,False
ST008,396,6,0.0,0.0,0.0,42.9,True,True
ST008,397,6,0.0,0.0,0.0,46.1,True,True
ST008,398,6,0.0,0.0,0.0,41.2,True,True
ST008,399,6,0.0,0.0,0.0,48.7,True,True
ST008,400,6,0.0,0.0,0.0,43.9,True,True
ST008,401,6,0.0,0.0,0.0,39.5,True,True
ST008,402,6,0.0,0.0,0.0,44.3,True,True
ST008,403,6,0.0,0.0,0.0,44.7,True,True
ST008,404,6,0.0,0.0,0.0,41.7,True,True
ST008,405,6,0.0,0.0,0.0,39.9,True,True
ST008,406,6,0.0,0.0,0.0,42.6,True,True
ST008,407,6,0.0,0.0,0.0,41.9,True,True
ST008,408,6,0.0,0.0,0.0,53.4,True,False
ST008,409,6,0.0,0.0,0.0,44.7,True,True
ST008,410,6,0.0,0.0,0.0,44.6,True,True
ST008,411,6,0.0,0.0,0.0,49.2,True,True
ST008,412,6,0.0,0.0,0.0,44.0,True,True
ST008,413,6,0.0,0.0,0.0,38.5,True,True
ST008,414,6,0.0,0.0,0.0,38.3,True,True
ST008,415,6,0.0,0.0,0.0,39.2,True,True
ST008,416,6,0.0,0.0,0.0,34.5,True,True
ST008,417,6,0.0,0.0,0.0,41.7,True,True
ST008,418,6,0.0,0.0,0.0,47.6,True,True
ST008,419,6,0.0,0.0,0.0,50.6,True,False
ST008,420,6,0.0,0.0,0.0,46.6,True,True
ST008,421,6,0.0,0.0,0.0,45.6,True,True
ST008,422,6,0.0,0.0,0.0,41.6,True,True
ST008,423,6,0.0,0.0,0.0,46.2,True,True
ST008,424,6,0.0,0.0,0.0,48.1,True,True
ST008,425,6,0.0,0.0,0.0,45.8,True,True
ST008,426,6,0.0,0.0,0.0,36.9,True,True
ST008,427,6,0.0,0.0,0.0,41.7,True,True
ST008,428,6,0.0,0.0,0.0,37.9,True,True
ST008,429,6,0.0,0.0,0.0,40.9,True,True
ST008,430,6,0.0,0.0,0.0,37.3,True,True
ST008,431,6,0.0,0.0,0.0,45.4,True,True
ST008,432,6,0.0,0.0,0.0,43.7,True,True
ST008,433,6,0.0,0.0,0.0,39.7,True,True
ST008,434,6,0.0,0.0,0.0,38.1,True,True
ST008,435,6,0.0,0.0,0.0,43.6,True,True
ST008,436,6,0.0,0.0,0.0,43.3,True,True
ST008,437,6,0.0,0.0,0.0,37.1,True,True
ST008,438,6,0.0,0.0,0.0,45.9,True,True
ST008,439,6,0.0,0.0,0.0,46.9,True,True
ST008,440,6,0.0,0.0,0.0,48.0,True,True
ST008,441,6,0.0,0.0,0.0,45.0,True,True
ST008,442,6,0.0,0.0,0.0,44.4,True,True
ST008,443,6,0.0,0.0,0.0,42.9,True,True
ST008,444,6,0.0,0.0,0.0,42.4,True,True
ST008,445,6,0.0,0.0,0.0,46.6,True,True
ST008,446,6,0.0,0.0,0.0,48.4,True,True
ST008,447,6,0.0,0.0,0.0,50.2,True,False
ST008,448,6,0.0,0.0,0.0,29.2,True,True
ST008,449,6,0.0,0.0,0.0,40.3,True,True
ST008,450,6,0.0,0.0,0.0,48.4,True,True
ST008,451,6,0.0,0.0,0.0,51.7,True,False
ST008,452,6,0.0,0.0,0.0,40.8,True,True
ST008,453,6,0.0,0.0,0.0,37.9,True,True
ST008,454,6,0.0,0.0,0.0,35.9,True,True
ST008,455,6,0.0,0.0,0.0,43.6,True,True
ST008,456,6,0.0,0.0,0.0,43.8,True,True
ST008,457,6,0.0,0.0,0.0,42.2,True,True
ST008,458,6,0.0,0.0,0.0,35.9,True,True
ST008,459,6,0.0,0.0,0.0,41.5,True,True
ST008,460,6,0.0,0.0,0.0,45.7,True,True
ST008,461,6,0.0,0.0,0.0,45.3,True,True
ST008,462,6,0.0,0.0,0.0,40.7,True,True
ST008,463,6,0.0,0.0,0.0,42.2,True,True
ST008,464,6,0.0,0.0,0.0,42.7,True,True
ST008,465,6,0.0,0.0,0.0,44.1,True,True
ST008,466,6,0.0,0.0,0.0,41.0,True,True
ST008,467,6,0.0,0.0,0.0,42.9,True,True
ST008,468,6,0.0,0.0,0.0,44.8,True,True
ST008,469,6,0.0,0.0,0.0,45.3,True,True
ST008,470,6,0.0,0.0,0.0,45.2,True,True
ST008,471,6,0.0,0.0,0.0,36.0,True,True
ST008,472,6,0.0,0.0,0.0,40.4,True,True
ST008,473,6,0.0,0.0,0.0,43.2,True,True
ST008,474,6,0.0,0.0,0.0,36.3,True,True
ST008,475,6,0.0,0.0,0.0,41.6,True,True
ST008,476,6,0.0,0.0,0.0,39.6,True,True
ST008,477,6,0.0,0.0,0.0,45.6,True,True
ST008,478,6,0.0,0.0,0.0,50.3,True,False
ST008,479,6,0.0,0.0,0.0,42.3,True,True
ST008,480,6,0.0,0.0,0.0,48.9,True,True
ST008,481,6,0.0,0.0,0.0,44.4,True,True
ST008,482,6,0.0,0.0,0.0,42.5,True,True
ST008,483,6,0.0,0.0,0.0,41.5,True,True
ST008,484,6,0.0,0.0,0.0,44.3,True,True
ST008,485,6,0.0,0.0,0.0,42.3,True,True
ST008,486,6,0.0,0.0,0.0,41.6,True,True
ST008,487,6,0.0,0.0,0.0,44.3,True,True
ST008,488,6,0.0,0.0,0.0,40.5,True,True
ST008,489,6,0.0,0.0,0.0,36.9,True,True
ST008,490,6,0.0,0.0,0.0,36.1,True,True
ST008,491,6,0.0,0.0,0.0,44.1,True,True
ST008,492,6,0.0,0.0,0.0,38.2,True,True
ST008,493,6,0.0,0.0,0.0,55.0,True,False
ST008,494,6,0.0,0.0,0.0,42.2,True,True
ST008,495,6,0.0,0.0,0.0,40.7,True,True
ST008,496,6,0.0,0.0,0.0,48.3,True,True
ST008,497,6,0.0,0.0,0.0,42.8,True,True
ST008,498,6,0.0,0.0,0.0,42.7,True,True
ST008,499,6,0.0,0.0,0.0,45.0,True,True
ST008,500,6,0.0,0.0,0.0,38.9,True,True
ST008,501,6,0.0,0.0,0.0,43.3,True,True
ST008,502,6,0.0,0.0,0.0,47.1,True,True
ST008,503,6,0.0,0.0,0.0,45.7,True,True
ST008,504,6,0.0,0.0,0.0,41.0,True,True
ST008,505,6,0.0,0.0,0.0,44.4,True,True
ST008,506,6,0.0,0.0,0.0,38.8,True,True
ST008,507,6,0.0,0.0,0.0,49.5,True,True
ST008,508,6,0.0,0.0,0.0,40.5,True,True
ST008,509,6,0.0,0.0,0.0,44.6,True,True
ST008,510,6,0.0,0.0,0.0,41.3,True,True
ST008,511,6,0.0,0.0,0.0,45.8,True,True
ST008,512,6,0.0,0.0,0.0,44.0,True,True
ST008,513,6,0.0,0.0,0.0,36.5,True,True
ST008,514,6,0.0,0.0,0.0,37.8,True,True
ST008,515,6,0.0,0.0,0.0,48.2,True,True
ST008,516,6,0.0,0.0,0.0,54.0,True,False
ST008,517,6,0.0,0.0,0.0,39.1,True,True
ST008,518,6,0.0,0.0,0.0,45.0,True,True
ST008,519,6,0.0,0.0,0.0,50.6,True,False
ST008,520,6,0.0,0.0,0.0,41.5,True,True
ST008,521,6,0.0,0.0,0.0,45.6,True,True
ST008,522,6,0.0,0.0,0.0,39.2,True,True
ST008,523,6,0.0,0.0,0.0,42.0,True,True
ST008,524,6,0.0,0.0,0.0,41.2,True,True
ST008,525,6,0.0,0.0,0.0,40.0,True,True
ST008,526,6,0.0,0.0,0.0,42.5,True,True
ST008,527,6,0.0,0.0,0.0,43.9,True,True
ST008,528,6,0.0,0.0,0.0,37.9,True,True
ST008,529,6,0.0,0.0,0.0,42.6,True,True
ST008,530,6,0.0,0.0,0.0,40.2,True,True
ST008,531,6,0.0,0.0,0.0,45.0,True,True
ST008,532,6,0.0,0.0,0.0,53.0,True,False
ST008,533,6,0.0,0.0,0.0,41.9,True,True
ST008,534,6,0.0,0.0,0.0,45.7,True,True
ST008,535,6,0.0,0.0,0.0,37.6,True,True
ST008,536,6,0.0,0.0,0.0,44.7,True,True
ST008,537,6,0.0,0.0,0.0,47.0,True,True
ST008,538,6,0.0,0.0,0.0,39.7,True,True
ST008,539,6,0.0,0.0,0.0,39.9,True,True
ST008,540,6,0.0,0.0,0.0,45.6,True,True
ST008,541,6,0.0,0.0,0.0,44.1,True,True
ST008,542,6,0.0,0.0,0.0,43.4,True,True
ST008,543,6,0.0,0.0,0.0,33.4,True,True
ST008,544,6,0.0,0.0,0.0,43.1,True,True
ST008,545,6,0.0,0.0,0.0,40.8,True,True
ST008,546,6,0.0,0.0,0.0,45.7,True,True
ST008,547,6,0.0,0.0,0.0,46.9,True,True
ST008,548,6,0.0,0.0,0.0,40.4,True,True
ST008,549,6,0.0,0.0,0.0,39.7,True,True
ST008,550,6,0.0,0.0,0.0,38.0,True,True
ST008,551,6,0.0,0.0,0.0,45.3,True,True
ST008,552,6,0.0,0.0,0.0,37.1,True,True
ST008,553,6,0.0,0.0,0.0,40.9,True,True
ST008,554,6,0.0,0.0,0.0,44.2,True,True
ST008,555,6,0.0,0.0,0.0,45.7,True,True
ST008,556,6,0.0,0.0,0.0,41.4,True,True
ST008,557,6,0.0,0.0,0.0,39.7,True,True
ST008,558,6,0.0,0.0,0.0,43.0,True,True
ST008,559,6,0.0,0.0,0.0,43.9,True,True
ST008,560,6,0.0,0.0,0.0,40.7,True,True
ST008,561,6,0.0,0.0,0.0,45.5,True,True
ST008,562,6,0.0,0.0,0.0,41.7,True,True
ST008,563,6,0.0,0.0,0.0,42.8,True,True
ST008,564,6,0.0,0.0,0.0,43.0,True,True
ST008,565,6,0.0,0.0,0.0,44.6,True,True
ST008,566,6,0.0,0.0,0.0,43.7,True,True
ST008,567,6,0.0,0.0,0.0,37.2,True,True
ST008,568,6,0.0,0.0,0.0,40.9,True,True
ST008,569,6,0.0,0.0,0.0,42.4,True,True
ST008,570,6,0.0,0.0,0.0,30.0,True,True
ST008,571,6,0.0,0.0,0.0,48.9,True,True
ST008,572,6,0.0,0.0,0.0,44.6,True,True
ST008,573,6,0.0,0.0,0.0,49.0,True,True
ST008,574,6,0.0,0.0,0.0,43.5,True,True
ST008,575,6,0.0,0.0,0.0,44.3,True,True
ST008,576,6,0.0,0.0,0.0,44.6,True,True
ST008,577,6,0.0,0.0,0.0,37.7,True,True
ST008,578,6,0.0,0.0,0.0,46.8,True,True
ST008,579,6,0.0,0.0,0.0,42.7,True,True
ST008,580,6,0.0,0.0,0.0,47.9,True,True
ST008,581,6,0.0,0.0,0.0,45.8,True,True
ST008,582,6,0.0,0.0,0.0,43.8,True,True
ST008,583,6,0.0,0.0,0.0,44.6,True,True
ST008,584,6,0.0,0.0,0.0,42.7,True,True
ST008,585,6,0.0,0.0,0.0,46.5,True,True
ST008,586,6,0.0,0.0,0.0,44.6,True,True
ST008,587,6,0.0,0.0,0.0,44.5,True,True
ST008,588,6,0.0,0.0,0.0,41.9,True,True
ST008,589,6,0.0,0.0,0.0,40.6,True,True
ST008,590,6,0.0,0.0,0.0,38.4,True,True
ST008,591,6,0.0,0.0,0.0,49.2,True,True
ST008,592,6,0.0,0.0,0.0,43.7,True,True
ST008,593,6,0.0,0.0,0.0,43.8,True,True
ST008,594,6,0.0,0.0,0.0,42.6,True,True
ST008,595,6,0.0,0.0,0.0,41.4,True,True
ST008,596,6,0.0,0.0,0.0,40.3,True,True
ST008,597,6,0.0,0.0,0.0,40.5,True,True
ST008,598,6,0.0,0.0,0.0,45.9,True,True
ST008,599,6,0.0,0.0,0.0,42.5,True,True
ST008,600,6,0.0,0.0,0.0,50.9,True,False
ST008,601,6,0.0,0.0,0.0,49.5,True,True
ST008,602,6,0.0,0.0,0.0,38.5,True,True
ST008,603,6,0.0,0.0,0.0,46.1,True,True
ST008,604,6,0.0,0.0,0.0,45.9,True,True
ST008,605,6,0.0,0.0,0.0,43.0,True,True
ST008,606,6,0.0,0.0,0.0,50.9,True,False
ST008,607,6,0.0,0.0,0.0,46.3,True,True
ST008,608,6,0.0,0.0,0.0,36.4,True,True
ST008,609,6,0.0,0.0,0.0,43.9,True,True
ST008,610,6,0.0,0.0,0.0,42.5,True,True
ST008,611,6,0.0,0.0,0.0,46.1,True,True
ST008,612,6,0.0,0.0,0.0,44.6,True,True
ST008,613,6,0.0,0.0,0.0,44.5,True,True
ST008,614,6,0.0,0.0,0.0,43.6,True,True
ST008,615,6,0.0,0.0,0.0,44.5,True,True
ST008,616,6,0.0,0.0,0.0,42.2,True,True
ST008,617,6,0.0,0.0,0.0,38.0,True,True
ST008,618,6,0.0,0.0,0.0,40.8,True,True
ST008,619,6,0.0,0.0,0.0,43.7,True,True
ST008,620,6,0.0,0.0,0.0,44.0,True,True
ST008,621,6,0.0,0.0,0.0,38.3,True,True
ST008,622,6,0.0,0.0,0.0,39.1,True,True
ST008,623,6,0.0,0.0,0.0,42.4,True,True
ST008,624,6,0.0,0.0,0.0,43.2,True,True
ST008,625,6,0.0,0.0,0.0,48.9,True,True
ST008,626,6,0.0,0.0,0.0,45.7,True,True
ST008,627,6,0.0,0.0,0.0,45.3,True,True
ST008,628,6,0.0,0.0,0.0,38.3,True,True
ST008,629,6,0.0,0.0,0.0,46.9,True,True
ST008,630,6,0.0,0.0,0.0,47.4,True,True
ST008,631,6,0.0,0.0,0.0,45.4,True,True
ST008,632,6,0.0,0.0,0.0,38.1,True,True
ST008,633,6,0.0,0.0,0.0,44.0,True,True
ST008,634,6,0.0,0.0,0.0,39.0,True,True
ST008,635,6,0.0,0.0,0.0,38.9,True,True
ST008,636,6,0.0,0.0,0.0,46.8,True,True
ST008,637,6,0.0,0.0,0.0,41.1,True,True
ST008,638,6,0.0,0.0,0.0,46.2,True,True
ST008,639,6,0.0,0.0,0.0,37.0,True,True
ST008,640,6,0.0,0.0,0.0,38.1,True,True
ST008,641,6,0.0,0.0,0.0,44.8,True,True
ST008,642,6,0.0,0.0,0.0,40.0,True,True
ST008,643,6,0.0,0.0,0.0,45.5,True,True
ST008,644,6,0.0,0.0,0.0,43.4,True,True
ST008,645,6,0.0,0.0,0.0,42.8,True,True
ST008,646,6,0.0,0.0,0.0,45.3,True,True
ST008,647,6,0.0,0.0,0.0,44.9,True,True
ST008,648,6,0.0,0.0,0.0,36.0,True,True
ST008,649,6,0.0,0.0,0.0,49.4,True,True
ST008,650,6,0.0,0.0,0.0,46.4,True,True
ST008,651,6,0.0,0.0,0.0,46.3,True,True
ST008,652,6,0.0,0.0,0.0,44.1,True,True
ST008,653,6,0.0,0.0,0.0,40.4,True,True
ST008,654,6,0.0,0.0,0.0,36.8,True,True
ST008,655,6,0.0,0.0,0.0,48.5,True,True
ST008,656,6,0.0,0.0,0.0,43.5,True,True
ST008,657,6,0.0,0.0,0.0,42.0,True,True
ST008,658,6,0.0,0.0,0.0,39.7,True,True
ST008,659,6,0.0,0.0,0.0,37.6,True,True
ST008,660,6,0.0,0.0,0.0,43.5,True,True
ST008,661,6,0.0,0.0,0.0,37.7,True,True
ST008,662,6,0.0,0.0,0.0,41.8,True,True
ST008,663,6,0.0,0.0,0.0,40.9,True,True
ST008,664,6,0.0,0.0,0.0,49.0,True,True
ST008,665,6,0.0,0.0,0.0,45.2,True,True
ST008,666,6,0.0,0.0,0.0,47.7,True,True
ST008,667,6,0.0,0.0,0.0,43.2,True,True
ST008,668,6,0.0,0.0,0.0,45.9,True,True
ST008,669,6,0.0,0.0,0.0,42.2,True,True
ST008,670,6,0.0,0.0,0.0,46.4,True,True
ST008,671,6,0.0,0.0,0.0,44.2,True,True
ST008,672,6,0.0,0.0,0.0,49.2,True,True
ST008,673,6,0.0,0.0,0.0,47.9,True,True
ST008,674,6,0.0,0.0,0.0,46.6,True,True
ST008,675,6,0.0,0.0,0.0,44.9,True,True
ST008,676,6,0.0,0.0,0.0,45.1,True,True
ST008,677,6,0.0,0.0,0.0,34.4,True,True
ST008,678,6,0.0,0.0,0.0,45.3,True,True
ST008,679,6,0.0,0.0,0.0,38.9,True,True
ST008,680,6,0.0,0.0,0.0,42.0,True,True
ST008,681,6,0.0,0.0,0.0,42.0,True,True
ST008,682,6,0.0,0.0,0.0,50.1,True,False
ST008,683,6,0.0,0.0,0.0,37.9,True,True
ST008,684,6,0.0,0.0,0.0,49.8,True,True
ST008,685,6,0.0,0.0,0.0,42.5,True,True
ST008,686,6,0.0,0.0,0.0,44.3,True,True
ST008,687,6,0.0,0.0,0.0,41.7,True,True
ST008,688,6,0.0,0.0,0.0,36.1,True,True
ST008,689,6,0.0,0.0,0.0,44.5,True,True
ST008,690,6,0.0,0.0,0.0,38.6,True,True
ST008,691,6,0.0,0.0,0.0,42.2,True,True
ST008,692,6,0.0,0.0,0.0,43.2,True,True
ST008,693,6,0.0,0.0,0.0,52.3,True,False
ST008,694,6,0.0,0.0,0.0,40.1,True,True
ST008,695,6,0.0,0.0,0.0,50.9,True,False
ST008,696,6,0.0,0.0,0.0,39.8,True,True
ST008,697,6,0.0,0.0,0.0,47.5,True,True
ST008,698,6,0.0,0.0,0.0,44.4,True,True
ST008,699,6,0.0,0.0,0.0,42.3,True,True
ST008,700,6,0.0,0.0,0.0,40.5,True,True
ST008,701,6,0.0,0.0,0.0,45.7,True,True
ST008,702,6,0.0,0.0,0.0,51.9,True,False
ST008,703,6,0.0,0.0,0.0,44.1,True,True
ST008,704,6,0.0,0.0,0.0,39.8,True,True
ST008,705,6,0.0,0.0,0.0,42.9,True,True
ST008,706,6,0.0,0.0,0.0,38.0,True,True
ST008,707,6,0.0,0.0,0.0,39.2,True,True
ST008,708,6,0.0,0.0,0.0,41.9,True,True
ST008,709,6,0.0,0.0,0.0,50.2,True,False
ST008,710,6,0.0,0.0,0.0,35.8,True,True
ST008,711,6,0.0,0.0,0.0,38.6,True,True
ST008,712,6,0.0,0.0,0.0,44.9,True,True
ST008,713,6,0.0,0.0,0.0,34.7,True,True
ST008,714,6,0.0,0.0,0.0,38.4,True,True
ST008,715,6,0.0,0.0,0.0,39.4,True,True
ST008,716,6,0.0,0.0,0.0,44.4,True,True
ST008,717,6,0.0,0.0,0.0,43.7,True,True
ST008,718,6,0.0,0.0,0.0,37.3,True,True
ST008,719,6,0.0,0.0,0.0,47.2,True,True
ST008,720,6,0.0,0.0,0.0,42.2,True,True
ST008,721,6,0.0,0.0,0.0,45.6,True,True
ST008,722,6,0.0,0.0,0.0,37.3,True,True
ST008,723,6,0.0,0.0,0.0,49.9,True,True
ST008,724,6,0.0,0.0,0.0,37.6,True,True
ST008,725,6,0.0,0.0,0.0,39.2,True,True
ST008,726,6,0.0,0.0,0.0,38.4,True,True
ST008,727,6,0.0,0.0,0.0,40.4,True,True
ST008,728,6,0.0,0.0,0.0,54.1,True,False
ST008,729,6,0.0,0.0,0.0,40.0,True,True
ST008,730,6,0.0,0.0,0.0,36.1,True,True
ST008,731,6,0.0,0.0,0.0,39.7,True,True
ST008,732,6,0.0,0.0,0.0,42.3,True,True
ST008,733,6,0.0,0.0,0.0,41.6,True,True
ST008,734,6,0.0,0.0,0.0,40.5,True,True
ST008,735,6,0.0,0.0,0.0,44.5,True,True
ST008,736,6,0.0,0.0,0.0,38.0,True,True
ST008,737,6,0.0,0.0,0.0,45.4,True,True
ST008,738,6,0.0,0.0,0.0,37.7,True,True
ST008,739,6,0.0,0.0,0.0,43.1,True,True
ST008,740,6,0.0,0.0,0.0,49.5,True,True
ST008,741,6,0.0,0.0,0.0,43.7,True,True
ST008,742,6,0.0,0.0,0.0,43.5,True,True
ST008,743,6,0.0,0.0,0.0,49.1,True,True
ST008,744,6,0.0,0.0,0.0,39.6,True,True
ST008,745,6,0.0,0.0,0.0,42.8,True,True
ST008,746,6,0.0,0.0,0.0,40.5,True,True
ST008,747,6,0.0,0.0,0.0,45.9,True,True
ST008,748,6,0.0,0.0,0.0,46.6,True,True
ST008,749,6,0.0,0.0,0.0,43.0,True,True
ST008,750,6,0.0,0.0,0.0,41.5,True,True
ST008,751,6,0.0,0.0,0.0,39.7,True,True
ST008,752,6,0.0,0.0,0.0,42.2,True,True
ST008,753,6,0.0,0.0,0.0,45.7,True,True
ST008,754,6,0.0,0.0,0.0,44.6,True,True
ST008,755,6,0.0,0.0,0.0,49.3,True,True
ST008,756,6,0.0,0.0,0.0,44.3,True,True
ST008,757,6,0.0,0.0,0.0,43.0,True,True
ST008,758,6,0.0,0.0,0.0,38.9,True,True
ST008,759,6,0.0,0.0,0.0,36.1,True,True
ST008,760,6,0.0,0.0,0.0,48.3,True,True
ST008,761,6,0.0,0.0,0.0,38.2,True,True
ST008,762,6,0.0,0.0,0.0,35.6,True,True
ST008,763,6,0.0,0.0,0.0,38.6,True,True
ST008,764,6,0.0,0.0,0.0,40.0,True,True
ST008,765,6,0.0,0.0,0.0,40.6,True,True
ST008,766,6,0.0,0.0,0.0,42.1,True,True
ST008,767,6,0.0,0.0,0.0,41.4,True,True
ST008,768,6,0.0,0.0,0.0,44.8,True,True
ST008,769,6,0.0,0.0,0.0,44.1,True,True
ST008,770,6,0.0,0.0,0.0,39.5,True,True
ST008,771,6,0.0,0.0,0.0,51.1,True,False
ST008,772,6,0.0,0.0,0.0,45.2,True,True
ST008,773,6,0.0,0.0,0.0,36.8,True,True
ST008,774,6,0.0,0.0,0.0,46.8,True,True
ST008,775,6,0.0,0.0,0.0,43.4,True,True
ST008,776,6,0.0,0.0,0.0,40.2,True,True
ST008,777,6,0.0,0.0,0.0,43.3,True,True
ST008,778,6,0.0,0.0,0.0,44.6,True,True
ST008,779,6,0.0,0.0,0.0,42.2,True,True
ST008,780,6,0.0,0.0,0.0,43.9,True,True
ST008,781,6,0.0,0.0,0.0,46.3,True,True
ST008,782,6,0.0,0.0,0.0,38.6,True,True
ST008,783,6,0.0,0.0,0.0,45.5,True,True
ST008,784,6,0.0,0.0,0.0,40.4,True,True
ST008,785,6,0.0,0.0,0.0,45.2,True,True
ST008,786,6,0.0,0.0,0.0,42.8,True,True
ST008,787,6,0.0,0.0,0.0,38.0,True,True
ST008,788,6,0.0,0.0,0.0,39.3,True,True
ST008,789,6,0.0,0.0,0.0,51.4,True,False
ST008,790,6,0.0,0.0,0.0,47.6,True,True
ST008,791,6,0.0,0.0,0.0,37.6,True,True
ST008,792,6,0.0,0.0,0.0,45.3,True,True
ST008,793,6,0.0,0.0,0.0,42.7,True,True
ST008,794,6,0.0,0.0,0.0,45.2,True,True
ST008,795,6,0.0,0.0,0.0,43.7,True,True
ST008,796,6,0.0,0.0,0.0,48.5,True,True
ST008,797,6,0.0,0.0,0.0,44.1,True,True
ST008,798,6,0.0,0.0,0.0,42.2,True,True
ST008,799,6,0.0,0.0,0.0,39.3,True,True
ST008,800,6,0.0,0.0,0.0,47.6,True,True
ST008,801,6,0.0,0.0,0.0,43.5,True,True
ST008,802,6,0.0,0.0,0.0,51.6,True,False
ST008,803,6,0.0,0.0,0.0,41.6,True,True
ST008,804,6,0.0,0.0,0.0,34.8,True,True
ST008,805,6,0.0,0.0,0.0,44.5,True,True
ST008,806,6,0.0,0.0,0.0,41.9,True,True
ST008,807,6,0.0,0.0,0.0,45.7,True,True
ST008,808,6,0.0,0.0,0.0,46.3,True,True
ST008,809,6,0.0,0.0,0.0,40.5,True,True
ST008,810,6,0.0,0.0,0.0,44.5,True,True
ST008,811,6,0.0,0.0,0.0,42.3,True,True
ST008,812,6,0.0,0.0,0.0,37.9,True,True
ST008,813,6,0.0,0.0,0.0,46.5,True,True
ST008,814,6,0.0,0.0,0.0,44.3,True,True
ST008,815,6,0.0,0.0,0.0,37.0,True,True
ST008,816,6,0.0,0.0,0.0,39.8,True,True
ST008,817,6,0.0,0.0,0.0,39.3,True,True
ST008,818,6,0.0,0.0,0.0,40.4,True,True
ST008,819,6,0.0,0.0,0.0,34.6,True,True
ST008,820,6,0.0,0.0,0.0,43.8,True,True
ST008,821,6,0.0,0.0,0.0,43.5,True,True
ST008,822,6,0.0,0.0,0.0,39.0,True,True
ST008,823,6,0.0,0.0,0.0,45.1,True,True
ST008,824,6,0.0,0.0,0.0,40.6,True,True
ST008,825,6,0.0,0.0,0.0,44.4,True,True
ST008,826,6,0.0,0.0,0.0,46.3,True,True
ST008,827,6,0.0,0.0,0.0,40.5,True,True
ST008,828,6,0.0,0.0,0.0,45.4,True,True
ST008,829,6,0.0,0.0,0.0,37.5,True,True
ST008,830,6,0.0,0.0,0.0,47.3,True,True
ST008,831,6,0.0,0.0,0.0,41.4,True,True
ST008,832,6,0.0,0.0,0.0,36.6,True,True
ST008,833,6,0.0,0.0,0.0,40.6,True,True
ST008,834,6,0.0,0.0,0.0,45.0,True,True
ST008,835,6,0.0,0.0,0.0,48.7,True,True
ST008,836,6,0.0,0.0,0.0,40.4,True,True
ST008,837,6,0.0,0.0,0.0,44.0,True,True
ST008,838,6,0.0,0.0,0.0,42.0,True,True
ST008,839,6,0.0,0.0,0.0,33.1,True,True
ST008,840,6,0.0,0.0,0.0,47.4,True,True
ST008,841,6,0.0,0.0,0.0,42.2,True,True
ST008,842,6,0.0,0.0,0.0,47.3,True,True
ST008,843,6,0.0,0.0,0.0,43.6,True,True
ST008,844,6,0.0,0.0,0.0,40.8,True,True
ST008,845,6,0.0,0.0,0.0,37.5,True,True
ST008,846,6,0.0,0.0,0.0,47.1,True,True
ST008,847,6,0.0,0.0,0.0,34.7,True,True
ST008,848,6,0.0,0.0,0.0,44.2,True,True
ST008,849,6,0.0,0.0,0.0,36.0,True,True
ST008,850,6,0.0,0.0,0.0,40.3,True,True
ST008,851,6,0.0,0.0,0.0,46.2,True,True
ST008,852,6,0.0,0.0,0.0,38.5,True,True
ST008,853,6,0.0,0.0,0.0,32.4,True,True
ST008,854,6,0.0,0.0,0.0,40.8,True,True
ST008,855,6,0.0,0.0,0.0,40.5,True,True
ST008,856,6,0.0,0.0,0.0,38.6,True,True
ST008,857,6,0.0,0.0,0.0,37.7,True,True
ST008,858,6,0.0,0.0,0.0,46.0,True,True
ST008,859,6,0.0,0.0,0.0,48.8,True,True
ST008,860,6,0.0,0.0,0.0,41.7,True,True
ST008,861,6,0.0,0.0,0.0,44.4,True,True
ST008,862,6,0.0,0.0,0.0,38.5,True,True
ST008,863,6,0.0,0.0,0.0,41.3,True,True
ST008,864,6,0.0,0.0,0.0,47.6,True,True
ST008,865,6,0.0,0.0,0.0,41.4,True,True
ST008,866,6,0.0,0.0,0.0,43.8,True,True
ST008,867,6,0.0,0.0,0.0,45.3,True,True
ST008,868,6,0.0,0.0,0.0,48.4,True,True
ST008,869,6,0.0,0.0,0.0,41.2,True,True
ST008,870,6,0.0,0.0,0.0,45.0,True,True
ST008,871,6,0.0,0.0,0.0,43.9,True,True
ST008,872,6,0.0,0.0,0.0,46.4,True,True
ST008,873,6,0.0,0.0,0.0,39.8,True,True
ST008,874,6,0.0,0.0,0.0,52.4,True,False
ST008,875,6,0.0,0.0,0.0,49.2,True,True
ST008,876,6,0.0,0.0,0.0,45.4,True,True
ST008,877,6,0.0,0.0,0.0,43.1,True,True
ST008,878,6,0.0,0.0,0.0,44.2,True,True
ST008,879,6,0.0,0.0,0.0,36.1,True,True
ST008,880,6,0.0,0.0,0.0,40.9,True,True
ST008,881,6,0.0,0.0,0.0,43.1,True,True
ST008,882,6,0.0,0.0,0.0,41.1,True,True
ST008,883,6,0.0,0.0,0.0,47.1,True,True
ST008,884,6,0.0,0.0,0.0,37.5,True,True
ST008,885,6,0.0,0.0,0.0,42.1,True,True
ST008,886,6,0.0,0.0,0.0,44.0,True,True
ST008,887,6,0.0,0.0,0.0,40.8,True,True
ST008,888,6,0.0,0.0,0.0,45.0,True,True
ST008,889,6,0.0,0.0,0.0,47.6,True,True
ST008,890,6,0.0,0.0,0.0,45.7,True,True
ST008,891,6,0.0,0.0,0.0,38.2,True,True
ST008,892,6,0.0,0.0,0.0,42.6,True,True
ST008,893,6,0.0,0.0,0.0,40.8,True,True
ST008,894,6,0.0,0.0,0.0,41.6,True,True
ST008,895,6,0.0,0.0,0.0,31.9,True,True
ST008,896,6,0.0,0.0,0.0,45.5,True,True
ST008,897,6,0.0,0.0,0.0,40.4,True,True
ST008,898,6,0.0,0.0,0.0,44.7,True,True
ST008,899,6,0.0,0.0,0.0,42.2,True,True
ST008,900,6,0.0,0.0,0.0,40.5,True,True
ST008,901,6,0.0,0.0,0.0,43.2,True,True
ST008,902,6,0.0,0.0,0.0,40.9,True,True
ST008,903,6,0.0,0.0,0.0,46.6,True,True
ST008,904,6,0.0,0.0,0.0,40.1,True,True
ST008,905,6,0.0,0.0,0.0,47.5,True,True
ST008,906,6,0.0,0.0,0.0,42.5,True,True
ST008,907,6,0.0,0.0,0.0,41.3,True,True
ST008,908,6,0.0,0.0,0.0,46.7,True,True
ST008,909,6,0.0,0.0,0.0,38.7,True,True
ST008,910,6,0.0,0.0,0.0,48.1,True,True
ST008,911,6,0.0,0.0,0.0,41.9,True,True
ST008,912,6,0.0,0.0,0.0,40.9,True,True
ST008,913,6,0.0,0.0,0.0,43.6,True,True
ST008,914,6,0.0,0.0,0.0,38.4,True,True
ST008,915,6,0.0,0.0,0.0,47.4,True,True
ST008,916,6,0.0,0.0,0.0,37.0,True,True
ST008,917,6,0.0,0.0,0.0,42.4,True,True
ST008,918,6,0.0,0.0,0.0,42.0,True,True
ST008,919,6,0.0,0.0,0.0,46.5,True,True
ST008,920,6,0.0,0.0,0.0,44.9,True,True
ST008,921,6,0.0,0.0,0.0,46.3,True,True
ST008,922,6,0.0,0.0,0.0,47.3,True,True
ST008,923,6,0.0,0.0,0.0,42.4,True,True
ST008,924,6,0.0,0.0,0.0,40.9,True,True
ST008,925,6,0.0,0.0,0.0,39.2,True,True
ST008,926,6,0.0,0.0,0.0,46.3,True,True
ST008,927,6,0.0,0.0,0.0,43.1,True,True
ST008,928,6,0.0,0.0,0.0,42.0,True,True
ST008,929,6,0.0,0.0,0.0,54.7,True,False
ST008,930,6,0.0,0.0,0.0,36.9,True,True
ST008,931,6,0.0,0.0,0.0,47.7,True,True
ST008,932,6,0.0,0.0,0.0,45.0,True,True
ST008,933,6,0.0,0.0,0.0,38.6,True,True
ST008,934,6,0.0,0.0,0.0,44.6,True,True
ST008,935,6,0.0,0.0,0.0,41.7,True,True
ST008,936,6,0.0,0.0,0.0,45.1,True,True
ST008,937,6,0.0,0.0,0.0,48.8,True,True
ST008,938,6,0.0,0.0,0.0,45.4,True,True
ST008,939,6,0.0,0.0,0.0,48.0,True,True
ST008,940,6,0.0,0.0,0.0,47.5,True,True
ST008,941,6,0.0,0.0,0.0,44.8,True,True
ST008,942,6,0.0,0.0,0.0,36.9,True,True
ST008,943,6,0.0,0.0,0.0,42.1,True,True
ST008,944,6,0.0,0.0,0.0,46.5,True,True
ST008,945,6,0.0,0.0,0.0,47.8,True,True
ST008,946,6,0.0,0.0,0.0,47.7,True,True
ST008,947,6,0.0,0.0,0.0,42.8,True,True
ST008,948,6,0.0,0.0,0.0,45.2,True,True
ST008,949,6,0.0,0.0,0.0,42.4,True,True
ST008,950,6,0.0,0.0,0.0,39.9,True,True
ST008,951,6,0.0,0.0,0.0,44.8,True,True
ST008,952,6,0.0,0.0,0.0,43.2,True,True
ST008,953,6,0.0,0.0,0.0,46.5,True,True
ST008,954,6,0.0,0.0,0.0,45.4,True,True
ST008,955,6,0.0,0.0,0.0,42.0,True,True
ST008,956,6,0.0,0.0,0.0,34.9,True,True
ST008,957,6,0.0,0.0,0.0,42.7,True,True
ST008,958,6,0.0,0.0,0.0,37.9,True,True
ST008,959,6,0.0,0.0,0.0,44.1,True,True
ST008,960,6,0.0,0.0,0.0,35.5,True,True
ST008,961,6,0.0,0.0,0.0,44.1,True,True
ST008,962,6,0.0,0.0,0.0,45.3,True,True
ST008,963,6,0.0,0.0,0.0,41.7,True,True
ST008,964,6,0.0,0.0,0.0,41.0,True,True
ST008,965,6,0.0,0.0,0.0,38.0,True,True
ST008,966,6,0.0,0.0,0.0,40.7,True,True
ST008,967,6,0.0,0.0,0.0,44.8,True,True
ST008,968,6,0.0,0.0,0.0,37.8,True,True
ST008,969,6,0.0,0.0,0.0,38.6,True,True
ST008,970,6,0.0,0.0,0.0,45.3,True,True
ST008,971,6,0.0,0.0,0.0,34.6,True,True
ST008,972,6,0.0,0.0,0.0,35.8,True,True
ST008,973,6,0.0,0.0,0.0,42.9,True,True
ST008,974,6,0.0,0.0,0.0,47.7,True,True
ST008,975,6,0.0,0.0,0.0,40.0,True,True
ST008,976,6,0.0,0.0,0.0,36.8,True,True
ST008,977,6,0.0,0.0,0.0,37.0,True,True
ST008,978,6,0.0,0.0,0.0,38.3,True,True
ST008,979,6,0.0,0.0,0.0,42.8,True,True
ST008,980,6,0.0,0.0,0.0,42.4,True,True
ST008,981,6,0.0,0.0,0.0,41.2,True,True
ST008,982,6,0.0,0.0,0.0,43.4,True,True
ST008,983,6,0.0,0.0,0.0,38.1,True,True
ST008,984,6,0.0,0.0,0.0,39.4,True,True
ST008,985,6,0.0,0.0,0.0,38.1,True,True
ST008,986,6,0.0,0.0,0.0,38.9,True,True
ST008,987,6,0.0,0.0,0.0,36.1,True,True
ST008,988,6,0.0,0.0,0.0,42.9,True,True
ST008,989,6,0.0,0.0,0.0,44.2,True,True
ST008,990,6,0.0,0.0,0.0,40.8,True,True
ST008,991,6,0.0,0.0,0.0,42.7,True,True
ST008,992,6,0.0,0.0,0.0,38.0,True,True
ST008,993,6,0.0,0.0,0.0,43.8,True,True
ST008,994,6,0.0,0.0,0.0,38.5,True,True
ST008,995,6,0.0,0.0,0.0,45.2,True,True
ST008,996,6,0.0,0.0,0.0,43.6,True,True
ST008,997,6,0.0,0.0,0.0,33.4,True,True
ST008,998,6,0.0,0.0,0.0,44.5,True,True
ST008,999,6,0.0,0.0,0.0,33.2,True,True
ST008,1000,6,0.0,0.0,0.0,44.2,True,True
ST009,1,6,0.0,0.0,0.0,54.0,True,False
ST009,2,6,0.0,0.0,0.0,45.9,True,True
ST009,3,6,0.0,0.0,0.0,53.6,True,False
ST009,4,6,0.0,0.0,0.0,50.1,True,False
ST009,5,6,0.0,0.0,0.0,47.6,True,True
ST009,6,6,0.0,0.0,0.0,48.4,True,True
ST009,7,6,0.0,0.0,0.0,49.9,True,True
ST009,8,6,0.0,0.0,0.0,46.2,True,True
ST009,9,6,0.0,0.0,0.0,45.1,True,True
ST009,10,6,0.0,0.0,0.0,49.0,True,True
ST009,11,6,0.0,0.0,0.0,44.7,True,True
ST009,12,6,0.0,0.0,0.0,57.4,True,False
ST009,13,6,0.0,0.0,0.0,42.8,True,True
ST009,14,6,0.0,0.0,0.0,60.1,True,False
ST009,15,6,0.0,0.0,0.0,44.2,True,True
ST009,16,6,0.0,0.0,0.0,51.5,True,False
ST009,17,6,0.0,0.0,0.0,56.8,True,False
ST009,18,6,0.0,0.0,0.0,52.0,True,False
ST009,19,6,0.0,0.0,0.0,48.8,True,True
ST009,20,6,0.0,0.0,0.0,53.6,True,False
ST009,21,6,0.0,0.0,0.0,53.2,True,False
ST009,22,6,0.0,0.0,0.0,40.2,True,True
ST009,23,6,0.0,0.0,0.0,42.1,True,True
ST009,24,6,0.0,0.0,0.0,56.7,True,False
ST009,25,6,0.0,0.0,0.0,48.6,True,True
ST009,26,6,0.0,0.0,0.0,54.3,True,False
ST009,27,6,0.0,0.0,0.0,53.6,True,False
ST009,28,6,0.0,0.0,0.0,56.0,True,False
ST009,29,6,0.0,0.0,0.0,47.2,True,True
ST009,30,6,0.0,0.0,0.0,45.8,True,True
ST009,31,6,0.0,0.0,0.0,51.7,True,False
ST009,32,6,0.0,0.0,0.0,50.8,True,False
ST009,33,6,0.0,0.0,0.0,52.5,True,False
ST009,34,6,0.0,0.0,0.0,53.2,True,False
ST009,35,6,0.0,0.0,0.0,50.1,True,False
ST009,36,6,0.0,0.0,0.0,39.5,True,True
ST009,37,6,0.0,0.0,0.0,44.0,True,True
ST009,38,6,0.0,0.0,0.0,43.7,True,True
ST009,39,6,0.0,0.0,0.0,53.7,True,False
ST009,40,6,0.0,0.0,0.0,45.4,True,True
ST009,41,6,0.0,0.0,0.0,49.2,True,True
ST009,42,6,0.0,0.0,0.0,45.2,True,True
ST009,43,6,0.0,0.0,0.0,45.5,True,True
ST009,44,6,0.0,0.0,0.0,45.0,True,True
ST009,45,6,0.0,0.0,0.0,43.5,True,True
ST009,46,6,0.0,0.0,0.0,42.3,True,True
ST009,47,6,0.0,0.0,0.0,49.6,True,True
ST009,48,6,0.0,0.0,0.0,45.0,True,True
ST009,49,6,0.0,0.0,0.0,52.8,True,False
ST009,50,6,0.0,0.0,0.0,50.0,True,False
ST009,51,6,0.0,0.0,0.0,61.2,True,False
ST009,52,6,0.0,0.0,0.0,51.3,True,False
ST009,53,6,0.0,0.0,0.0,42.6,True,True
ST009,54,6,0.0,0.0,0.0,46.2,True,True
ST009,55,6,0.0,0.0,0.0,54.4,True,False
ST009,56,6,0.0,0.0,0.0,45.7,True,True
ST009,57,6,0.0,0.0,0.0,45.4,True,True
ST009,58,6,0.0,0.0,0.0,57.3,True,False
ST009,59,6,0.0,0.0,0.0,41.7,True,True
ST009,60,6,0.0,0.0,0.0,43.7,True,True
ST009,61,6,0.0,0.0,0.0,49.2,True,True
ST009,62,6,0.0,0.0,0.0,50.7,True,False
ST009,63,6,0.0,0.0,0.0,41.8,True,True
ST009,64,6,0.0,0.0,0.0,40.4,True,True
ST009,65,6,0.0,0.0,0.0,44.6,True,True
ST009,66,6,0.0,0.0,0.0,52.7,True,False
ST009,67,6,0.0,0.0,0.0,40.6,True,True
ST009,68,6,0.0,0.0,0.0,46.6,True,True
ST009,69,6,0.0,0.0,0.0,52.8,True,False
ST009,70,6,0.0,0.0,0.0,38.7,True,True
ST009,71,6,0.0,0.0,0.0,50.0,True,False
ST009,72,6,0.0,0.0,0.0,49.2,True,True
ST009,73,6,0.0,0.0,0.0,59.4,True,False
ST009,74,6,0.0,0.0,0.0,59.1,True,False
ST009,75,6,0.0,0.0,0.0,41.2,True,True
ST009,76,6,0.0,0.0,0.0,48.4,True,True
ST009,77,6,0.0,0.0,0.0,36.8,True,True
ST009,78,6,0.0,0.0,0.0,50.8,True,False
ST009,79,6,0.0,0.0,0.0,44.5,True,True
ST009,80,6,0.0,0.0,0.0,48.2,True,True
ST009,81,6,0.0,0.0,0.0,42.1,True,True
ST009,82,6,0.0,0.0,0.0,53.7,True,False
ST009,83,6,0.0,0.0,0.0,47.5,True,True
ST009,84,6,0.0,0.0,0.0,44.4,True,True
ST009,85,6,0.0,0.0,0.0,55.6,True,False
ST009,86,6,0.0,0.0,0.0,50.4,True,False
ST009,87,6,0.0,0.0,0.0,42.7,True,True
ST009,88,6,0.0,0.0,0.0,46.8,True,True
ST009,89,6,0.0,0.0,0.0,38.6,True,True
ST009,90,6,0.0,0.0,0.0,53.9,True,False
ST009,91,6,0.0,0.0,0.0,45.3,True,True
ST009,92,6,0.0,0.0,0.0,50.9,True,False
ST009,93,6,0.0,0.0,0.0,48.8,True,True
ST009,94,6,0.0,0.0,0.0,50.0,True,False
ST009,95,6,0.0,0.0,0.0,50.8,True,False
ST009,96,6,0.0,0.0,0.0,48.4,True,True
ST009,97,6,0.0,0.0,0.0,55.7,True,False
ST009,98,6,0.0,0.0,0.0,49.6,True,True
ST009,99,6,0.0,0.0,0.0,42.5,True,True
ST009,100,6,0.0,0.0,0.0,46.3,True,True
ST009,101,6,0.0,0.0,0.0,55.4,True,False
ST009,102,6,0.0,0.0,0.0,52.4,True,False
ST009,103,6,0.0,0.0,0.0,42.7,True,True
ST009,104,6,0.0,0.0,0.0,39.2,True,True
ST009,105,6,0.0,0.0,0.0,51.5,True,False
ST009,106,6,0.0,0.0,0.0,47.3,True,True
ST009,107,6,0.0,0.0,0.0,45.5,True,True
ST009,108,6,0.0,0.0,0.0,47.3,True,True
ST009,109,6,0.0,0.0,0.0,48.5,True,True
ST009,110,6,0.0,0.0,0.0,42.9,True,True
ST009,111,6,0.0,0.0,0.0,59.0,True,False
ST009,112,6,0.0,0.0,0.0,49.0,True,True
ST009,113,6,0.0,0.0,0.0,53.6,True,False
ST009,114,6,0.0,0.0,0.0,53.9,True,False
ST009,115,6,0.0,0.0,0.0,47.8,True,True
ST009,116,6,0.0,0.0,0.0,45.3,True,True
ST009,117,6,0.0,0.0,0.0,42.1,True,True
ST009,118,6,0.0,0.0,0.0,44.1,True,True
ST009,119,6,0.0,0.0,0.0,58.9,True,False
ST009,120,6,0.0,0.0,0.0,36.1,True,True
ST009,121,6,0.0,0.0,0.0,41.1,True,True
ST009,122,6,0.0,0.0,0.0,47.6,True,True
ST009,123,6,0.0,0.0,0.0,59.0,True,False
ST009,124,6,0.0,0.0,0.0,50.7,True,False
ST009,125,6,0.0,0.0,0.0,51.1,True,False
ST009,126,6,0.0,0.0,0.0,35.0,True,True
ST009,127,6,0.0,0.0,0.0,44.6,True,True
ST009,128,6,0.0,0.0,0.0,45.2,True,True
ST009,129,6,0.0,0.0,0.0,56.3,True,False
ST009,130,6,0.0,0.0,0.0,54.0,True,False
ST009,131,6,0.0,0.0,0.0,53.0,True,False
ST009,132,6,0.0,0.0,0.0,50.4,True,False
ST009,133,6,0.0,0.0,0.0,53.1,True,False
ST009,134,6,0.0,0.0,0.0,55.2,True,False
ST009,135,6,0.0,0.0,0.0,49.4,True,True
ST009,136,6,0.0,0.0,0.0,42.6,True,True
ST009,137,6,0.0,0.0,0.0,40.5,True,True
ST009,138,6,0.0,0.0,0.0,38.6,True,True
ST009,139,6,0.0,0.0,0.0,40.9,True,True
ST009,140,6,0.0,0.0,0.0,46.1,True,True
ST009,141,6,0.0,0.0,0.0,38.2,True,True
ST009,142,6,0.0,0.0,0.0,55.5,True,False
ST009,143,6,0.0,0.0,0.0,46.4,True,True
ST009,144,6,0.0,0.0,0.0,56.8,True,False
ST009,145,6,0.0,0.0,0.0,35.9,True,True
ST009,146,6,0.0,0.0,0.0,44.7,True,True
ST009,147,6,0.0,0.0,0.0,45.6,True,True
ST009,148,6,0.0,0.0,0.0,47.3,True,True
ST009,149,6,0.0,0.0,0.0,50.5,True,False
ST009,150,6,0.0,0.0,0.0,54.8,True,False
ST009,151,6,0.0,0.0,0.0,38.7,True,True
ST009,152,6,0.0,0.0,0.0,52.1,True,False
ST009,153,6,0.0,0.0,0.0,51.4,True,False
ST009,154,6,0.0,0.0,0.0,44.9,True,True
ST009,155,6,0.0,0.0,0.0,42.5,True,True
ST009,156,6,0.0,0.0,0.0,52.4,True,False
ST009,157,6,0.0,0.0,0.0,44.9,True,True
ST009,158,6,0.0,0.0,0.0,52.6,True,False
ST009,159,6,0.0,0.0,0.0,38.3,True,True
ST009,160,6,0.0,0.0,0.0,51.4,True,False
ST009,161,6,0.0,0.0,0.0,35.3,True,True
ST009,162,6,0.0,0.0,0.0,56.9,True,False
ST009,163,6,0.0,0.0,0.0,43.0,True,True
ST009,164,6,0.0,0.0,0.0,46.0,True,True
ST009,165,6,0.0,0.0,0.0,48.4,True,True
ST009,166,6,0.0,0.0,0.0,42.2,True,True
ST009,167,6,0.0,0.0,0.0,51.8,True,False
ST009,168,6,0.0,0.0,0.0,46.6,True,True
ST009,169,6,0.0,0.0,0.0,52.4,True,False
ST009,170,6,0.0,0.0,0.0,40.4,True,True
ST009,171,6,0.0,0.0,0.0,51.0,True,False
ST009,172,6,0.0,0.0,0.0,44.0,True,True
ST009,173,6,0.0,0.0,0.0,36.1,True,True
ST009,174,6,0.0,0.0,0.0,46.5,True,True
ST009,175,6,0.0,0.0,0.0,46.2,True,True
ST009,176,6,0.0,0.0,0.0,46.4,True,True
ST009,177,6,0.0,0.0,0.0,54.7,True,False
ST009,178,6,0.0,0.0,0.0,51.0,True,False
ST009,179,6,0.0,0.0,0.0,45.0,True,True
ST009,180,6,0.0,0.0,0.0,49.3,True,True
ST009,181,6,0.0,0.0,0.0,57.8,True,False
ST009,182,6,0.0,0.0,0.0,48.1,True,True
ST009,183,6,0.0,0.0,0.0,43.9,True,True
ST009,184,6,0.0,0.0,0.0,44.3,True,True
ST009,185,6,0.0,0.0,0.0,54.4,True,False
ST009,186,6,0.0,0.0,0.0,50.8,True,False
ST009,187,6,0.0,0.0,0.0,50.3,True,False
ST009,188,6,0.0,0.0,0.0,39.3,True,True
ST009,189,6,0.0,0.0,0.0,45.5,True,True
ST009,190,6,0.0,0.0,0.0,48.4,True,True
ST009,191,6,0.0,0.0,0.0,44.7,True,True
ST009,192,6,0.0,0.0,0.0,46.9,True,True
ST009,193,6,0.0,0.0,0.0,55.0,True,False
ST009,194,6,0.0,0.0,0.0,41.6,True,True
ST009,195,6,0.0,0.0,0.0,43.8,True,True
ST009,196,6,0.0,0.0,0.0,40.3,True,True
ST009,197,6,0.0,0.0,0.0,46.9,True,True
ST009,198,6,0.0,0.0,0.0,48.5,True,True
ST009,199,6,0.0,0.0,0.0,47.3,True,True
ST009,200,6,0.0,0.0,0.0,41.1,True,True
ST009,201,6,0.0,0.0,0.0,36.1,True,True
ST009,202,6,0.0,0.0,0.0,48.6,True,True
ST009,203,6,0.0,0.0,0.0,51.5,True,False
ST009,204,6,0.0,0.0,0.0,52.2,True,False
ST009,205,6,0.0,0.0,0.0,54.0,True,False
ST009,206,6,0.0,0.0,0.0,39.1,True,True
ST009,207,6,0.0,0.0,0.0,49.2,True,True
ST009,208,6,0.0,0.0,0.0,46.8,True,True
ST009,209,6,0.0,0.0,0.0,42.0,True,True
ST009,210,6,0.0,0.0,0.0,47.8,True,True
ST009,211,6,0.0,0.0,0.0,45.1,True,True
ST009,212,6,0.0,0.0,0.0,55.6,True,False
ST009,213,6,0.0,0.0,0.0,51.6,True,False
ST009,214,6,0.0,0.0,0.0,56.3,True,False
ST009,215,6,0.0,0.0,0.0,51.4,True,False
ST009,216,6,0.0,0.0,0.0,52.8,True,False
ST009,217,6,0.0,0.0,0.0,53.9,True,False
ST009,218,6,0.0,0.0,0.0,53.0,True,False
ST009,219,6,0.0,0.0,0.0,41.3,True,True
ST009,220,6,0.0,0.0,0.0,45.7,True,True
ST009,221,6,0.0,0.0,0.0,50.3,True,False
ST009,222,6,0.0,0.0,0.0,45.2,True,True
ST009,223,6,0.0,0.0,0.0,45.3,True,True
ST009,224,6,0.0,0.0,0.0,59.5,True,False
ST009,225,6,0.0,0.0,0.0,49.3,True,True
ST009,226,6,0.0,0.0,0.0,57.3,True,False
ST009,227,6,0.0,0.0,0.0,53.2,True,False
ST009,228,6,0.0,0.0,0.0,46.9,True,True
ST009,229,6,0.0,0.0,0.0,39.5,True,True
ST009,230,6,0.0,0.0,0.0,51.4,True,False
ST009,231,6,0.0,0.0,0.0,50.0,True,False
ST009,232,6,0.0,0.0,0.0,50.5,True,False
ST009,233,6,0.0,0.0,0.0,49.3,True,True
ST009,234,6,0.0,0.0,0.0,45.4,True,True
ST009,235,6,0.0,0.0,0.0,40.8,True,True
ST009,236,6,0.0,0.0,0.0,42.7,True,True
ST009,237,6,0.0,0.0,0.0,54.4,True,False
ST009,238,6,0.0,0.0,0.0,46.8,True,True
ST009,239,6,0.0,0.0,0.0,46.2,True,True
ST009,240,6,0.0,0.0,0.0,51.7,True,False
ST009,241,6,0.0,0.0,0.0,40.9,True,True
ST009,242,6,0.0,0.0,0.0,51.8,True,False
ST009,243,6,0.0,0.0,0.0,47.3,True,True
ST009,244,6,0.0,0.0,0.0,47.4,True,True
ST009,245,6,0.0,0.0,0.0,51.0,True,False
ST009,246,6,0.0,0.0,0.0,49.4,True,True
ST009,247,6,0.0,0.0,0.0,40.5,True,True
ST009,248,6,0.0,0.0,0.0,56.4,True,False
ST009,249,6,0.0,0.0,0.0,45.3,True,True
ST009,250,6,0.0,0.0,0.0,55.2,True,False
ST009,251,6,0.0,0.0,0.0,48.2,True,True
ST009,252,6,0.0,0.0,0.0,47.8,True,True
ST009,253,6,0.0,0.0,0.0,52.7,True,False
ST009,254,6,0.0,0.0,0.0,55.5,True,False
ST009,255,6,0.0,0.0,0.0,43.3,True,True
ST009,256,6,0.0,0.0,0.0,52.9,True,False
ST009,257,6,0.0,0.0,0.0,50.7,True,False
ST009,258,6,0.0,0.0,0.0,45.0,True,True
ST009,259,6,0.0,0.0,0.0,49.2,True,True
ST009,260,6,0.0,0.0,0.0,50.2,True,False
ST009,261,6,0.0,0.0,0.0,47.3,True,True
ST009,262,6,0.0,0.0,0.0,40.6,True,True
ST009,263,6,0.0,0.0,0.0,44.8,True,True
ST009,264,6,0.0,0.0,0.0,48.7,True,True
ST009,265,6,0.0,0.0,0.0,44.3,True,True
ST009,266,6,0.0,0.0,0.0,54.7,True,False
ST009,267,6,0.0,0.0,0.0,43.6,True,True
ST009,268,6,0.0,0.0,0.0,45.5,True,True
ST009,269,6,0.0,0.0,0.0,59.3,True,False
ST009,270,6,0.0,0.0,0.0,46.5,True,True
ST009,271,6,0.0,0.0,0.0,55.8,True,False
ST009,272,6,0.0,0.0,0.0,45.1,True,True
ST009,273,6,0.0,0.0,0.0,44.4,True,True
ST009,274,6,0.0,0.0,0.0,47.0,True,True
ST009,275,6,0.0,0.0,0.0,42.9,True,True
ST009,276,6,0.0,0.0,0.0,45.4,True,True
ST009,277,6,0.0,0.0,0.0,44.3,True,True
ST009,278,6,0.0,0.0,0.0,56.0,True,False
ST009,279,6,0.0,0.0,0.0,45.8,True,True
ST009,280,6,0.0,0.0,0.0,47.0,True,True
ST009,281,6,0.0,0.0,0.0,49.0,True,True
ST009,282,6,0.0,0.0,0.0,48.9,True,True
ST009,283,6,0.0,0.0,0.0,49.4,True,True
ST009,284,6,0.0,0.0,0.0,51.9,True,False
ST009,285,6,0.0,0.0,0.0,40.2,True,True
ST009,286,6,0.0,0.0,0.0,49.6,True,True
ST009,287,6,0.0,0.0,0.0,53.7,True,False
ST009,288,6,0.0,0.0,0.0,48.3,True,True
ST009,289,6,0.0,0.0,0.0,43.3,True,True
ST009,290,6,0.0,0.0,0.0,43.4,True,True
ST009,291,6,0.0,0.0,0.0,41.9,True,True
ST009,292,6,0.0,0.0,0.0,42.9,True,True
ST009,293,6,0.0,0.0,0.0,49.2,True,True
ST009,294,6,0.0,0.0,0.0,55.0,True,False
ST009,295,6,0.0,0.0,0.0,39.0,True,True
ST009,296,6,0.0,0.0,0.0,43.0,True,True
ST009,297,6,0.0,0.0,0.0,45.5,True,True
ST009,298,6,0.0,0.0,0.0,53.5,True,False
ST009,299,6,0.0,0.0,0.0,48.2,True,True
ST009,300,6,0.0,0.0,0.0,45.5,True,True
ST009,301,6,0.0,0.0,0.0,53.2,True,False
ST009,302,6,0.0,0.0,0.0,48.1,True,True
ST009,303,6,0.0,0.0,0.0,41.6,True,True
ST009,304,6,0.0,0.0,0.0,51.1,True,False
ST009,305,6,0.0,0.0,0.0,50.6,True,False
ST009,306,6,0.0,0.0,0.0,51.6,True,False
ST009,307,6,0.0,0.0,0.0,41.9,True,True
ST009,308,6,0.0,0.0,0.0,45.3,True,True
ST009,309,6,0.0,0.0,0.0,44.8,True,True
ST009,310,6,0.0,0.0,0.0,42.0,True,True
ST009,311,6,0.0,0.0,0.0,35.6,True,True
ST009,312,6,0.0,0.0,0.0,43.8,True,True
ST009,313,6,0.0,0.0,0.0,53.8,True,False
ST009,314,6,0.0,0.0,0.0,54.3,True,False
ST009,315,6,0.0,0.0,0.0,38.4,True,True
ST009,316,6,0.0,0.0,0.0,53.0,True,False
ST009,317,6,0.0,0.0,0.0,45.8,True,True
ST009,318,6,0.0,0.0,0.0,48.5,True,True
ST009,319,6,0.0,0.0,0.0,38.5,True,True
ST009,320,6,0.0,0.0,0.0,49.5,True,True
ST009,321,6,0.0,0.0,0.0,44.7,True,True
ST009,322,6,0.0,0.0,0.0,48.0,True,True
ST009,323,6,0.0,0.0,0.0,50.9,True,False
ST009,324,6,0.0,0.0,0.0,48.8,True,True
ST009,325,6,0.0,0.0,0.0,43.6,True,True
ST009,326,6,0.0,0.0,0.0,51.7,True,False
ST009,327,6,0.0,0.0,0.0,45.8,True,True
ST009,328,6,0.0,0.0,0.0,47.3,True,True
ST009,329,6,0.0,0.0,0.0,47.5,True,True
ST009,330,6,0.0,0.0,0.0,48.9,True,True
ST009,331,6,0.0,0.0,0.0,40.1,True,True
ST009,332,6,0.0,0.0,0.0,46.9,True,True
ST009,333,6,0.0,0.0,0.0,46.5,True,True
ST009,334,6,0.0,0.0,0.0,59.4,True,False
ST009,335,6,0.0,0.0,0.0,43.5,True,True
ST009,336,6,0.0,0.0,0.0,50.0,True,False
ST009,337,6,0.0,0.0,0.0,48.8,True,True
ST009,338,6,0.0,0.0,0.0,39.1,True,True
ST009,339,6,0.0,0.0,0.0,56.0,True,False
ST009,340,6,0.0,0.0,0.0,53.1,True,False
ST009,341,6,0.0,0.0,0.0,53.4,True,False
ST009,342,6,0.0,0.0,0.0,40.0,True,True
ST009,343,6,0.0,0.0,0.0,52.6,True,False
ST009,344,6,0.0,0.0,0.0,44.4,True,True
ST009,345,6,0.0,0.0,0.0,54.5,True,False
ST009,346,6,0.0,0.0,0.0,42.0,True,True
ST009,347,6,0.0,0.0,0.0,47.0,True,True
ST009,348,6,0.0,0.0,0.0,40.8,True,True
ST009,349,6,0.0,0.0,0.0,47.6,True,True
ST009,350,6,0.0,0.0,0.0,35.3,True,True
ST009,351,6,0.0,0.0,0.0,49.1,True,True
ST009,352,6,0.0,0.0,0.0,43.5,True,True
ST009,353,6,0.0,0.0,0.0,45.6,True,True
ST009,354,6,0.0,0.0,0.0,49.1,True,True
ST009,355,6,0.0,0.0,0.0,46.0,True,True
ST009,356,6,0.0,0.0,0.0,47.0,True,True
ST009,357,6,0.0,0.0,0.0,45.7,True,True
ST009,358,6,0.0,0.0,0.0,52.0,True,False
ST009,359,6,0.0,0.0,0.0,41.1,True,True
ST009,360,6,0.0,0.0,0.0,39.3,True,True
ST009,361,6,0.0,0.0,0.0,48.3,True,True
ST009,362,6,0.0,0.0,0.0,53.6,True,False
ST009,363,6,0.0,0.0,0.0,49.3,True,True
ST009,364,6,0.0,0.0,0.0,45.1,True,True
ST009,365,6,0.0,0.0,0.0,53.1,True,False
ST009,366,6,0.0,0.0,0.0,44.8,True,True
ST009,367,6,0.0,0.0,0.0,44.6,True,True
ST009,368,6,0.0,0.0,0.0,44.6,True,True
ST009,369,6,0.0,0.0,0.0,45.7,True,True
ST009,370,6,0.0,0.0,0.0,46.4,True,True
ST009,371,6,0.0,0.0,0.0,49.3,True,True
ST009,372,6,0.0,0.0,0.0,48.9,True,True
ST009,373,6,0.0,0.0,0.0,51.0,True,False
ST009,374,6,0.0,0.0,0.0,45.2,True,True
ST009,375,6,0.0,0.0,0.0,42.9,True,True
ST009,376,6,0.0,0.0,0.0,39.3,True,True
ST009,377,6,0.0,0.0,0.0,53.7,True,False
ST009,378,6,0.0,0.0,0.0,45.1,True,True
ST009,379,6,0.0,0.0,0.0,48.9,True,True
ST009,380,6,0.0,0.0,0.0,48.9,True,True
ST009,381,6,0.0,0.0,0.0,46.4,True,True
ST009,382,6,0.0,0.0,0.0,51.9,True,False
ST009,383,6,0.0,0.0,0.0,40.8,True,True
ST009,384,6,0.0,0.0,0.0,39.2,True,True
ST009,385,6,0.0,0.0,0.0,46.1,True,True
ST009,386,6,0.0,0.0,0.0,53.4,True,False
ST009,387,6,0.0,0.0,0.0,45.4,True,True
ST009,388,6,0.0,0.0,0.0,48.3,True,True
ST009,389,6,0.0,0.0,0.0,48.8,True,True
ST009,390,6,0.0,0.0,0.0,40.7,True,True
ST009,391,6,0.0,0.0,0.0,44.0,True,True
ST009,392,6,0.0,0.0,0.0,42.4,True,True
ST009,393,6,0.0,0.0,0.0,45.5,True,True
ST009,394,6,0.0,0.0,0.0,48.0,True,True
ST009,395,6,0.0,0.0,0.0,60.4,True,False
ST009,396,6,0.0,0.0,0.0,47.0,True,True
ST009,397,6,0.0,0.0,0.0,46.3,True,True
ST009,398,6,0.0,0.0,0.0,51.9,True,False
ST009,399,6,0.0,0.0,0.0,59.5,True,False
ST009,400,6,0.0,0.0,0.0,39.6,True,True
ST009,401,6,0.0,0.0,0.0,52.7,True,False
ST009,402,6,0.0,0.0,0.0,44.0,True,True
ST009,403,6,0.0,0.0,0.0,37.9,True,True
ST009,404,6,0.0,0.0,0.0,46.5,True,True
ST009,405,6,0.0,0.0,0.0,40.8,True,True
ST009,406,6,0.0,0.0,0.0,43.1,True,True
ST009,407,6,0.0,0.0,0.0,40.3,True,True
ST009,408,6,0.0,0.0,0.0,54.5,True,False
ST009,409,6,0.0,0.0,0.0,41.8,True,True
ST009,410,6,0.0,0.0,0.0,46.7,True,True
ST009,411,6,0.0,0.0,0.0,41.5,True,True
ST009,412,6,0.0,0.0,0.0,49.6,True,True
ST009,413,6,0.0,0.0,0.0,48.1,True,True
ST009,414,6,0.0,0.0,0.0,49.5,True,True
ST009,415,6,0.0,0.0,0.0,44.7,True,True
ST009,416,6,0.0,0.0,0.0,43.3,True,True
ST009,417,6,0.0,0.0,0.0,52.2,True,False
ST009,418,6,0.0,0.0,0.0,47.1,True,True
ST009,419,6,0.0,0.0,0.0,45.9,True,True
ST009,420,6,0.0,0.0,0.0,54.7,True,False
ST009,421,6,0.0,0.0,0.0,54.0,True,False
ST009,422,6,0.0,0.0,0.0,48.9,True,True
ST009,423,6,0.0,0.0,0.0,53.0,True,False
ST009,424,6,0.0,0.0,0.0,51.8,True,False
ST009,425,6,0.0,0.0,0.0,55.1,True,False
ST009,426,6,0.0,0.0,0.0,49.9,True,True
ST009,427,6,0.0,0.0,0.0,48.3,True,True
ST009,428,6,0.0,0.0,0.0,53.1,True,False
ST009,429,6,0.0,0.0,0.0,38.9,True,True
ST009,430,6,0.0,0.0,0.0,53.5,True,False
ST009,431,6,0.0,0.0,0.0,45.9,True,True
ST009,432,6,0.0,0.0,0.0,44.8,True,True
ST009,433,6,0.0,0.0,0.0,55.4,True,False
ST009,434,6,0.0,0.0,0.0,45.3,True,True
ST009,435,6,0.0,0.0,0.0,45.5,True,True
ST009,436,6,0.0,0.0,0.0,45.7,True,True
ST009,437,6,0.0,0.0,0.0,48.3,True,True
ST009,438,6,0.0,0.0,0.0,47.9,True,True
ST009,439,6,0.0,0.0,0.0,46.5,True,True
ST009,440,6,0.0,0.0,0.0,56.6,True,False
ST009,441,6,0.0,0.0,0.0,43.8,True,True
ST009,442,6,0.0,0.0,0.0,50.6,True,False
ST009,443,6,0.0,0.0,0.0,42.3,True,True
ST009,444,6,0.0,0.0,0.0,42.9,True,True
ST009,445,6,0.0,0.0,0.0,39.8,True,True
ST009,446,6,0.0,0.0,0.0,44.1,True,True
ST009,447,6,0.0,0.0,0.0,49.4,True,True
ST009,448,6,0.0,0.0,0.0,44.0,True,True
ST009,449,6,0.0,0.0,0.0,51.8,True,False
ST009,450,6,0.0,0.0,0.0,54.2,True,False
ST009,451,6,0.0,0.0,0.0,41.8,True,True
ST009,452,6,0.0,0.0,0.0,54.3,True,False
ST009,453,6,0.0,0.0,0.0,48.7,True,True
ST009,454,6,0.0,0.0,0.0,52.4,True,False
ST009,455,6,0.0,0.0,0.0,46.9,True,True
ST009,456,6,0.0,0.0,0.0,49.5,True,True
ST009,457,6,0.0,0.0,0.0,44.7,True,True
ST009,458,6,0.0,0.0,0.0,40.2,True,True
ST009,459,6,0.0,0.0,0.0,47.0,True,True
ST009,460,6,0.0,0.0,0.0,57.8,True,False
ST009,461,6,0.0,0.0,0.0,47.2,True,True
ST009,462,6,0.0,0.0,0.0,40.9,True,True
ST009,463,6,0.0,0.0,0.0,50.0,True,False
ST009,464,6,0.0,0.0,0.0,57.0,True,False
ST009,465,6,0.0,0.0,0.0,51.7,True,False
ST009,466,6,0.0,0.0,0.0,37.4,True,True
ST009,467,6,0.0,0.0,0.0,50.2,True,False
ST009,468,6,0.0,0.0,0.0,40.6,True,True
ST009,469,6,0.0,0.0,0.0,55.0,True,False
ST009,470,6,0.0,0.0,0.0,41.7,True,True
ST009,471,6,0.0,0.0,0.0,57.0,True,False
ST009,472,6,0.0,0.0,0.0,45.5,True,True
ST009,473,6,0.0,0.0,0.0,52.4,True,False
ST009,474,6,0.0,0.0,0.0,52.6,True,False
ST009,475,6,0.0,0.0,0.0,40.2,True,True
ST009,476,6,0.0,0.0,0.0,49.5,True,True
ST009,477,6,0.0,0.0,0.0,43.3,True,True
ST009,478,6,0.0,0.0,0.0,49.1,True,True
ST009,479,6,0.0,0.0,0.0,56.4,True,False
ST009,480,6,0.0,0.0,0.0,57.6,True,False
ST009,481,6,0.0,0.0,0.0,35.6,True,True
ST009,482,6,0.0,0.0,0.0,40.2,True,True
ST009,483,6,0.0,0.0,0.0,39.2,True,True
ST009,484,6,0.0,0.0,0.0,47.7,True,True
ST009,485,6,0.0,0.0,0.0,60.1,True,False
ST009,486,6,0.0,0.0,0.0,37.2,True,True
ST009,487,6,0.0,0.0,0.0,40.6,True,True
ST009,488,6,0.0,0.0,0.0,44.2,True,True
ST009,489,6,0.0,0.0,0.0,43.5,True,True
ST009,490,6,0.0,0.0,0.0,41.1,True,True
ST009,491,6,0.0,0.0,0.0,52.9,True,False
ST009,492,6,0.0,0.0,0.0,39.1,True,True
ST009,493,6,0.0,0.0,0.0,53.4,True,False
ST009,494,6,0.0,0.0,0.0,47.5,True,True
ST009,495,6,0.0,0.0,0.0,42.5,True,True
ST009,496,6,0.0,0.0,0.0,43.4,True,True
ST009,497,6,0.0,0.0,0.0,50.2,True,False
ST009,498,6,0.0,0.0,0.0,50.5,True,False
ST009,499,6,0.0,0.0,0.0,46.8,True,True
ST009,500,6,0.0,0.0,0.0,48.1,True,True
ST009,501,6,0.0,0.0,0.0,45.6,True,True
ST009,502,6,0.0,0.0,0.0,51.5,True,False
ST009,503,6,0.0,0.0,0.0,43.9,True,True
ST009,504,6,0.0,0.0,0.0,48.4,True,True
ST009,505,6,0.0,0.0,0.0,51.5,True,False
ST009,506,6,0.0,0.0,0.0,52.0,True,False
ST009,507,6,0.0,0.0,0.0,42.6,True,True
ST009,508,6,0.0,0.0,0.0,38.2,True,True
ST009,509,6,0.0,0.0,0.0,40.0,True,True
ST009,510,6,0.0,0.0,0.0,43.7,True,True
ST009,511,6,0.0,0.0,0.0,41.2,True,True
ST009,512,6,0.0,0.0,0.0,34.4,True,True
ST009,513,6,0.0,0.0,0.0,54.3,True,False
ST009,514,6,0.0,0.0,0.0,40.0,True,True
ST009,515,6,0.0,0.0,0.0,42.3,True,True
ST009,516,6,0.0,0.0,0.0,54.4,True,False
ST009,517,6,0.0,0.0,0.0,44.8,True,True
ST009,518,6,0.0,0.0,0.0,53.9,True,False
ST009,519,6,0.0,0.0,0.0,40.7,True,True
ST009,520,6,0.0,0.0,0.0,49.2,True,True
ST009,521,6,0.0,0.0,0.0,39.0,True,True
ST009,522,6,0.0,0.0,0.0,49.8,True,True
ST009,523,6,0.0,0.0,0.0,47.0,True,True
ST009,524,6,0.0,0.0,0.0,33.8,True,True
ST009,525,6,0.0,0.0,0.0,41.3,True,True
ST009,526,6,0.0,0.0,0.0,55.8,True,False
ST009,527,6,0.0,0.0,0.0,52.2,True,False
ST009,528,6,0.0,0.0,0.0,46.9,True,True
ST009,529,6,0.0,0.0,0.0,50.6,True,False
ST009,530,6,0.0,0.0,0.0,56.8,True,False
ST009,531,6,0.0,0.0,0.0,47.7,True,True
ST009,532,6,0.0,0.0,0.0,45.5,True,True
ST009,533,6,0.0,0.0,0.0,45.2,True,True
ST009,534,6,0.0,0.0,0.0,44.5,True,True
ST009,535,6,0.0,0.0,0.0,55.8,True,False
ST009,536,6,0.0,0.0,0.0,54.3,True,False
ST009,537,6,0.0,0.0,0.0,44.4,True,True
ST009,538,6,0.0,0.0,0.0,47.3,True,True
ST009,539,6,0.0,0.0,0.0,42.4,True,True
ST009,540,6,0.0,0.0,0.0,45.4,True,True
ST009,541,6,0.0,0.0,0.0,50.9,True,False
ST009,542,6,0.0,0.0,0.0,57.7,True,False
ST009,543,6,0.0,0.0,0.0,41.3,True,True
ST009,544,6,0.0,0.0,0.0,48.6,True,True
ST009,545,6,0.0,0.0,0.0,56.0,True,False
ST009,546,6,0.0,0.0,0.0,42.9,True,True
ST009,547,6,0.0,0.0,0.0,47.7,True,True
ST009,548,6,0.0,0.0,0.0,53.8,True,False
ST009,549,6,0.0,0.0,0.0,38.5,True,True
ST009,550,6,0.0,0.0,0.0,41.8,True,True
ST009,551,6,0.0,0.0,0.0,48.7,True,True
ST009,552,6,0.0,0.0,0.0,44.7,True,True
ST009,553,6,0.0,0.0,0.0,47.2,True,True
ST009,554,6,0.0,0.0,0.0,47.4,True,True
ST009,555,6,0.0,0.0,0.0,46.2,True,True
ST009,556,6,0.0,0.0,0.0,54.5,True,False
ST009,557,6,0.0,0.0,0.0,40.9,True,True
ST009,558,6,0.0,0.0,0.0,48.8,True,True
ST009,559,6,0.0,0.0,0.0,47.2,True,True
ST009,560,6,0.0,0.0,0.0,42.5,True,True
ST009,561,6,0.0,0.0,0.0,47.1,True,True
ST009,562,6,0.0,0.0,0.0,49.9,True,True
ST009,563,6,0.0,0.0,0.0,58.1,True,False
ST009,564,6,0.0,0.0,0.0,49.4,True,True
ST009,565,6,0.0,0.0,0.0,51.9,True,False
ST009,566,6,0.0,0.0,0.0,44.4,True,True
ST009,567,6,0.0,0.0,0.0,46.5,True,True
ST009,568,6,0.0,0.0,0.0,48.9,True,True
ST009,569,6,0.0,0.0,0.0,50.5,True,False
ST009,570,6,0.0,0.0,0.0,45.2,True,True
ST009,571,6,0.0,0.0,0.0,50.9,True,False
ST009,572,6,0.0,0.0,0.0,55.2,True,False
ST009,573,6,0.0,0.0,0.0,54.3,True,False
ST009,574,6,0.0,0.0,0.0,56.2,True,False
ST009,575,6,0.0,0.0,0.0,46.0,True,True
ST009,576,6,0.0,0.0,0.0,38.5,True,True
ST009,577,6,0.0,0.0,0.0,44.6,True,True
ST009,578,6,0.0,0.0,0.0,46.4,True,True
ST009,579,6,0.0,0.0,0.0,44.3,True,True
ST009,580,6,0.0,0.0,0.0,41.6,True,True
ST009,581,6,0.0,0.0,0.0,46.1,True,True
ST009,582,6,0.0,0.0,0.0,42.3,True,True
ST009,583,6,0.0,0.0,0.0,53.4,True,False
ST009,584,6,0.0,0.0,0.0,53.3,True,False
ST009,585,6,0.0,0.0,0.0,45.8,True,True
ST009,586,6,0.0,0.0,0.0,52.9,True,False
ST009,587,6,0.0,0.0,0.0,36.0,True,True
ST009,588,6,0.0,0.0,0.0,36.6,True,True
ST009,589,6,0.0,0.0,0.0,47.1,True,True
ST009,590,6,0.0,0.0,0.0,51.4,True,False
ST009,591,6,0.0,0.0,0.0,38.8,True,True
ST009,592,6,0.0,0.0,0.0,38.0,True,True
ST009,593,6,0.0,0.0,0.0,41.1,True,True
ST009,594,6,0.0,0.0,0.0,52.6,True,False
ST009,595,6,0.0,0.0,0.0,58.5,True,False
ST009,596,6,0.0,0.0,0.0,54.0,True,False
ST009,597,6,0.0,0.0,0.0,42.2,True,True
ST009,598,6,0.0,0.0,0.0,45.8,True,True
ST009,599,6,0.0,0.0,0.0,50.4,True,False
ST009,600,6,0.0,0.0,0.0,54.0,True,False
ST009,601,6,0.0,0.0,0.0,33.9,True,True
ST009,602,6,0.0,0.0,0.0,55.4,True,False
ST009,603,6,0.0,0.0,0.0,42.0,True,True
ST009,604,6,0.0,0.0,0.0,48.3,True,True
ST009,605,6,0.0,0.0,0.0,47.6,True,True
ST009,606,6,0.0,0.0,0.0,48.0,True,True
ST009,607,6,0.0,0.0,0.0,49.0,True,True
ST009,608,6,0.0,0.0,0.0,44.7,True,True
ST009,609,6,0.0,0.0,0.0,43.1,True,True
ST009,610,6,0.0,0.0,0.0,41.1,True,True
ST009,611,6,0.0,0.0,0.0,55.7,True,False
ST009,612,6,0.0,0.0,0.0,49.1,True,True
ST009,613,6,0.0,0.0,0.0,51.3,True,False
ST009,614,6,0.0,0.0,0.0,47.7,True,True
ST009,615,6,0.0,0.0,0.0,52.3,True,False
ST009,616,6,0.0,0.0,0.0,41.0,True,True
ST009,617,6,0.0,0.0,0.0,46.1,True,True
ST009,618,6,0.0,0.0,0.0,54.9,True,False
ST009,619,6,0.0,0.0,0.0,54.7,True,False
ST009,620,6,0.0,0.0,0.0,48.4,True,True
ST009,621,6,0.0,0.0,0.0,51.2,True,False
ST009,622,6,0.0,0.0,0.0,56.8,True,False
ST009,623,6,0.0,0.0,0.0,49.3,True,True
ST009,624,6,0.0,0.0,0.0,45.6,True,True
ST009,625,6,0.0,0.0,0.0,51.6,True,False
ST009,626,6,0.0,0.0,0.0,47.6,True,True
ST009,627,6,0.0,0.0,0.0,53.2,True,False
ST009,628,6,0.0,0.0,0.0,60.0,True,False
ST009,629,6,0.0,0.0,0.0,52.6,True,False
ST009,630,6,0.0,0.0,0.0,49.5,True,True
ST009,631,6,0.0,0.0,0.0,49.5,True,True
ST009,632,6,0.0,0.0,0.0,43.9,True,True
ST009,633,6,0.0,0.0,0.0,47.8,True,True
ST009,634,6,0.0,0.0,0.0,57.3,True,False
ST009,635,6,0.0,0.0,0.0,50.2,True,False
ST009,636,6,0.0,0.0,0.0,54.6,True,False
ST009,637,6,0.0,0.0,0.0,51.7,True,False
ST009,638,6,0.0,0.0,0.0,49.5,True,True
ST009,639,6,0.0,0.0,0.0,42.1,True,True
ST009,640,6,0.0,0.0,0.0,51.9,True,False
ST009,641,6,0.0,0.0,0.0,44.4,True,True
ST009,642,6,0.0,0.0,0.0,51.5,True,False
ST009,643,6,0.0,0.0,0.0,46.5,True,True
ST009,644,6,0.0,0.0,0.0,47.9,True,True
ST009,645,6,0.0,0.0,0.0,55.3,True,False
ST009,646,6,0.0,0.0,0.0,53.2,True,False
ST009,647,6,0.0,0.0,0.0,46.9,True,True
ST009,648,6,0.0,0.0,0.0,37.5,True,True
ST009,649,6,0.0,0.0,0.0,47.3,True,True
ST009,650,6,0.0,0.0,0.0,39.2,True,True
ST009,651,6,0.0,0.0,0.0,50.1,True,False
ST009,652,6,0.0,0.0,0.0,55.5,True,False
ST009,653,6,0.0,0.0,0.0,47.6,True,True
ST009,654,6,0.0,0.0,0.0,37.6,True,True
ST009,655,6,0.0,0.0,0.0,50.5,True,False
ST009,656,6,0.0,0.0,0.0,40.1,True,True
ST009,657,6,0.0,0.0,0.0,49.9,True,True
ST009,658,6,0.0,0.0,0.0,56.1,True,False
ST009,659,6,0.0,0.0,0.0,48.0,True,True
ST009,660,6,0.0,0.0,0.0,51.2,True,False
ST009,661,6,0.0,0.0,0.0,46.9,True,True
ST009,662,6,0.0,0.0,0.0,53.2,True,False
ST009,663,6,0.0,0.0,0.0,51.4,True,False
ST009,664,6,0.0,0.0,0.0,42.8,True,True
ST009,665,6,0.0,0.0,0.0,47.2,True,True
ST009,666,6,0.0,0.0,0.0,47.8,True,True
ST009,667,6,0.0,0.0,0.0,46.3,True,True
ST009,668,6,0.0,0.0,0.0,55.9,True,False
ST009,669,6,0.0,0.0,0.0,59.5,True,False
ST009,670,6,0.0,0.0,0.0,48.5,True,True
ST009,671,6,0.0,0.0,0.0,52.8,True,False
ST009,672,6,0.0,0.0,0.0,45.8,True,True
ST009,673,6,0.0,0.0,0.0,37.6,True,True
ST009,674,6,0.0,0.0,0.0,50.2,True,False
ST009,675,6,0.0,0.0,0.0,50.8,True,False
ST009,676,6,0.0,0.0,0.0,59.1,True,False
ST009,677,6,0.0,0.0,0.0,50.4,True,False
ST009,678,6,0.0,0.0,0.0,48.1,True,True
ST009,679,6,0.0,0.0,0.0,54.7,True,False
ST009,680,6,0.0,0.0,0.0,42.7,True,True
ST009,681,6,0.0,0.0,0.0,44.9,True,True
ST009,682,6,0.0,0.0,0.0,53.3,True,False
ST009,683,6,0.0,0.0,0.0,53.9,True,False
ST009,684,6,0.0,0.0,0.0,49.6,True,True
ST009,685,6,0.0,0.0,0.0,48.6,True,True
ST009,686,6,0.0,0.0,0.0,48.0,True,True
ST009,687,6,0.0,0.0,0.0,53.6,True,False
ST009,688,6,0.0,0.0,0.0,40.6,True,True
ST009,689,6,0.0,0.0,0.0,45.4,True,True
ST009,690,6,0.0,0.0,0.0,50.6,True,False
ST009,691,6,0.0,0.0,0.0,51.1,True,False
ST009,692,6,0.0,0.0,0.0,50.7,True,False
ST009,693,6,0.0,0.0,0.0,43.4,True,True
ST009,694,6,0.0,0.0,0.0,49.2,True,True
ST009,695,6,0.0,0.0,0.0,46.8,True,True
ST009,696,6,0.0,0.0,0.0,44.1,True,True
ST009,697,6,0.0,0.0,0.0,47.4,True,True
ST009,698,6,0.0,0.0,0.0,45.9,True,True
ST009,699,6,0.0,0.0,0.0,44.3,True,True
ST009,700,6,0.0,0.0,0.0,45.0,True,True
ST009,701,6,0.0,0.0,0.0,51.6,True,False
ST009,702,6,0.0,0.0,0.0,49.7,True,True
ST009,703,6,0.0,0.0,0.0,50.1,True,False
ST009,704,6,0.0,0.0,0.0,40.6,True,True
ST009,705,6,0.0,0.0,0.0,38.7,True,True
ST009,706,6,0.0,0.0,0.0,51.3,True,False
ST009,707,6,0.0,0.0,0.0,50.2,True,False
ST009,708,6,0.0,0.0,0.0,51.2,True,False
ST009,709,6,0.0,0.0,0.0,47.9,True,True
ST009,710,6,0.0,0.0,0.0,41.8,True,True
ST009,711,6,0.0,0.0,0.0,48.3,True,True
ST009,712,6,0.0,0.0,0.0,54.8,True,False
ST009,713,6,0.0,0.0,0.0,47.9,True,True
ST009,714,6,0.0,0.0,0.0,49.8,True,True
ST009,715,6,0.0,0.0,0.0,48.7,True,True
ST009,716,6,0.0,0.0,0.0,51.3,True,False
ST009,717,6,0.0,0.0,0.0,47.4,True,True
ST009,718,6,0.0,0.0,0.0,43.0,True,True
ST009,719,6,0.0,0.0,0.0,50.7,True,False
ST009,720,6,0.0,0.0,0.0,43.2,True,True
ST009,721,6,0.0,0.0,0.0,44.6,True,True
ST009,722,6,0.0,0.0,0.0,45.1,True,True
ST009,723,6,0.0,0.0,0.0,42.5,True,True
ST009,724,6,0.0,0.0,0.0,48.5,True,True
ST009,725,6,0.0,0.0,0.0,45.2,True,True
ST009,726,6,0.0,0.0,0.0,52.5,True,False
ST009,727,6,0.0,0.0,0.0,55.2,True,False
ST009,728,6,0.0,0.0,0.0,47.2,True,True
ST009,729,6,0.0,0.0,0.0,53.2,True,False
ST009,730,6,0.0,0.0,0.0,49.9,True,True
ST009,731,6,0.0,0.0,0.0,48.5,True,True
ST009,732,6,0.0,0.0,0.0,40.1,True,True
ST009,733,6,0.0,0.0,0.0,39.9,True,True
ST009,734,6,0.0,0.0,0.0,41.9,True,True
ST009,735,6,0.0,0.0,0.0,52.4,True,False
ST009,736,6,0.0,0.0,0.0,42.6,True,True
ST009,737,6,0.0,0.0,0.0,40.9,True,True
ST009,738,6,0.0,0.0,0.0,42.4,True,True
ST009,739,6,0.0,0.0,0.0,52.9,True,False
ST009,740,6,0.0,0.0,0.0,48.6,True,True
ST009,741,6,0.0,0.0,0.0,51.9,True,False
ST009,742,6,0.0,0.0,0.0,61.3,True,False
ST009,743,6,0.0,0.0,0.0,45.3,True,True
ST009,744,6,0.0,0.0,0.0,48.6,True,True
ST009,745,6,0.0,0.0,0.0,49.3,True,True
ST009,746,6,0.0,0.0,0.0,56.6,True,False
ST009,747,6,0.0,0.0,0.0,47.8,True,True
ST009,748,6,0.0,0.0,0.0,42.3,True,True
ST009,749,6,0.0,0.0,0.0,47.3,True,True
ST009,750,6,0.0,0.0,0.0,51.1,True,False
ST009,751,6,0.0,0.0,0.0,41.7,True,True
ST009,752,6,0.0,0.0,0.0,47.7,True,True
ST009,753,6,0.0,0.0,0.0,38.4,True,True
ST009,754,6,0.0,0.0,0.0,44.6,True,True
ST009,755,6,0.0,0.0,0.0,45.4,True,True
ST009,756,6,0.0,0.0,0.0,47.9,True,True
ST009,757,6,0.0,0.0,0.0,59.6,True,False
ST009,758,6,0.0,0.0,0.0,51.4,True,False
ST009,759,6,0.0,0.0,0.0,43.8,True,True
ST009,760,6,0.0,0.0,0.0,41.6,True,True
ST009,761,6,0.0,0.0,0.0,47.5,True,True
ST009,762,6,0.0,0.0,0.0,58.5,True,False
ST009,763,6,0.0,0.0,0.0,53.1,True,False
ST009,764,6,0.0,0.0,0.0,44.0,True,True
ST009,765,6,0.0,0.0,0.0,49.5,True,True
ST009,766,6,0.0,0.0,0.0,51.8,True,False
ST009,767,6,0.0,0.0,0.0,48.1,True,True
ST009,768,6,0.0,0.0,0.0,48.3,True,True
ST009,769,6,0.0,0.0,0.0,46.9,True,True
ST009,770,6,0.0,0.0,0.0,53.6,True,False
ST009,771,6,0.0,0.0,0.0,54.0,True,False
ST009,772,6,0.0,0.0,0.0,56.2,True,False
ST009,773,6,0.0,0.0,0.0,44.6,True,True
ST009,774,6,0.0,0.0,0.0,44.5,True,True
ST009,775,6,0.0,0.0,0.0,46.0,True,True
ST009,776,6,0.0,0.0,0.0,48.6,True,True
ST009,777,6,0.0,0.0,0.0,47.5,True,True
ST009,778,6,0.0,0.0,0.0,41.5,True,True
ST009,779,6,0.0,0.0,0.0,47.7,True,True
ST009,780,6,0.0,0.0,0.0,38.1,True,True
ST009,781,6,0.0,0.0,0.0,57.6,True,False
ST009,782,6,0.0,0.0,0.0,40.5,True,True
ST009,783,6,0.0,0.0,0.0,51.2,True,False
ST009,784,6,0.0,0.0,0.0,41.7,True,True
ST009,785,6,0.0,0.0,0.0,44.1,True,True
ST009,786,6,0.0,0.0,0.0,45.6,True,True
ST009,787,6,0.0,0.0,0.0,55.1,True,False
ST009,788,6,0.0,0.0,0.0,48.7,True,True
ST009,789,6,0.0,0.0,0.0,43.0,True,True
ST009,790,6,0.0,0.0,0.0,52.3,True,False
ST009,791,6,0.0,0.0,0.0,38.4,True,True
ST009,792,6,0.0,0.0,0.0,44.4,True,True
ST009,793,6,0.0,0.0,0.0,45.1,True,True
ST009,794,6,0.0,0.0,0.0,51.3,True,False
ST009,795,6,0.0,0.0,0.0,40.0,True,True
ST009,796,6,0.0,0.0,0.0,43.2,True,True
ST009,797,6,0.0,0.0,0.0,43.2,True,True
ST009,798,6,0.0,0.0,0.0,42.6,True,True
ST009,799,6,0.0,0.0,0.0,44.5,True,True
ST009,800,6,0.0,0.0,0.0,50.6,True,False
ST009,801,6,0.0,0.0,0.0,49.4,True,True
ST009,802,6,0.0,0.0,0.0,46.6,True,True
ST009,803,6,0.0,0.0,0.0,39.0,True,True
ST009,804,6,0.0,0.0,0.0,42.0,True,True
ST009,805,6,0.0,0.0,0.0,41.3,True,True
ST009,806,6,0.0,0.0,0.0,43.9,True,True
ST009,807,6,0.0,0.0,0.0,53.0,True,False
ST009,808,6,0.0,0.0,0.0,58.4,True,False
ST009,809,6,0.0,0.0,0.0,44.6,True,True
ST009,810,6,0.0,0.0,0.0,38.6,True,True
ST009,811,6,0.0,0.0,0.0,51.2,True,False
ST009,812,6,0.0,0.0,0.0,52.3,True,False
ST009,813,6,0.0,0.0,0.0,45.2,True,True
ST009,814,6,0.0,0.0,0.0,40.4,True,True
ST009,815,6,0.0,0.0,0.0,55.9,True,False
ST009,816,6,0.0,0.0,0.0,45.9,True,True
ST009,817,6,0.0,0.0,0.0,59.4,True,False
ST009,818,6,0.0,0.0,0.0,49.6,True,True
ST009,819,6,0.0,0.0,0.0,46.1,True,True
ST009,820,6,0.0,0.0,0.0,46.5,True,True
ST009,821,6,0.0,0.0,0.0,48.5,True,True
ST009,822,6,0.0,0.0,0.0,52.3,True,False
ST009,823,6,0.0,0.0,0.0,45.7,True,True
ST009,824,6,0.0,0.0,0.0,42.3,True,True
ST009,825,6,0.0,0.0,0.0,47.9,True,True
ST009,826,6,0.0,0.0,0.0,54.4,True,False
ST009,827,6,0.0,0.0,0.0,46.3,True,True
ST009,828,6,0.0,0.0,0.0,55.8,True,False
ST009,829,6,0.0,0.0,0.0,46.2,True,True
ST009,830,6,0.0,0.0,0.0,51.8,True,False
ST009,831,6,0.0,0.0,0.0,50.4,True,False
ST009,832,6,0.0,0.0,0.0,45.4,True,True
ST009,833,6,0.0,0.0,0.0,50.3,True,False
ST009,834,6,0.0,0.0,0.0,49.3,True,True
ST009,835,6,0.0,0.0,0.0,50.9,True,False
ST009,836,6,0.0,0.0,0.0,58.5,True,False
ST009,837,6,0.0,0.0,0.0,40.5,True,True
ST009,838,6,0.0,0.0,0.0,46.8,True,True
ST009,839,6,0.0,0.0,0.0,38.3,True,True
ST009,840,6,0.0,0.0,0.0,50.1,True,False
ST009,841,6,0.0,0.0,0.0,50.1,True,False
ST009,842,6,0.0,0.0,0.0,52.4,True,False
ST009,843,6,0.0,0.0,0.0,47.4,True,True
ST009,844,6,0.0,0.0,0.0,49.3,True,True
ST009,845,6,0.0,0.0,0.0,49.5,True,True
ST009,846,6,0.0,0.0,0.0,42.8,True,True
ST009,847,6,0.0,0.0,0.0,43.7,True,True
ST009,848,6,0.0,0.0,0.0,40.0,True,True
ST009,849,6,0.0,0.0,0.0,50.1,True,False
ST009,850,6,0.0,0.0,0.0,45.8,True,True
ST009,851,6,0.0,0.0,0.0,42.1,True,True
ST009,852,6,0.0,0.0,0.0,50.8,True,False
ST009,853,6,0.0,0.0,0.0,45.9,True,True
ST009,854,6,0.0,0.0,0.0,53.7,True,False
ST009,855,6,0.0,0.0,0.0,40.1,True,True
ST009,856,6,0.0,0.0,0.0,53.9,True,False
ST009,857,6,0.0,0.0,0.0,52.7,True,False
ST009,858,6,0.0,0.0,0.0,45.7,True,True
ST009,859,6,0.0,0.0,0.0,36.1,True,True
ST009,860,6,0.0,0.0,0.0,41.9,True,True
ST009,861,6,0.0,0.0,0.0,43.6,True,True
ST009,862,6,0.0,0.0,0.0,43.9,True,True
ST009,863,6,0.0,0.0,0.0,44.9,True,True
ST009,864,6,0.0,0.0,0.0,57.1,True,False
ST009,865,6,0.0,0.0,0.0,53.4,True,False
ST009,866,6,0.0,0.0,0.0,53.3,True,False
ST009,867,6,0.0,0.0,0.0,47.0,True,True
ST009,868,6,0.0,0.0,0.0,57.9,True,False
ST009,869,6,0.0,0.0,0.0,52.4,True,False
ST009,870,6,0.0,0.0,0.0,56.6,True,False
ST009,871,6,0.0,0.0,0.0,43.4,True,True
ST009,872,6,0.0,0.0,0.0,46.2,True,True
ST009,873,6,0.0,0.0,0.0,51.4,True,False
ST009,874,6,0.0,0.0,0.0,56.1,True,False
ST009,875,6,0.0,0.0,0.0,42.3,True,True
ST009,876,6,0.0,0.0,0.0,56.9,True,False
ST009,877,6,0.0,0.0,0.0,61.9,True,False
ST009,878,6,0.0,0.0,0.0,42.8,True,True
ST009,879,6,0.0,0.0,0.0,50.5,True,False
ST009,880,6,0.0,0.0,0.0,48.6,True,True
ST009,881,6,0.0,0.0,0.0,45.7,True,True
ST009,882,6,0.0,0.0,0.0,44.8,True,True
ST009,883,6,0.0,0.0,0.0,47.8,True,True
ST009,884,6,0.0,0.0,0.0,42.1,True,True
ST009,885,6,0.0,0.0,0.0,39.4,True,True
ST009,886,6,0.0,0.0,0.0,39.4,True,True
ST009,887,6,0.0,0.0,0.0,41.7,True,True
ST009,888,6,0.0,0.0,0.0,50.0,True,False
ST009,889,6,0.0,0.0,0.0,50.7,True,False
ST009,890,6,0.0,0.0,0.0,48.9,True,True
ST009,891,6,0.0,0.0,0.0,57.8,True,False
ST009,892,6,0.0,0.0,0.0,46.8,True,True
ST009,893,6,0.0,0.0,0.0,40.4,True,True
ST009,894,6,0.0,0.0,0.0,58.1,True,False
ST009,895,6,0.0,0.0,0.0,41.3,True,True
ST009,896,6,0.0,0.0,0.0,51.4,True,False
ST009,897,6,0.0,0.0,0.0,45.1,True,True
ST009,898,6,0.0,0.0,0.0,56.9,True,False
ST009,899,6,0.0,0.0,0.0,41.1,True,True
ST009,900,6,0.0,0.0,0.0,44.2,True,True
ST009,901,6,0.0,0.0,0.0,47.2,True,True
ST009,902,6,0.0,0.0,0.0,41.3,True,True
ST009,903,6,0.0,0.0,0.0,47.3,True,True
ST009,904,6,0.0,0.0,0.0,40.9,True,True
ST009,905,6,0.0,0.0,0.0,47.6,True,True
ST009,906,6,0.0,0.0,0.0,51.1,True,False
ST009,907,6,0.0,0.0,0.0,50.6,True,False
ST009,908,6,0.0,0.0,0.0,49.7,True,True
ST009,909,6,0.0,0.0,0.0,52.5,True,False
ST009,910,6,0.0,0.0,0.0,39.8,True,True
ST009,911,6,0.0,0.0,0.0,53.7,True,False
ST009,912,6,0.0,0.0,0.0,51.6,True,False
ST009,913,6,0.0,0.0,0.0,47.8,True,True
ST009,914,6,0.0,0.0,0.0,48.3,True,True
ST009,915,6,0.0,0.0,0.0,48.6,True,True
ST009,916,6,0.0,0.0,0.0,44.6,True,True
ST009,917,6,0.0,0.0,0.0,49.9,True,True
ST009,918,6,0.0,0.0,0.0,49.9,True,True
ST009,919,6,0.0,0.0,0.0,53.9,True,False
ST009,920,6,0.0,0.0,0.0,55.6,True,False
ST009,921,6,0.0,0.0,0.0,38.2,True,True
ST009,922,6,0.0,0.0,0.0,43.9,True,True
ST009,923,6,0.0,0.0,0.0,50.8,True,False
ST009,924,6,0.0,0.0,0.0,45.6,True,True
ST009,925,6,0.0,0.0,0.0,47.5,True,True
ST009,926,6,0.0,0.0,0.0,45.1,True,True
ST009,927,6,0.0,0.0,0.0,50.9,True,False
ST009,928,6,0.0,0.0,0.0,46.0,True,True
ST009,929,6,0.0,0.0,0.0,44.0,True,True
ST009,930,6,0.0,0.0,0.0,41.5,True,True
ST009,931,6,0.0,0.0,0.0,40.3,True,True
ST009,932,6,0.0,0.0,0.0,39.5,True,True
ST009,933,6,0.0,0.0,0.0,48.9,True,True
ST009,934,6,0.0,0.0,0.0,47.3,True,True
ST009,935,6,0.0,0.0,0.0,50.0,True,False
ST009,936,6,0.0,0.0,0.0,38.3,True,True
ST009,937,6,0.0,0.0,0.0,46.5,True,True
ST009,938,6,0.0,0.0,0.0,52.6,True,False
ST009,939,6,0.0,0.0,0.0,49.4,True,True
ST009,940,6,0.0,0.0,0.0,50.8,True,False
ST009,941,6,0.0,0.0,0.0,44.3,True,True
ST009,942,6,0.0,0.0,0.0,48.5,True,True
ST009,943,6,0.0,0.0,0.0,49.7,True,True
ST009,944,6,0.0,0.0,0.0,44.7,True,True
ST009,945,6,0.0,0.0,0.0,45.8,True,True
ST009,946,6,0.0,0.0,0.0,42.6,True,True
ST009,947,6,0.0,0.0,0.0,52.7,True,False
ST009,948,6,0.0,0.0,0.0,43.6,True,True
ST009,949,6,0.0,0.0,0.0,52.6,True,False
ST009,950,6,0.0,0.0,0.0,49.0,True,True
ST009,951,6,0.0,0.0,0.0,40.2,True,True
ST009,952,6,0.0,0.0,0.0,42.2,True,True
ST009,953,6,0.0,0.0,0.0,52.1,True,False
ST009,954,6,0.0,0.0,0.0,49.2,True,True
ST009,955,6,0.0,0.0,0.0,37.6,True,True
ST009,956,6,0.0,0.0,0.0,48.1,True,True
ST009,957,6,0.0,0.0,0.0,46.9,True,True
ST009,958,6,0.0,0.0,0.0,45.8,True,True
ST009,959,6,0.0,0.0,0.0,46.0,True,True
ST009,960,6,0.0,0.0,0.0,41.1,True,True
ST009,961,6,0.0,0.0,0.0,54.8,True,False
ST009,962,6,0.0,0.0,0.0,48.5,True,True
ST009,963,6,0.0,0.0,0.0,54.2,True,False
ST009,964,6,0.0,0.0,0.0,44.5,True,True
ST009,965,6,0.0,0.0,0.0,43.5,True,True
ST009,966,6,0.0,0.0,0.0,42.4,True,True
ST009,967,6,0.0,0.0,0.0,44.4,True,True
ST009,968,6,0.0,0.0,0.0,54.8,True,False
ST009,969,6,0.0,0.0,0.0,44.8,True,True
ST009,970,6,0.0,0.0,0.0,43.2,True,True
ST009,971,6,0.0,0.0,0.0,54.2,True,False
ST009,972,6,0.0,0.0,0.0,47.8,True,True
ST009,973,6,0.0,0.0,0.0,52.6,True,False
ST009,974,6,0.0,0.0,0.0,58.4,True,False
ST009,975,6,0.0,0.0,0.0,44.3,True,True
ST009,976,6,0.0,0.0,0.0,45.8,True,True
ST009,977,6,0.0,0.0,0.0,47.2,True,True
ST009,978,6,0.0,0.0,0.0,59.8,True,False
ST009,979,6,0.0,0.0,0.0,40.8,True,True
ST009,980,6,0.0,0.0,0.0,50.5,True,False
ST009,981,6,0.0,0.0,0.0,49.3,True,True
ST009,982,6,0.0,0.0,0.0,49.7,True,True
ST009,983,6,0.0,0.0,0.0,51.4,True,False
ST009,984,6,0.0,0.0,0.0,54.6,True,False
ST009,985,6,0.0,0.0,0.0,49.2,True,True
ST009,986,6,0.0,0.0,0.0,50.2,True,False
ST009,987,6,0.0,0.0,0.0,57.1,True,False
ST009,988,6,0.0,0.0,0.0,56.8,True,False
ST009,989,6,0.0,0.0,0.0,49.4,True,True
ST009,990,6,0.0,0.0,0.0,45.1,True,True
ST009,991,6,0.0,0.0,0.0,50.4,True,False
ST009,992,6,0.0,0.0,0.0,45.5,True,True
ST009,993,6,0.0,0.0,0.0,51.5,True,False
ST009,994,6,0.0,0.0,0.0,41.0,True,True
ST009,995,6,0.0,0.0,0.0,48.5,True,True
ST009,996,6,0.0,0.0,0.0,55.3,True,False
ST009,997,6,0.0,0.0,0.0,52.5,True,False
ST009,998,6,0.0,0.0,0.0,46.6,True,True
ST009,999,6,0.0,0.0,0.0,46.8,True,True
ST009,1000,6,0.0,0.0,0.0,49.2,True,True
ST010,1,6,4716230.47,59.52,48.26,55.5,False,False
ST010,2,6,4533117.29,32.01,32.01,57.8,False,False
ST010,3,6,4408081.95,26.66,26.66,58.4,False,False
ST010,4,6,4722569.48,53.2,48.26,60.4,False,False
ST010,5,6,4637809.57,42.76,42.76,60.2,False,False
ST010,6,6,4527444.19,32.22,32.22,63.7,False,False
ST010,7,6,4741207.84,49.64,48.26,59.2,False,False
ST010,8,6,4500124.71,29.92,29.92,66.0,False,False
ST010,9,6,4581423.33,33.89,33.89,68.8,False,False
ST010,10,6,4640753.79,46.13,45.45,61.5,False,False
ST010,11,6,4621914.15,42.07,37.89,57.6,False,False
ST010,12,6,4488802.27,37.14,33.32,58.6,False,False
ST010,13,6,4551971.23,36.14,36.14,61.7,False,False
ST010,14,6,4514593.37,33.26,33.26,55.1,False,False
ST010,15,6,4485856.69,31.89,31.89,59.3,False,False
ST010,16,6,4484473.97,31.94,31.94,62.3,False,False
ST010,17,6,4726256.78,49.08,48.26,51.8,False,False
ST010,18,6,4706429.64,52.06,48.26,59.6,False,False
ST010,19,6,4482794.8,28.08,28.08,59.5,False,False
ST010,20,6,4467167.87,29.15,29.15,69.1,False,False
ST010,21,6,4551308.64,41.54,37.39,56.3,False,False
ST010,22,6,4458475.82,34.48,33.34,61.7,False,False
ST010,23,6,4529635.12,34.91,33.88,65.4,False,False
ST010,24,6,4458203.21,29.15,29.15,49.9,False,True
ST010,25,6,4555090.36,37.01,36.51,61.5,False,False
ST010,26,6,4653760.9,45.94,45.94,58.6,False,False
ST010,27,6,4594605.58,37.07,36.12,51.8,False,False
ST010,28,6,4399250.55,26.19,26.19,61.6,False,False
ST010,29,6,4211855.04,18.92,18.92,57.7,False,False
ST010,30,6,4573723.33,33.41,33.41,62.8,False,False
ST010,31,6,4548387.84,35.35,35.35,56.5,False,False
ST010,32,6,4427022.1,24.62,24.62,61.5,False,False
ST010,33,6,4598371.92,40.28,40.28,65.3,False,False
ST010,34,6,4550715.21,36.81,36.81,62.7,False,False
ST010,35,6,4638528.5,42.79,42.79,69.2,False,False
ST010,36,6,4592989.38,41.36,40.24,54.5,False,False
ST010,37,6,4596796.59,44.42,40.87,62.1,False,False
ST010,38,6,4510595.62,34.44,34.44,49.7,False,True
ST010,39,6,4624625.75,43.51,43.51,56.2,False,False
ST010,40,6,4577244.29,37.33,37.33,58.3,False,False
ST010,41,6,4392707.85,24.18,24.18,63.4,False,False
ST010,42,6,4656756.0,47.28,45.45,53.0,False,False
ST010,43,6,4547903.11,30.51,30.51,59.1,False,False
ST010,44,6,4374586.66,24.22,24.22,52.4,False,False
ST010,45,6,4591914.57,37.3,37.3,55.4,False,False
ST010,46,6,4365995.57,24.99,24.99,63.8,False,False
ST010,47,6,4612978.16,40.95,40.95,55.4,False,False
ST010,48,6,4433778.8,26.4,26.4,68.8,False,False
ST010,49,6,4749485.42,55.85,48.26,64.5,False,False
ST010,50,6,4561355.49,31.48,31.48,49.8,False,True
ST010,51,6,4662870.88,48.94,45.82,60.5,False,False
ST010,52,6,4414047.41,29.98,29.02,58.0,False,False
ST010,53,6,4537739.91,35.04,35.04,63.0,False,False
ST010,54,6,4528458.59,39.09,34.03,56.6,False,False
ST010,55,6,4522928.53,35.33,35.33,58.4,False,False
ST010,56,6,4650568.44,46.7,44.9,55.3,False,False
ST010,57,6,4559988.66,33.24,33.24,56.6,False,False
ST010,58,6,4596231.34,38.54,36.09,65.7,False,False
ST010,59,6,4481424.44,29.32,29.32,62.2,False,False
ST010,60,6,4559251.37,38.15,38.15,56.6,False,False
ST010,61,6,4502904.85,30.0,30.0,57.8,False,False
ST010,62,6,4487095.24,29.94,29.94,54.9,False,False
ST010,63,6,4601500.76,41.89,38.72,63.2,False,False
ST010,64,6,4553921.22,39.04,36.17,70.1,False,False
ST010,65,6,4555901.73,35.69,35.69,68.8,False,False
ST010,66,6,4702797.89,53.63,48.26,55.6,False,False
ST010,67,6,4564143.18,35.9,35.9,49.6,False,True
ST010,68,6,4584381.38,37.09,37.09,55.5,False,False
ST010,69,6,4537298.17,35.61,34.66,56.2,False,False
ST010,70,6,4499606.99,30.99,30.99,56.8,False,False
ST010,71,6,4543430.39,34.1,34.1,66.0,False,False
ST010,72,6,4514666.23,30.87,30.87,60.0,False,False
ST010,73,6,4534932.24,39.72,35.43,64.2,False,False
ST010,74,6,4443438.73,33.28,29.52,56.3,False,False
ST010,75,6,4430169.29,30.41,29.06,59.9,False,False
ST010,76,6,4586326.56,38.48,38.48,54.0,False,False
ST010,77,6,4524231.11,30.44,30.44,62.7,False,False
ST010,78,6,4664740.93,50.81,45.86,65.9,False,False
ST010,79,6,4623450.92,46.79,43.9,63.5,False,False
ST010,80,6,4493250.47,31.76,31.76,58.2,False,False
ST010,81,6,4577455.6,38.18,38.18,59.1,False,False
ST010,82,6,4626975.5,42.04,41.91,66.6,False,False
ST010,83,6,4694644.48,52.93,43.91,60.4,False,False
ST010,84,6,4490505.03,30.66,30.66,62.6,False,False
ST010,85,6,4456399.45,29.62,29.62,57.0,False,False
ST010,86,6,4720739.2,52.89,48.26,53.7,False,False
ST010,87,6,4572722.48,33.38,33.38,64.4,False,False
ST010,88,6,4601818.16,45.31,40.0,54.7,False,False
ST010,89,6,4399790.89,25.5,25.5,65.0,False,False
ST010,90,6,4658235.0,46.48,44.69,60.9,False,False
ST010,91,6,4437140.15,28.52,28.52,59.2,False,False
ST010,92,6,4591844.87,40.07,38.83,59.1,False,False
ST010,93,6,4520679.02,33.22,33.22,51.3,False,False
ST010,94,6,4457631.96,28.79,28.79,54.7,False,False
ST010,95,6,4519481.41,33.23,32.57,59.0,False,False
ST010,96,6,4507378.43,29.98,29.98,53.2,False,False
ST010,97,6,4698924.9,50.43,47.62,61.3,False,False
ST010,98,6,4655248.57,43.53,43.53,54.3,False,False
ST010,99,6,4770921.27,66.59,48.26,61.3,False,False
ST010,100,6,4612001.45,38.59,38.59,59.3,False,False
ST010,101,6,4387168.55,23.0,23.0,56.1,False,False
ST010,102,6,4615660.55,49.14,42.59,63.4,False,False
ST010,103,6,4477396.63,34.33,32.37,56.4,False,False
ST010,104,6,4565448.99,40.77,39.33,58.0,False,False
ST010,105,6,4591486.27,36.45,36.45,57.5,False,False
ST010,106,6,4722234.0,59.16,48.26,54.4,False,False
ST010,107,6,4613735.82,40.35,40.35,62.3,False,False
ST010,108,6,4406400.25,28.37,28.37,62.7,False,False
ST010,109,6,4473225.02,32.49,32.49,52.7,False,False
ST010,110,6,4480290.03,36.82,32.49,59.5,False,False
ST010,111,6,4611867.18,41.43,41.43,60.3,False,False
ST010,112,6,4412778.43,27.15,27.15,50.9,False,False
ST010,113,6,4600800.75,38.62,38.62,51.8,False,False
ST010,114,6,4643468.61,44.67,44.67,57.3,False,False
ST010,115,6,4660686.6,44.36,44.36,61.9,False,False
ST010,116,6,4515869.02,32.58,32.58,67.2,False,False
ST010,117,6,4653089.71,44.8,44.15,61.4,False,False
ST010,118,6,4590628.13,40.02,40.02,59.3,False,False
ST010,119,6,4580226.1,31.94,31.94,60.5,False,False
ST010,120,6,4399251.05,25.67,25.67,56.5,False,False
ST010,121,6,4464505.86,30.74,30.74,59.5,False,False
ST010,122,6,4556820.46,41.33,39.58,57.4,False,False
ST010,123,6,4581685.32,39.67,39.67,55.6,False,False
ST010,124,6,4370755.03,24.87,24.87,65.5,False,False
ST010,125,6,4681384.61,48.36,45.85,67.9,False,False
ST010,126,6,4575435.51,41.98,38.7,58.0,False,False
ST010,127,6,4476063.29,34.02,31.9,59.0,False,False
ST010,128,6,4694600.21,48.86,47.06,60.1,False,False
ST010,129,6,4508680.0,31.82,31.82,55.7,False,False
ST010,130,6,4499180.92,31.63,31.63,61.5,False,False
ST010,131,6,4640105.45,41.38,41.35,52.0,False,False
ST010,132,6,4582379.61,38.13,38.13,49.3,False,True
ST010,133,6,4499301.73,32.12,32.12,65.7,False,False
ST010,134,6,4551406.44,37.25,36.59,56.0,False,False
ST010,135,6,4454110.75,32.82,31.19,54.2,False,False
ST010,136,6,4612081.14,45.31,39.68,60.2,False,False
ST010,137,6,4497552.24,32.99,32.99,62.6,False,False
ST010,138,6,4594973.57,42.84,39.48,57.8,False,False
ST010,139,6,4554567.16,35.66,35.66,53.7,False,False
ST010,140,6,4567760.74,42.42,39.76,59.8,False,False
ST010,141,6,4600543.83,38.62,38.62,57.0,False,False
ST010,142,6,4590903.37,38.7,34.93,60.0,False,False
ST010,143,6,4600228.45,42.78,42.48,61.5,False,False
ST010,144,6,4457114.19,27.32,27.32,57.4,False,False
ST010,145,6,4634461.42,43.13,42.01,56.3,False,False
ST010,146,6,4461461.89,27.61,27.61,52.0,False,False
ST010,147,6,4537051.85,38.24,36.77,57.9,False,False
ST010,148,6,4595326.99,42.17,40.76,57.2,False,False
ST010,149,6,4623474.8,36.83,36.83,65.7,False,False
ST010,150,6,4506025.0,34.25,31.42,56.2,False,False
ST010,151,6,4555392.75,34.92,34.92,58.8,False,False
ST010,152,6,4445670.25,30.52,28.68,57.3,False,False
ST010,153,6,4556586.26,44.29,38.31,60.3,False,False
ST010,154,6,4606011.2,34.84,34.84,52.7,False,False
ST010,155,6,4590165.16,35.13,35.13,56.8,False,False
ST010,156,6,4440509.72,29.46,29.46,56.8,False,False
ST010,157,6,4644234.92,41.42,41.42,62.8,False,False
ST010,158,6,4707302.81,50.02,48.26,56.0,False,False
ST010,159,6,4556407.8,37.67,36.05,53.9,False,False
ST010,160,6,4587531.65,35.93,35.93,63.8,False,False
ST010,161,6,4675789.53,51.64,46.97,66.7,False,False
ST010,162,6,4748795.87,61.64,48.26,54.4,False,False
ST010,163,6,4540616.49,30.87,30.87,50.0,False,False
ST010,164,6,4573269.81,36.77,36.77,60.3,False,False
ST010,165,6,4493708.63,30.27,30.27,68.8,False,False
ST010,166,6,4543010.86,34.92,32.79,60.4,False,False
ST010,167,6,4411039.65,24.79,24.79,53.1,False,False
ST010,168,6,4579256.83,32.29,32.29,51.7,False,False
ST010,169,6,4503365.74,30.35,30.35,65.7,False,False
ST010,170,6,4731404.03,60.14,47.25,50.9,False,False
ST010,171,6,4420593.87,29.61,28.31,58.6,False,False
ST010,172,6,4700286.24,47.65,44.86,62.4,False,False
ST010,173,6,4577352.17,32.33,32.33,58.1,False,False
ST010,174,6,4478121.77,33.43,31.16,56.2,False,False
ST010,175,6,4596203.93,43.75,41.0,48.7,False,True
ST010,176,6,4513502.86,32.63,32.63,50.4,False,False
ST010,177,6,4489899.64,33.05,32.85,57.9,False,False
ST010,178,6,4603929.33,39.01,39.01,63.2,False,False
ST010,179,6,4538215.62,34.43,34.43,57.7,False,False
ST010,180,6,4613777.62,42.55,42.55,62.4,False,False
ST010,181,6,4585133.0,39.25,38.62,69.9,False,False
ST010,182,6,4618099.27,40.64,40.64,63.4,False,False
ST010,183,6,4441670.94,30.29,28.89,50.4,False,False
ST010,184,6,4646595.83,46.68,44.23,58.6,False,False
ST010,185,6,4572273.85,35.72,35.72,56.1,False,False
ST010,186,6,4625932.26,40.99,40.99,59.6,False,False
ST010,187,6,4587376.2,37.59,37.38,55.5,False,False
ST010,188,6,4507414.5,35.01,32.38,54.0,False,False
ST010,189,6,4575423.94,38.08,38.08,57.3,False,False
ST010,190,6,4426707.3,26.81,26.81,52.9,False,False
ST010,191,6,4542109.39,42.01,35.29,48.7,False,True
ST010,192,6,4525881.46,33.36,33.36,57.6,False,False
ST010,193,6,4464943.08,28.08,28.08,63.4,False,False
ST010,194,6,4469284.33,28.73,28.73,58.8,False,False
ST010,195,6,4535176.26,32.67,32.67,70.4,False,False
ST010,196,6,4507386.8,31.35,31.35,62.4,False,False
ST010,197,6,4613533.09,39.12,39.12,65.2,False,False
ST010,198,6,4604866.18,41.91,41.35,67.6,False,False
ST010,199,6,4582721.97,38.61,38.61,62.7,False,False
ST010,200,6,4522017.06,33.51,33.51,53.9,False,False
ST010,201,6,4620183.52,42.77,42.77,62.8,False,False
ST010,202,6,4723115.6,53.62,48.26,63.2,False,False
ST010,203,6,4570740.82,41.47,38.59,51.3,False,False
ST010,204,6,4564658.35,38.34,37.79,57.9,False,False
ST010,205,6,4571254.88,42.57,39.4,57.3,False,False
ST010,206,6,4579157.61,41.04,38.38,49.4,False,True
ST010,207,6,4508188.93,31.38,30.86,58.7,False,False
ST010,208,6,4632413.89,45.08,42.58,61.2,False,False
ST010,209,6,4389063.18,26.36,26.36,66.4,False,False
ST010,210,6,4505509.07,31.49,31.49,54.2,False,False
ST010,211,6,4575280.48,36.94,36.94,48.2,False,True
ST010,212,6,4408558.03,28.28,28.28,52.4,False,False
ST010,213,6,4576420.26,35.79,35.79,56.2,False,False
ST010,214,6,4607100.31,39.72,39.72,62.2,False,False
ST010,215,6,4431722.22,29.02,28.91,59.1,False,False
ST010,216,6,4530362.9,34.92,34.92,66.3,False,False
ST010,217,6,4740655.1,57.32,48.26,57.0,False,False
ST010,218,6,4702484.26,46.9,46.9,54.8,False,False
ST010,219,6,4455768.59,28.93,28.93,59.2,False,False
ST010,220,6,4511444.28,37.45,33.8,61.4,False,False
ST010,221,6,4462559.71,29.47,29.47,60.9,False,False
ST010,222,6,4556694.69,31.67,31.67,56.4,False,False
ST010,223,6,4581154.18,39.96,39.96,54.6,False,False
ST010,224,6,4696508.92,49.47,48.26,54.4,False,False
ST010,225,6,4762820.85,59.45,48.26,53.3,False,False
ST010,226,6,4551118.29,36.69,36.69,59.9,False,False
ST010,227,6,4445933.19,29.45,29.45,64.7,False,False
ST010,228,6,4561226.88,37.1,37.1,56.9,False,False
ST010,229,6,4502948.57,30.29,30.29,58.0,False,False
ST010,230,6,4587798.74,39.05,39.05,60.6,False,False
ST010,231,6,4665176.49,54.59,42.68,58.0,False,False
ST010,232,6,4453865.22,31.64,28.69,55.9,False,False
ST010,233,6,4461816.14,29.15,29.15,50.7,False,False
ST010,234,6,4740550.29,68.97,48.26,59.3,False,False
ST010,235,6,4648827.6,43.14,43.14,56.5,False,False
ST010,236,6,4663814.82,44.67,44.67,59.6,False,False
ST010,237,6,4615491.43,46.9,39.96,62.8,False,False
ST010,238,6,4676338.88,42.98,42.98,58.5,False,False
ST010,239,6,4622478.84,41.93,38.3,59.2,False,False
ST010,240,6,4543065.28,35.26,35.26,65.3,False,False
ST010,241,6,4677082.83,49.19,47.26,52.1,False,False
ST010,242,6,4364860.91,22.19,22.19,63.4,False,False
ST010,243,6,4521868.68,29.54,29.54,60.1,False,False
ST010,244,6,4536109.75,31.96,31.96,55.2,False,False
ST010,245,6,4530794.58,33.64,33.64,59.0,False,False
ST010,246,6,4490549.75,28.75,28.75,65.6,False,False
ST010,247,6,4417594.15,27.43,27.43,58.5,False,False
ST010,248,6,4367030.75,23.71,23.71,62.7,False,False
ST010,249,6,4521717.84,37.11,37.11,68.9,False,False
ST010,250,6,4573793.12,41.33,37.21,58.1,False,False
ST010,251,6,4661060.08,41.93,41.93,63.7,False,False
ST010,252,6,4615217.16,41.42,41.26,53.4,False,False
ST010,253,6,4588827.87,39.94,38.32,62.6,False,False
ST010,254,6,4608470.0,36.25,36.25,60.5,False,False
ST010,255,6,4531252.95,34.48,34.48,61.4,False,False
ST010,256,6,4561163.05,33.8,33.8,58.6,False,False
ST010,257,6,4591470.52,43.59,40.88,55.1,False,False
ST010,258,6,4617184.72,45.71,43.74,57.9,False,False
ST010,259,6,4547318.0,32.78,32.78,67.7,False,False
ST010,260,6,4501026.65,32.96,32.96,63.7,False,False
ST010,261,6,4632767.24,44.23,44.23,59.8,False,False
ST010,262,6,4318687.68,23.89,23.65,59.0,False,False
ST010,263,6,4718731.8,47.85,47.85,59.9,False,False
ST010,264,6,4472632.9,30.62,30.62,55.6,False,False
ST010,265,6,4539866.37,36.43,35.1,59.3,False,False
ST010,266,6,4550500.32,34.57,32.98,61.5,False,False
ST010,267,6,4652935.26,41.44,41.44,63.0,False,False
ST010,268,6,4434138.69,27.33,27.33,58.4,False,False
ST010,269,6,4403937.36,24.9,24.9,67.8,False,False
ST010,270,6,4568131.89,32.14,32.14,69.6,False,False
ST010,271,6,4595574.29,40.77,40.77,52.6,False,False
ST010,272,6,4559679.38,31.18,31.18,64.7,False,False
ST010,273,6,4611428.57,41.7,39.99,50.9,False,False
ST010,274,6,4495532.77,33.27,32.36,57.2,False,False
ST010,275,6,4631436.03,40.21,40.21,65.2,False,False
ST010,276,6,4423036.86,26.47,26.47,64.6,False,False
ST010,277,6,4718174.12,48.22,48.22,64.2,False,False
ST010,278,6,4459416.87,33.15,30.03,62.5,False,False
ST010,279,6,4525615.49,31.6,31.6,59.2,False,False
ST010,280,6,4657572.11,49.36,44.43,55.4,False,False
ST010,281,6,4731667.68,56.41,48.26,56.7,False,False
ST010,282,6,4620912.4,44.47,40.99,57.6,False,False
ST010,283,6,4545943.06,35.42,35.42,57.0,False,False
ST010,284,6,4666634.36,45.72,45.72,67.2,False,False
ST010,285,6,4680745.39,42.32,42.32,63.6,False,False
ST010,286,6,4527375.85,35.45,35.45,58.0,False,False
ST010,287,6,4493689.59,29.25,29.25,57.7,False,False
ST010,288,6,4679844.01,45.97,45.97,57.0,False,False
ST010,289,6,4612079.06,47.8,39.61,59.9,False,False
ST010,290,6,4630692.46,37.04,37.04,57.3,False,False
ST010,291,6,4692740.52,43.85,43.85,60.1,False,False
ST010,292,6,4509181.91,29.17,29.17,49.2,False,True
ST010,293,6,4593271.0,37.66,37.66,64.3,False,False
ST010,294,6,4499550.71,35.72,35.71,57.4,False,False
ST010,295,6,4688972.73,47.59,47.59,58.4,False,False
ST010,296,6,4554947.15,36.79,36.79,65.5,False,False
ST010,297,6,4620512.97,41.42,41.42,55.5,False,False
ST010,298,6,4688833.71,54.03,45.14,65.4,False,False
ST010,299,6,4513228.92,34.25,34.25,59.2,False,False
ST010,300,6,4611555.85,41.0,37.99,57.3,False,False
ST010,301,6,4596560.92,36.53,36.53,62.8,False,False
ST010,302,6,4596672.56,35.88,35.88,60.5,False,False
ST010,303,6,4586414.86,38.47,38.47,49.2,False,True
ST010,304,6,4552449.85,35.44,35.44,63.4,False,False
ST010,305,6,4596880.16,41.18,40.19,60.2,False,False
ST010,306,6,4564384.17,39.39,35.47,56.5,False,False
ST010,307,6,4518747.37,30.27,30.27,62.8,False,False
ST010,308,6,4573108.61,40.29,37.91,62.7,False,False
ST010,309,6,4543182.51,34.27,34.27,54.7,False,False
ST010,310,6,4539786.75,32.59,32.59,57.2,False,False
ST010,311,6,4519700.27,31.29,31.29,64.7,False,False
ST010,312,6,4635216.89,45.01,43.81,63.2,False,False
ST010,313,6,4580490.69,39.08,39.08,47.8,False,True
ST010,314,6,4558577.94,35.56,35.56,58.4,False,False
ST010,315,6,4578468.08,35.12,35.12,54.9,False,False
ST010,316,6,4597305.85,40.77,38.94,61.3,False,False
ST010,317,6,4549374.03,40.62,37.37,61.7,False,False
ST010,318,6,4575520.13,37.13,37.13,55.7,False,False
ST010,319,6,4475019.76,28.25,28.25,59.2,False,False
ST010,320,6,4648939.3,45.07,44.92,57.7,False,False
ST010,321,6,4619202.41,41.72,41.72,56.2,False,False
ST010,322,6,4477657.37,31.64,31.64,63.4,False,False
ST010,323,6,4555320.06,43.39,38.41,62.1,False,False
ST010,324,6,4676255.71,46.93,45.93,55.5,False,False
ST010,325,6,4699166.43,50.93,47.73,60.3,False,False
ST010,326,6,4457333.66,25.46,25.46,65.3,False,False
ST010,327,6,4635466.75,33.58,33.58,65.2,False,False
ST010,328,6,4590733.53,36.7,36.7,56.6,False,False
ST010,329,6,4626716.28,40.68,40.68,63.6,False,False
ST010,330,6,4594823.48,34.97,34.97,61.5,False,False
ST010,331,6,4627706.83,45.83,42.75,58.5,False,False
ST010,332,6,4453573.48,28.54,28.54,56.1,False,False
ST010,333,6,4566439.92,34.45,34.45,53.0,False,False
ST010,334,6,4518280.06,40.45,36.5,61.2,False,False
ST010,335,6,4718448.35,51.95,48.26,57.4,False,False
ST010,336,6,4620058.1,37.09,37.09,64.2,False,False
ST010,337,6,4414603.49,27.12,27.12,57.7,False,False
ST010,338,6,4551438.41,37.56,34.83,53.3,False,False
ST010,339,6,4502901.83,33.27,33.27,54.8,False,False
ST010,340,6,4799383.6,69.55,48.26,55.4,False,False
ST010,341,6,4512273.22,32.0,30.5,61.8,False,False
ST010,342,6,4450446.99,24.01,24.01,50.5,False,False
ST010,343,6,4668740.26,48.89,43.88,56.2,False,False
ST010,344,6,4622161.45,34.75,34.75,47.0,False,True
ST010,345,6,4550414.98,31.68,31.68,56.5,False,False
ST010,346,6,4607426.57,39.34,39.34,65.2,False,False
ST010,347,6,4667012.0,48.2,44.37,65.1,False,False
ST010,348,6,4534108.79,30.83,30.83,54.3,False,False
ST010,349,6,4679519.13,52.62,46.28,60.4,False,False
ST010,350,6,4551110.21,34.19,34.19,61.2,False,False
ST010,351,6,4553210.6,36.83,36.45,56.7,False,False
ST010,352,6,4549261.01,36.9,36.9,57.0,False,False
ST010,353,6,4580180.2,37.36,37.36,64.0,False,False
ST010,354,6,4410624.74,28.08,28.08,63.8,False,False
ST010,355,6,4584814.97,44.04,40.62,54.3,False,False
ST010,356,6,4570355.11,38.48,38.48,59.8,False,False
ST010,357,6,4585265.09,44.04,37.77,61.4,False,False
ST010,358,6,4753910.8,62.22,48.26,64.1,False,False
ST010,359,6,4670942.02,49.2,45.93,71.0,False,False
ST010,360,6,4559300.75,33.08,33.08,57.8,False,False
ST010,361,6,4513557.93,34.4,34.4,62.5,False,False
ST010,362,6,4551142.94,37.17,37.17,58.9,False,False
ST010,363,6,4405452.13,25.19,25.19,57.2,False,False
ST010,364,6,4507942.1,34.38,31.1,61.7,False,False
ST010,365,6,4571301.54,37.61,37.61,59.5,False,False
ST010,366,6,4604610.35,44.09,40.75,57.5,False,False
ST010,367,6,4645938.77,45.48,41.97,56.4,False,False
ST010,368,6,4616374.94,47.45,42.37,52.2,False,False
ST010,369,6,4533454.42,32.48,32.48,57.9,False,False
ST010,370,6,4633437.46,38.85,38.85,56.7,False,False
ST010,371,6,4537037.16,33.37,33.37,46.6,False,True
ST010,372,6,4616852.23,36.52,36.52,60.0,False,False
ST010,373,6,4613348.83,39.08,39.08,60.1,False,False
ST010,374,6,4507168.09,29.43,29.43,57.9,False,False
ST010,375,6,4452061.61,31.09,31.03,63.4,False,False
ST010,376,6,4558478.15,39.29,38.99,64.1,False,False
ST010,377,6,4568749.83,34.72,34.72,49.0,False,True
ST010,378,6,4543203.8,31.13,31.13,54.6,False,False
ST010,379,6,4572918.69,36.02,36.02,55.3,False,False
ST010,380,6,4601467.13,39.4,39.4,64.3,False,False
ST010,381,6,4636001.17,43.31,43.31,57.0,False,False
ST010,382,6,4426714.59,32.47,29.44,51.4,False,False
ST010,383,6,4640920.36,43.18,41.0,55.0,False,False
ST010,384,6,4474053.65,29.19,29.19,60.3,False,False
ST010,385,6,4599647.58,37.43,37.43,57.8,False,False
ST010,386,6,4574333.38,36.42,36.42,64.3,False,False
ST010,387,6,4621591.87,45.41,43.63,53.4,False,False
ST010,388,6,4467735.47,31.01,31.01,59.5,False,False
ST010,389,6,4637703.01,43.22,43.13,52.7,False,False
ST010,390,6,4558498.81,39.84,36.71,66.9,False,False
ST010,391,6,4484039.7,29.91,29.91,57.9,False,False
ST010,392,6,4484747.1,31.98,31.98,58.3,False,False
ST010,393,6,4748546.92,60.24,48.26,69.4,False,False
ST010,394,6,4567136.84,36.15,36.15,61.1,False,False
ST010,395,6,4480200.06,33.01,32.31,62.5,False,False
ST010,396,6,4638106.51,44.93,41.94,61.2,False,False
ST010,397,6,4623940.53,35.27,35.27,54.0,False,False
ST010,398,6,4675902.23,47.19,46.01,59.0,False,False
ST010,399,6,4649550.93,50.13,44.92,58.4,False,False
ST010,400,6,4515739.47,33.85,33.46,61.6,False,False
ST010,401,6,4526975.28,34.26,34.26,63.4,False,False
ST010,402,6,4699241.32,46.09,46.09,65.0,False,False
ST010,403,6,4604326.12,43.58,39.08,56.3,False,False
ST010,404,6,4596952.93,45.09,40.92,56.3,False,False
ST010,405,6,4619514.33,41.96,41.96,55.3,False,False
ST010,406,6,4537713.83,35.23,35.23,67.7,False,False
ST010,407,6,4474253.78,27.98,27.98,61.8,False,False
ST010,408,6,4531626.77,40.0,36.03,53.1,False,False
ST010,409,6,4574047.0,38.44,38.44,53.9,False,False
ST010,410,6,4574700.2,39.74,38.05,66.8,False,False
ST010,411,6,4558537.43,34.7,34.7,61.2,False,False
ST010,412,6,4600639.22,43.08,40.47,64.3,False,False
ST010,413,6,4441333.58,29.56,29.56,57.9,False,False
ST010,414,6,4659676.44,41.47,41.47,63.5,False,False
ST010,415,6,4636754.23,49.33,42.44,53.2,False,False
ST010,416,6,4586486.97,44.86,40.8,50.7,False,False
ST010,417,6,4434116.45,28.26,27.59,51.0,False,False
ST010,418,6,4497094.79,33.67,33.67,61.7,False,False
ST010,419,6,4535011.36,30.74,30.74,61.5,False,False
ST010,420,6,4440146.79,27.99,27.99,58.7,False,False
ST010,421,6,4425723.57,26.81,26.81,58.0,False,False
ST010,422,6,4669113.42,48.72,44.32,56.0,False,False
ST010,423,6,4555002.82,39.56,35.97,62.9,False,False
ST010,424,6,4564932.93,36.57,36.57,51.7,False,False
ST010,425,6,4613364.28,37.34,37.34,56.8,False,False
ST010,426,6,4548903.92,31.36,31.36,50.1,False,False
ST010,427,6,4713758.92,58.21,44.79,60.7,False,False
ST010,428,6,4613125.78,42.58,40.04,61.1,False,False
ST010,429,6,4556009.77,32.74,32.74,53.7,False,False
ST010,430,6,4749040.03,58.26,48.26,61.2,False,False
ST010,431,6,4636804.74,39.36,39.36,61.8,False,False
ST010,432,6,4592230.09,39.43,38.48,56.8,False,False
ST010,433,6,4506683.57,31.67,31.67,53.8,False,False
ST010,434,6,4463149.45,30.6,30.6,53.6,False,False
ST010,435,6,4409514.51,27.32,26.53,62.1,False,False
ST010,436,6,4484390.66,36.89,33.32,52.9,False,False
ST010,437,6,4682004.64,45.2,45.2,62.3,False,False
ST010,438,6,4635213.17,37.38,37.38,59.8,False,False
ST010,439,6,4499215.11,30.73,30.73,61.5,False,False
ST010,440,6,4641490.62,40.72,40.72,55.2,False,False
ST010,441,6,4548277.97,35.71,35.71,56.9,False,False
ST010,442,6,4460657.04,30.08,30.08,57.9,False,False
ST010,443,6,4631454.86,43.28,42.13,56.8,False,False
ST010,444,6,4616916.61,39.96,39.96,62.1,False,False
ST010,445,6,4520368.65,35.84,35.14,58.1,False,False
ST010,446,6,4616614.12,43.86,40.97,52.8,False,False
ST010,447,6,4638047.27,41.52,41.52,59.4,False,False
ST010,448,6,4553788.9,35.45,35.45,59.4,False,False
ST010,449,6,4466206.2,30.04,30.04,61.8,False,False
ST010,450,6,4452611.94,27.16,27.16,48.0,False,True
ST010,451,6,4430320.26,28.79,28.79,66.1,False,False
ST010,452,6,4686407.23,53.34,46.8,64.2,False,False
ST010,453,6,4626388.77,42.08,42.08,55.0,False,False
ST010,454,6,4574203.46,36.66,36.66,59.0,False,False
ST010,455,6,4649505.64,42.9,42.59,66.3,False,False
ST010,456,6,4686663.66,58.79,44.17,66.9,False,False
ST010,457,6,4652520.81,50.33,44.1,58.0,False,False
ST010,458,6,4607580.84,40.05,40.05,60.0,False,False
ST010,459,6,4696533.77,48.59,48.26,62.2,False,False
ST010,460,6,4528984.75,32.21,32.21,52.1,False,False
ST010,461,6,4504419.95,34.84,34.84,57.7,False,False
ST010,462,6,4391742.07,28.47,28.47,64.0,False,False
ST010,463,6,4526506.27,31.48,31.48,64.7,False,False
ST010,464,6,4665297.77,46.49,45.16,51.7,False,False
ST010,465,6,4592057.24,38.64,38.64,63.2,False,False
ST010,466,6,4650472.83,45.55,45.55,66.6,False,False
ST010,467,6,4548857.86,37.16,34.86,61.3,False,False
ST010,468,6,4458365.04,30.31,30.31,59.0,False,False
ST010,469,6,4457946.47,30.95,30.95,56.0,False,False
ST010,470,6,4613008.41,38.84,38.84,60.7,False,False
ST010,471,6,4513746.53,33.02,33.02,61.0,False,False
ST010,472,6,4612325.19,40.63,40.63,56.8,False,False
ST010,473,6,4654199.56,41.59,41.59,53.0,False,False
ST010,474,6,4538685.17,37.15,35.77,68.7,False,False
ST010,475,6,4587204.38,41.67,39.95,62.0,False,False
ST010,476,6,4538281.3,35.39,35.39,61.8,False,False
ST010,477,6,4602055.6,43.02,40.42,54.5,False,False
ST010,478,6,4569165.28,38.98,38.98,58.6,False,False
ST010,479,6,4645385.63,47.81,42.56,66.7,False,False
ST010,480,6,4618258.52,43.43,41.76,54.5,False,False
ST010,481,6,4671186.52,42.57,42.57,61.4,False,False
ST010,482,6,4469539.16,33.14,32.29,60.8,False,False
ST010,483,6,4578247.29,37.18,37.18,55.0,False,False
ST010,484,6,4509116.09,39.87,33.84,53.8,False,False
ST010,485,6,4393539.14,27.12,27.12,51.4,False,False
ST010,486,6,4510690.97,33.83,33.37,63.7,False,False
ST010,487,6,4586921.76,45.55,40.44,60.4,False,False
ST010,488,6,4566826.41,42.52,36.46,56.3,False,False
ST010,489,6,4519153.74,36.38,34.71,55.1,False,False
ST010,490,6,4636575.75,40.57,40.57,54.7,False,False
ST010,491,6,4646661.31,41.63,41.63,65.4,False,False
ST010,492,6,4565051.24,35.57,35.57,64.9,False,False
ST010,493,6,4501349.61,30.21,30.21,58.7,False,False
ST010,494,6,4553925.14,38.36,36.18,60.4,False,False
ST010,495,6,4580153.5,43.43,37.35,49.1,False,True
ST010,496,6,4631841.53,45.16,41.41,56.7,False,False
ST010,497,6,4557117.93,37.72,36.2,66.7,False,False
ST010,498,6,4408926.62,27.57,27.57,60.3,False,False
ST010,499,6,4595933.84,43.61,42.0,62.6,False,False
ST010,500,6,4549102.51,35.77,35.77,58.0,False,False
ST010,501,6,4561758.8,33.99,33.99,55.9,False,False
ST010,502,6,4701931.83,59.93,44.27,58.6,False,False
ST010,503,6,4534030.04,34.29,34.29,57.0,False,False
ST010,504,6,4548396.83,38.03,35.91,73.5,False,False
ST010,505,6,4665599.01,56.09,41.89,57.7,False,False
ST010,506,6,4526301.02,37.61,33.96,53.4,False,False
ST010,507,6,4491653.03,37.94,33.68,60.1,False,False
ST010,508,6,4468592.23,32.41,31.76,65.4,False,False
ST010,509,6,4609716.58,36.1,36.1,51.9,False,False
ST010,510,6,4669965.25,49.2,46.57,62.4,False,False
ST010,511,6,4594705.94,37.7,37.7,56.4,False,False
ST010,512,6,4624092.3,45.01,43.45,62.6,False,False
ST010,513,6,4546038.7,36.29,36.22,56.9,False,False
ST010,514,6,4621405.49,41.07,41.07,63.2,False,False
ST010,515,6,4521293.87,39.35,35.47,57.9,False,False
ST010,516,6,4431750.11,31.34,28.43,59.2,False,False
ST010,517,6,4490802.17,35.5,33.37,56.5,False,False
ST010,518,6,4449712.94,27.43,27.43,59.4,False,False
ST010,519,6,4681593.16,52.62,47.71,53.3,False,False
ST010,520,6,4587155.18,41.33,39.68,62.5,False,False
ST010,521,6,4632602.0,43.54,43.54,52.1,False,False
ST010,522,6,4594549.87,35.34,35.34,58.2,False,False
ST010,523,6,4550624.7,33.63,32.59,60.2,False,False
ST010,524,6,4606008.96,44.07,42.61,55.3,False,False
ST010,525,6,4503175.32,36.45,32.89,60.6,False,False
ST010,526,6,4499884.37,30.14,30.14,59.0,False,False
ST010,527,6,4374592.92,23.46,23.46,52.0,False,False
ST010,528,6,4545573.96,38.59,37.3,59.5,False,False
ST010,529,6,4388567.47,24.7,24.7,56.2,False,False
ST010,530,6,4614483.84,42.09,41.26,51.3,False,False
ST010,531,6,4599327.27,40.08,40.08,51.9,False,False
ST010,532,6,4490235.29,31.7,31.7,56.7,False,False
ST010,533,6,4569222.81,34.96,34.96,58.7,False,False
ST010,534,6,4611322.27,37.0,36.24,52.4,False,False
ST010,535,6,4649796.63,52.68,44.34,63.8,False,False
ST010,536,6,4415808.63,28.86,28.86,53.5,False,False
ST010,537,6,4687666.83,46.78,45.6,53.7,False,False
ST010,538,6,4548451.29,41.62,35.53,56.8,False,False
ST010,539,6,4667555.43,55.46,44.54,53.9,False,False
ST010,540,6,4639862.18,46.0,40.61,57.9,False,False
ST010,541,6,4597194.47,41.58,38.81,60.6,False,False
ST010,542,6,4614143.34,38.68,38.68,57.1,False,False
ST010,543,6,4466790.02,30.49,30.49,54.3,False,False
ST010,544,6,4466650.98,32.42,31.29,54.9,False,False
ST010,545,6,4622330.16,44.86,42.12,53.5,False,False
ST010,546,6,4476940.01,26.02,26.02,56.0,False,False
ST010,547,6,4632500.82,42.31,42.31,51.9,False,False
ST010,548,6,4660782.52,47.52,45.42,64.3,False,False
ST010,549,6,4551484.74,38.66,34.85,53.1,False,False
ST010,550,6,4654883.23,42.03,42.03,64.5,False,False
ST010,551,6,4586908.7,38.57,38.57,63.0,False,False
ST010,552,6,4538341.13,35.33,34.09,57.9,False,False
ST010,553,6,4502312.2,33.36,33.36,49.0,False,True
ST010,554,6,4571651.33,42.65,38.92,57.3,False,False
ST010,555,6,4487427.65,28.69,28.69,57.1,False,False
ST010,556,6,4578262.02,33.99,33.99,60.1,False,False
ST010,557,6,4676431.77,47.69,46.45,65.0,False,False
ST010,558,6,4515826.7,37.51,35.27,53.5,False,False
ST010,559,6,4642134.8,37.56,37.56,63.8,False,False
ST010,560,6,4605714.78,36.44,36.44,61.1,False,False
ST010,561,6,4606617.22,44.53,40.71,58.6,False,False
ST010,562,6,4508804.09,30.26,30.26,48.7,False,True
ST010,563,6,4458000.38,33.42,30.89,59.9,False,False
ST010,564,6,4544511.05,32.22,32.22,62.8,False,False
ST010,565,6,4611424.47,44.22,42.73,64.7,False,False
ST010,566,6,4573008.41,39.27,35.41,59.9,False,False
ST010,567,6,4634150.32,41.03,41.03,59.1,False,False
ST010,568,6,4625022.05,38.1,38.1,60.4,False,False
ST010,569,6,4655484.12,50.61,41.25,55.2,False,False
ST010,570,6,4610132.51,38.89,38.89,59.0,False,False
ST010,571,6,4522849.18,33.48,33.48,60.1,False,False
ST010,572,6,4618836.09,43.23,43.23,53.0,False,False
ST010,573,6,4563344.7,37.01,37.01,57.5,False,False
ST010,574,6,4604222.57,36.8,36.8,65.5,False,False
ST010,575,6,4693162.84,43.84,43.84,55.8,False,False
ST010,576,6,4597845.22,40.86,40.86,52.9,False,False
ST010,577,6,4610264.42,40.93,40.93,60.7,False,False
ST010,578,6,4558237.36,34.23,34.23,51.3,False,False
ST010,579,6,4540279.89,35.18,35.18,57.7,False,False
ST010,580,6,4647773.92,43.15,43.15,60.5,False,False
ST010,581,6,4429126.66,30.39,30.39,57.3,False,False
ST010,582,6,4494510.68,34.41,34.41,67.0,False,False
ST010,583,6,4425791.33,30.52,29.99,53.9,False,False
ST010,584,6,4527260.59,32.6,32.6,54.0,False,False
ST010,585,6,4512720.21,31.16,31.16,63.2,False,False
ST010,586,6,4532086.33,41.34,36.99,59.2,False,False
ST010,587,6,4517054.07,32.66,32.66,60.4,False,False
ST010,588,6,4500507.96,39.4,34.5,60.8,False,False
ST010,589,6,4618954.52,42.02,42.02,67.8,False,False
ST010,590,6,4667279.89,49.86,44.72,66.9,False,False
ST010,591,6,4425722.87,28.01,28.01,64.8,False,False
ST010,592,6,4556050.02,38.72,36.73,57.3,False,False
ST010,593,6,4502341.36,30.0,30.0,60.3,False,False
ST010,594,6,4516290.13,31.21,31.21,60.1,False,False
ST010,595,6,4515237.09,35.32,35.02,56.9,False,False
ST010,596,6,4530556.7,37.94,35.81,57.1,False,False
ST010,597,6,4463475.22,31.9,31.9,45.2,False,True
ST010,598,6,4423473.97,25.31,25.31,53.7,False,False
ST010,599,6,4629540.97,43.52,42.41,53.7,False,False
ST010,600,6,4410400.94,26.49,26.49,64.6,False,False
ST010,601,6,4335659.29,28.55,25.1,51.0,False,False
ST010,602,6,4624804.06,39.76,39.76,58.5,False,False
ST010,603,6,4684322.61,45.9,45.9,59.4,False,False
ST010,604,6,4618519.56,46.55,41.81,49.4,False,True
ST010,605,6,4579606.04,39.06,38.82,57.6,False,False
ST010,606,6,4642654.62,48.03,43.07,63.4,False,False
ST010,607,6,4640803.12,41.75,41.75,58.9,False,False
ST010,608,6,4550026.58,37.94,35.43,61.1,False,False
ST010,609,6,4519209.44,36.31,35.52,58.5,False,False
ST010,610,6,4459021.66,28.67,28.67,56.8,False,False
ST010,611,6,4591053.5,34.53,34.53,58.1,False,False
ST010,612,6,4460228.22,30.39,30.39,48.3,False,True
ST010,613,6,4561569.79,33.16,33.16,60.0,False,False
ST010,614,6,4449110.45,25.85,25.85,58.5,False,False
ST010,615,6,4666876.74,46.09,44.76,58.5,False,False
ST010,616,6,4657037.13,47.68,44.96,63.5,False,False
ST010,617,6,4523495.75,33.9,33.9,57.2,False,False
ST010,618,6,4611539.58,40.61,36.57,52.9,False,False
ST010,619,6,4472162.7,32.39,31.65,54.2,False,False
ST010,620,6,4787439.49,72.19,48.26,62.5,False,False
ST010,621,6,4433265.87,28.87,28.87,62.6,False,False
ST010,622,6,4497429.91,33.89,33.12,53.4,False,False
ST010,623,6,4651054.48,49.76,44.4,53.8,False,False
ST010,624,6,4629754.7,47.71,42.79,56.4,False,False
ST010,625,6,4527553.19,35.72,35.72,53.7,False,False
ST010,626,6,4465657.72,28.86,28.86,57.3,False,False
ST010,627,6,4426681.94,31.61,28.93,58.4,False,False
ST010,628,6,4630130.23,42.55,42.21,53.7,False,False
ST010,629,6,4675070.68,52.52,45.74,58.0,False,False
ST010,630,6,4404023.76,26.64,26.64,51.6,False,False
ST010,631,6,4677399.11,48.15,45.86,59.3,False,False
ST010,632,6,4442855.82,27.14,27.14,54.3,False,False
ST010,633,6,4696226.61,42.38,42.38,60.7,False,False
ST010,634,6,4508294.85,30.58,30.58,69.0,False,False
ST010,635,6,4555331.78,34.82,34.82,57.5,False,False
ST010,636,6,4531648.17,35.65,35.65,63.5,False,False
ST010,637,6,4471802.19,32.61,31.52,59.9,False,False
ST010,638,6,4547491.13,32.68,32.68,60.2,False,False
ST010,639,6,4594452.2,39.95,39.95,60.8,False,False
ST010,640,6,4520073.84,32.83,32.83,64.7,False,False
ST010,641,6,4598718.76,46.04,40.96,54.5,False,False
ST010,642,6,4522309.57,36.18,36.18,59.6,False,False
ST010,643,6,4376217.03,25.8,25.8,59.8,False,False
ST010,644,6,4416735.21,29.49,29.49,59.5,False,False
ST010,645,6,4462707.74,31.71,31.71,50.8,False,False
ST010,646,6,4698559.32,49.73,44.57,61.8,False,False
ST010,647,6,4544184.01,37.93,37.93,53.4,False,False
ST010,648,6,4663573.5,48.51,46.49,68.5,False,False
ST010,649,6,4642249.39,46.54,41.76,69.8,False,False
ST010,650,6,4547476.11,40.56,36.54,57.8,False,False
ST010,651,6,4537414.93,34.55,34.55,55.8,False,False
ST010,652,6,4523925.58,31.99,31.99,67.0,False,False
ST010,653,6,4563858.69,34.14,34.14,61.1,False,False
ST010,654,6,4627849.26,36.5,36.5,56.7,False,False
ST010,655,6,4587252.34,39.01,39.01,59.5,False,False
ST010,656,6,4558461.64,33.81,33.81,56.8,False,False
ST010,657,6,4557289.95,36.24,36.24,59.5,False,False
ST010,658,6,4493106.53,34.45,34.45,49.1,False,True
ST010,659,6,4515480.25,38.37,35.56,62.3,False,False
ST010,660,6,4607694.33,33.29,33.29,67.5,False,False
ST010,661,6,4624293.49,43.64,41.07,59.0,False,False
ST010,662,6,4613831.19,40.93,40.93,55.4,False,False
ST010,663,6,4611327.21,41.5,41.5,52.5,False,False
ST010,664,6,4686773.11,52.52,48.26,54.8,False,False
ST010,665,6,4617867.32,40.13,40.13,57.2,False,False
ST010,666,6,4661122.14,45.88,45.45,59.3,False,False
ST010,667,6,4642124.8,42.15,42.15,66.1,False,False
ST010,668,6,4459752.26,26.67,26.67,53.8,False,False
ST010,669,6,4571360.13,39.89,39.0,59.5,False,False
ST010,670,6,4714316.87,58.03,47.34,49.9,False,True
ST010,671,6,4677149.51,45.76,45.67,55.7,False,False
ST010,672,6,4615049.84,45.87,41.74,54.8,False,False
ST010,673,6,4595741.06,43.01,41.37,56.7,False,False
ST010,674,6,4585417.44,34.82,34.82,66.8,False,False
ST010,675,6,4462162.77,30.21,30.21,57.9,False,False
ST010,676,6,4563675.04,36.04,36.04,59.5,False,False
ST010,677,6,4477989.1,33.44,33.44,56.1,False,False
ST010,678,6,4456891.97,26.87,26.87,57.0,False,False
ST010,679,6,4467755.24,32.48,32.48,50.1,False,False
ST010,680,6,4662031.78,44.54,44.54,55.3,False,False
ST010,681,6,4449590.99,29.56,29.56,62.3,False,False
ST010,682,6,4416365.95,26.86,26.86,69.1,False,False
ST010,683,6,4540703.16,38.08,36.17,57.2,False,False
ST010,684,6,4610269.14,42.03,40.06,55.1,False,False
ST010,685,6,4637897.52,43.82,42.09,61.3,False,False
ST010,686,6,4629225.54,42.84,42.84,53.6,False,False
ST010,687,6,4502802.18,27.78,27.78,60.9,False,False
ST010,688,6,4408146.28,28.07,28.07,59.0,False,False
ST010,689,6,4627570.11,39.12,39.12,69.6,False,False
ST010,690,6,4670669.74,42.03,42.03,63.7,False,False
ST010,691,6,4612853.3,42.37,40.4,57.9,False,False
ST010,692,6,4454781.87,32.77,30.71,58.1,False,False
ST010,693,6,4640855.33,40.11,40.11,58.4,False,False
ST010,694,6,4598229.12,41.93,39.99,66.5,False,False
ST010,695,6,4595253.26,40.38,40.13,51.9,False,False
ST010,696,6,4713161.99,50.35,46.29,52.5,False,False
ST010,697,6,4524522.73,33.05,33.05,56.4,False,False
ST010,698,6,4674485.85,44.01,44.01,58.8,False,False
ST010,699,6,4750420.0,54.73,48.26,52.4,False,False
ST010,700,6,4677145.09,46.1,46.1,59.9,False,False
ST010,701,6,4666770.98,44.74,44.74,62.2,False,False
ST010,702,6,4590000.2,36.44,36.44,54.2,False,False
ST010,703,6,4585034.09,38.81,38.81,56.8,False,False
ST010,704,6,4629715.12,45.93,44.62,59.4,False,False
ST010,705,6,4557282.26,35.73,35.73,51.1,False,False
ST010,706,6,4599549.69,41.47,40.9,58.7,False,False
ST010,707,6,4370313.17,25.92,25.92,55.4,False,False
ST010,708,6,4610378.51,39.25,39.25,54.8,False,False
ST010,709,6,4648322.31,45.61,43.28,60.3,False,False
ST010,710,6,4644070.82,50.57,42.59,53.5,False,False
ST010,711,6,4560848.31,40.26,38.83,59.1,False,False
ST010,712,6,4606678.41,40.17,39.52,58.9,False,False
ST010,713,6,4457939.61,36.07,32.59,58.3,False,False
ST010,714,6,4387213.95,23.59,23.59,66.9,False,False
ST010,715,6,4590386.95,36.84,36.84,59.9,False,False
ST010,716,6,4467217.57,28.44,28.44,62.2,False,False
ST010,717,6,4446569.54,24.68,24.68,59.0,False,False
ST010,718,6,4455835.35,29.38,29.38,63.2,False,False
ST010,719,6,4608139.54,40.42,40.42,64.4,False,False
ST010,720,6,4612281.86,39.91,39.91,62.0,False,False
ST010,721,6,4564059.94,36.4,36.16,57.5,False,False
ST010,722,6,4444921.45,32.43,31.25,51.9,False,False
ST010,723,6,4581184.48,36.58,36.58,51.9,False,False
ST010,724,6,4603290.87,42.09,40.3,70.9,False,False
ST010,725,6,4457428.55,31.43,31.43,59.4,False,False
ST010,726,6,4504690.38,28.38,28.38,59.3,False,False
ST010,727,6,4459211.54,31.25,31.25,59.2,False,False
ST010,728,6,4553680.18,36.02,36.02,60.2,False,False
ST010,729,6,4657286.48,43.6,43.6,59.3,False,False
ST010,730,6,4503129.18,33.14,32.48,54.1,False,False
ST010,731,6,4601388.82,37.23,37.23,59.0,False,False
ST010,732,6,4690778.62,48.89,47.73,68.1,False,False
ST010,733,6,4585255.46,40.58,38.48,56.9,False,False
ST010,734,6,4520660.82,30.41,30.41,54.9,False,False
ST010,735,6,4491795.2,31.94,31.94,64.3,False,False
ST010,736,6,4574097.31,38.03,37.36,60.2,False,False
ST010,737,6,4535514.01,35.88,35.37,59.0,False,False
ST010,738,6,4546118.95,38.09,35.06,62.0,False,False
ST010,739,6,4597135.91,44.45,40.77,64.7,False,False
ST010,740,6,4584073.66,38.65,38.65,62.3,False,False
ST010,741,6,4542217.84,37.2,34.53,63.2,False,False
ST010,742,6,4445802.67,28.48,28.48,58.6,False,False
ST010,743,6,4485203.16,35.34,31.21,54.3,False,False
ST010,744,6,4556497.19,41.79,39.24,59.2,False,False
ST010,745,6,4469934.46,33.98,32.46,71.4,False,False
ST010,746,6,4448179.52,28.41,28.41,59.2,False,False
ST010,747,6,4576783.25,35.66,35.66,60.3,False,False
ST010,748,6,4538250.38,32.76,32.76,56.5,False,False
ST010,749,6,4688213.14,55.51,46.48,65.4,False,False
ST010,750,6,4581407.19,37.49,37.49,60.8,False,False
ST010,751,6,4644218.33,40.4,40.4,56.9,False,False
ST010,752,6,4557162.7,36.95,36.95,61.5,False,False
ST010,753,6,4614802.21,44.81,43.38,58.3,False,False
ST010,754,6,4592024.85,41.07,38.65,61.6,False,False
ST010,755,6,4481991.35,32.78,32.71,63.7,False,False
ST010,756,6,4622238.39,45.52,41.02,51.3,False,False
ST010,757,6,4517803.2,32.71,32.71,60.4,False,False
ST010,758,6,4570678.14,40.19,39.92,56.1,False,False
ST010,759,6,4394141.19,26.76,26.76,58.8,False,False
ST010,760,6,4633181.03,46.33,43.8,57.2,False,False
ST010,761,6,4618913.06,41.17,40.43,55.7,False,False
ST010,762,6,4420416.83,30.4,29.91,64.9,False,False
ST010,763,6,4548603.91,36.52,36.12,66.1,False,False
ST010,764,6,4633994.88,39.67,39.67,60.4,False,False
ST010,765,6,4587328.45,40.25,39.1,56.7,False,False
ST010,766,6,4656812.68,45.02,45.02,61.7,False,False
ST010,767,6,4592259.03,43.21,39.54,61.7,False,False
ST010,768,6,4448553.65,26.86,26.86,54.5,False,False
ST010,769,6,4686140.75,50.5,48.24,52.2,False,False
ST010,770,6,4654670.22,41.38,41.38,62.6,False,False
ST010,771,6,4623985.44,45.4,43.0,65.3,False,False
ST010,772,6,4524516.61,36.6,34.69,61.3,False,False
ST010,773,6,4606559.55,40.04,40.04,58.3,False,False
ST010,774,6,4641630.27,40.43,40.43,59.2,False,False
ST010,775,6,4503399.98,31.59,31.59,59.0,False,False
ST010,776,6,4610812.93,40.55,40.55,59.9,False,False
ST010,777,6,4493661.06,27.74,27.74,60.1,False,False
ST010,778,6,4535403.08,38.68,36.91,61.1,False,False
ST010,779,6,4613447.45,41.86,40.32,58.4,False,False
ST010,780,6,4652091.97,39.15,39.15,57.9,False,False
ST010,781,6,4462417.57,29.93,29.93,57.7,False,False
ST010,782,6,4359701.22,24.03,24.03,60.7,False,False
ST010,783,6,4671909.88,39.63,39.63,56.7,False,False
ST010,784,6,4523007.87,34.05,34.05,54.6,False,False
ST010,785,6,4558447.13,44.53,38.71,59.0,False,False
ST010,786,6,4613532.3,35.52,35.52,66.2,False,False
ST010,787,6,4498458.19,33.26,32.88,52.9,False,False
ST010,788,6,4505865.15,32.94,32.94,53.8,False,False
ST010,789,6,4629214.38,44.51,43.15,54.6,False,False
ST010,790,6,4595293.01,38.17,38.17,60.3,False,False
ST010,791,6,4639570.18,40.4,40.4,58.3,False,False
ST010,792,6,4395359.15,26.56,26.56,54.6,False,False
ST010,793,6,4571239.37,39.64,36.43,55.1,False,False
ST010,794,6,4535844.58,34.21,34.21,60.4,False,False
ST010,795,6,4435635.27,29.8,29.8,60.7,False,False
ST010,796,6,4499751.99,34.76,34.07,48.1,False,True
ST010,797,6,4502128.65,34.53,34.28,55.8,False,False
ST010,798,6,4439516.49,28.79,28.79,61.1,False,False
ST010,799,6,4540119.51,31.69,31.69,56.1,False,False
ST010,800,6,4667171.51,48.57,46.65,63.2,False,False
ST010,801,6,4732414.53,57.99,48.26,67.5,False,False
ST010,802,6,4555391.95,41.85,36.99,55.7,False,False
ST010,803,6,4663161.13,48.28,45.73,56.1,False,False
ST010,804,6,4563505.89,40.36,36.37,57.1,False,False
ST010,805,6,4452479.53,25.15,25.15,50.9,False,False
ST010,806,6,4498649.55,33.26,33.26,64.3,False,False
ST010,807,6,4713943.06,55.38,48.26,61.3,False,False
ST010,808,6,4582026.67,41.15,36.83,57.6,False,False
ST010,809,6,4644104.01,41.95,41.95,56.7,False,False
ST010,810,6,4483803.95,29.16,29.16,55.4,False,False
ST010,811,6,4541912.27,33.15,33.15,58.4,False,False
ST010,812,6,4538323.1,34.27,34.27,53.6,False,False
ST010,813,6,4439599.38,26.08,26.08,57.2,False,False
ST010,814,6,4595242.51,41.42,41.23,60.3,False,False
ST010,815,6,4557114.12,36.88,36.88,53.3,False,False
ST010,816,6,4675156.93,50.67,46.62,55.4,False,False
ST010,817,6,4696636.54,52.18,48.26,63.4,False,False
ST010,818,6,4664255.18,47.31,45.45,60.6,False,False
ST010,819,6,4603053.83,44.41,39.21,53.6,False,False
ST010,820,6,4448522.13,32.06,30.56,65.3,False,False
ST010,821,6,4571301.2,37.08,37.04,60.9,False,False
ST010,822,6,4640459.54,46.63,42.78,67.8,False,False
ST010,823,6,4752062.68,51.83,48.26,55.1,False,False
ST010,824,6,4634659.98,43.37,43.37,53.9,False,False
ST010,825,6,4512813.91,34.71,34.71,66.6,False,False
ST010,826,6,4565222.85,40.58,39.89,59.7,False,False
ST010,827,6,4531084.15,34.36,34.36,61.1,False,False
ST010,828,6,4578226.79,35.99,35.99,56.4,False,False
ST010,829,6,4574373.96,38.88,38.3,59.1,False,False
ST010,830,6,4507638.85,30.62,30.62,64.5,False,False
ST010,831,6,4431013.27,30.71,30.71,62.7,False,False
ST010,832,6,4595769.53,44.63,40.93,60.0,False,False
ST010,833,6,4613023.63,38.29,38.29,56.9,False,False
ST010,834,6,4529552.99,35.4,35.29,63.9,False,False
ST010,835,6,4641597.66,41.62,41.62,58.7,False,False
ST010,836,6,4542143.77,33.25,33.25,55.9,False,False
ST010,837,6,4523493.69,30.22,30.22,61.0,False,False
ST010,838,6,4635495.04,45.27,43.63,62.0,False,False
ST010,839,6,4546526.11,39.43,36.83,55.9,False,False
ST010,840,6,4631387.22,44.02,43.83,60.0,False,False
ST010,841,6,4656479.88,52.64,41.31,62.9,False,False
ST010,842,6,4560539.02,35.74,35.74,57.1,False,False
ST010,843,6,4592789.77,37.18,37.18,68.7,False,False
ST010,844,6,4553255.37,39.13,37.39,55.1,False,False
ST010,845,6,4650459.81,44.76,43.82,54.2,False,False
ST010,846,6,4590497.8,38.51,38.51,51.9,False,False
ST010,847,6,4380245.31,27.21,26.93,62.6,False,False
ST010,848,6,4501272.81,30.39,30.39,55.3,False,False
ST010,849,6,4618762.41,45.06,41.6,57.1,False,False
ST010,850,6,4595786.87,41.62,41.27,52.7,False,False
ST010,851,6,4636948.34,45.39,42.86,55.8,False,False
ST010,852,6,4603126.79,42.07,39.96,53.2,False,False
ST010,853,6,4577257.06,42.36,39.76,53.7,False,False
ST010,854,6,4415446.46,28.23,27.7,56.5,False,False
ST010,855,6,4625087.81,44.09,43.9,53.5,False,False
ST010,856,6,4514038.52,39.69,34.61,65.1,False,False
ST010,857,6,4356314.12,25.11,25.11,59.0,False,False
ST010,858,6,4544976.34,33.28,33.28,55.9,False,False
ST010,859,6,4612872.74,40.97,40.97,63.6,False,False
ST010,860,6,4537644.74,36.93,36.35,57.7,False,False
ST010,861,6,4438804.17,29.01,29.01,63.4,False,False
ST010,862,6,4538604.19,36.24,34.95,55.6,False,False
ST010,863,6,4476506.33,28.92,28.92,65.3,False,False
ST010,864,6,4579408.63,34.62,34.62,53.2,False,False
ST010,865,6,4612984.61,41.7,41.7,68.3,False,False
ST010,866,6,4634423.48,38.88,38.88,65.3,False,False
ST010,867,6,4522445.15,32.18,32.18,61.9,False,False
ST010,868,6,4574259.39,46.17,37.56,60.5,False,False
ST010,869,6,4523013.34,33.71,33.71,64.7,False,False
ST010,870,6,4695065.89,46.56,46.56,59.3,False,False
ST010,871,6,4587135.21,44.17,39.72,50.8,False,False
ST010,872,6,4635464.75,39.94,39.94,49.5,False,True
ST010,873,6,4603400.58,42.23,41.74,64.8,False,False
ST010,874,6,4642056.15,42.89,42.89,64.6,False,False
ST010,875,6,4652138.11,47.85,44.25,66.3,False,False
ST010,876,6,4612733.59,41.1,41.1,58.4,False,False
ST010,877,6,4607491.05,35.78,35.78,58.4,False,False
ST010,878,6,4471595.52,34.54,31.22,54.5,False,False
ST010,879,6,4680559.54,42.52,42.52,48.7,False,True
ST010,880,6,4475483.61,33.86,33.86,54.2,False,False
ST010,881,6,4483569.36,29.76,29.76,65.3,False,False
ST010,882,6,4391266.04,27.24,27.24,57.0,False,False
ST010,883,6,4624326.09,42.52,41.77,52.8,False,False
ST010,884,6,4526068.24,34.98,34.98,66.4,False,False
ST010,885,6,4698815.99,45.95,45.95,54.2,False,False
ST010,886,6,4561038.51,39.78,36.71,54.9,False,False
ST010,887,6,4544141.21,33.78,33.78,48.1,False,True
ST010,888,6,4625646.2,49.27,43.37,61.8,False,False
ST010,889,6,4656212.43,37.99,37.99,52.3,False,False
ST010,890,6,4512779.51,34.72,34.72,60.9,False,False
ST010,891,6,4636329.02,48.0,44.48,66.5,False,False
ST010,892,6,4546470.05,29.58,29.58,57.2,False,False
ST010,893,6,4451394.67,27.57,27.57,62.4,False,False
ST010,894,6,4614594.37,40.46,40.46,56.7,False,False
ST010,895,6,4590300.21,44.34,39.83,53.9,False,False
ST010,896,6,4672871.54,51.05,45.84,54.1,False,False
ST010,897,6,4562227.2,36.64,36.64,47.4,False,True
ST010,898,6,4545351.74,36.69,35.08,57.9,False,False
ST010,899,6,4527654.8,31.0,31.0,54.8,False,False
ST010,900,6,4530937.43,35.27,33.0,57.1,False,False
ST010,901,6,4558331.29,38.68,38.68,62.9,False,False
ST010,902,6,4664440.45,45.08,45.08,60.6,False,False
ST010,903,6,4457026.8,27.73,27.73,53.2,False,False
ST010,904,6,4537811.04,29.59,29.59,58.9,False,False
ST010,905,6,4542234.16,35.78,35.78,59.3,False,False
ST010,906,6,4584763.51,37.34,37.34,58.0,False,False
ST010,907,6,4408025.46,25.91,25.91,59.1,False,False
ST010,908,6,4756027.15,55.1,48.26,52.3,False,False
ST010,909,6,4536333.73,40.27,38.67,55.2,False,False
ST010,910,6,4573416.15,40.1,36.85,60.1,False,False
ST010,911,6,4643249.26,42.68,42.68,57.2,False,False
ST010,912,6,4543915.6,41.11,37.27,60.0,False,False
ST010,913,6,4553230.16,35.67,35.67,55.5,False,False
ST010,914,6,4525912.85,33.55,33.55,61.8,False,False
ST010,915,6,4669231.25,49.24,46.87,48.5,False,True
ST010,916,6,4604751.28,32.82,32.82,51.6,False,False
ST010,917,6,4544052.33,30.02,30.02,56.8,False,False
ST010,918,6,4642094.42,42.05,42.05,48.6,False,True
ST010,919,6,4640199.04,44.3,42.21,62.2,False,False
ST010,920,6,4528333.0,33.72,33.72,59.7,False,False
ST010,921,6,4692516.74,50.47,48.26,58.0,False,False
ST010,922,6,4602336.85,36.61,36.61,61.8,False,False
ST010,923,6,4490868.85,28.85,28.85,56.7,False,False
ST010,924,6,4519602.74,31.2,31.2,60.0,False,False
ST010,925,6,4603680.58,40.31,38.14,53.7,False,False
ST010,926,6,4661439.31,46.67,44.07,56.9,False,False
ST010,927,6,4615711.47,41.72,40.94,56.1,False,False
ST010,928,6,4595930.0,37.01,37.01,62.3,False,False
ST010,929,6,4725233.04,53.03,48.26,46.9,False,True
ST010,930,6,4525064.23,30.9,30.9,59.2,False,False
ST010,931,6,4680433.39,44.29,44.29,64.1,False,False
ST010,932,6,4421564.93,27.72,27.72,53.6,False,False
ST010,933,6,4496419.21,32.14,32.14,54.4,False,False
ST010,934,6,4758015.98,63.46,48.26,54.7,False,False
ST010,935,6,4432336.61,34.02,28.8,54.5,False,False
ST010,936,6,4499533.64,29.63,29.63,56.6,False,False
ST010,937,6,4611479.27,39.17,39.17,58.8,False,False
ST010,938,6,4445578.57,28.46,28.46,51.2,False,False
ST010,939,6,4481723.79,31.38,31.38,57.1,False,False
ST010,940,6,4592167.08,40.58,40.58,59.6,False,False
ST010,941,6,4597465.96,41.16,40.58,55.1,False,False
ST010,942,6,4498309.12,37.77,32.58,61.4,False,False
ST010,943,6,4629039.65,51.72,39.44,65.6,False,False
ST010,944,6,4699816.27,45.3,45.3,55.3,False,False
ST010,945,6,4402155.84,26.03,26.03,48.7,False,True
ST010,946,6,4666182.14,46.68,46.68,59.3,False,False
ST010,947,6,4593940.22,35.63,35.63,64.2,False,False
ST010,948,6,4528121.84,31.16,31.16,55.5,False,False
ST010,949,6,4565862.14,40.07,38.59,57.3,False,False
ST010,950,6,4658890.72,45.27,45.27,61.2,False,False
ST010,951,6,4654952.84,45.67,45.32,52.2,False,False
ST010,952,6,4662088.39,46.22,46.22,50.5,False,False
ST010,953,6,4574919.71,33.59,33.59,57.7,False,False
ST010,954,6,4656269.01,46.58,46.58,50.9,False,False
ST010,955,6,4527695.16,32.0,32.0,55.7,False,False
ST010,956,6,4440130.4,27.65,27.65,52.5,False,False
ST010,957,6,4582419.24,37.76,37.76,57.2,False,False
ST010,958,6,4438044.46,26.92,26.92,59.0,False,False
ST010,959,6,4510821.78,34.01,34.01,54.8,False,False
ST010,960,6,4449826.47,30.36,30.36,64.6,False,False
ST010,961,6,4588666.89,40.51,39.32,55.4,False,False
ST010,962,6,4623092.22,36.67,36.67,50.6,False,False
ST010,963,6,4473344.83,30.7,30.7,62.2,False,False
ST010,964,6,4459391.65,29.0,29.0,60.4,False,False
ST010,965,6,4488639.14,28.41,28.41,59.6,False,False
ST010,966,6,4555578.44,34.81,34.81,54.2,False,False
ST010,967,6,4498557.19,31.41,31.41,55.5,False,False
ST010,968,6,4488087.06,30.11,30.11,58.9,False,False
ST010,969,6,4654949.97,46.13,46.13,60.0,False,False
ST010,970,6,4597326.53,41.78,40.74,71.5,False,False
ST010,971,6,4578715.06,43.67,38.78,57.8,False,False
ST010,972,6,4532161.4,33.71,33.71,56.0,False,False
ST010,973,6,4493933.33,31.22,31.22,59.7,False,False
ST010,974,6,4526975.93,33.02,33.02,51.6,False,False
ST010,975,6,4585997.54,33.13,33.13,59.7,False,False
ST010,976,6,4592328.67,36.0,36.0,58.4,False,False
ST010,977,6,4607090.13,44.85,40.79,66.4,False,False
ST010,978,6,4514179.79,36.58,36.58,57.2,False,False
ST010,979,6,4657560.59,47.01,45.18,54.1,False,False
ST010,980,6,4604085.61,39.02,39.02,50.6,False,False
ST010,981,6,4468972.32,26.14,26.14,52.8,False,False
ST010,982,6,4594964.19,38.74,36.69,57.2,False,False
ST010,983,6,4600322.55,34.29,34.29,51.0,False,False
ST010,984,6,4609453.58,35.9,35.9,56.2,False,False
ST010,985,6,4734963.0,50.79,48.26,59.6,False,False
ST010,986,6,4478265.93,33.3,31.38,59.7,False,False
ST010,987,6,4593875.52,34.9,34.9,58.1,False,False
ST010,988,6,4429468.32,26.32,26.32,48.9,False,True
ST010,989,6,4373968.63,26.34,24.04,53.1,False,False
ST010,990,6,4500403.34,30.01,30.01,60.6,False,False
ST010,991,6,4562413.7,37.29,37.29,60.0,False,False
ST010,992,6,4546242.06,34.43,34.43,63.3,False,False
ST010,993,6,4389373.1,24.3,24.3,62.0,False,False
ST010,994,6,4615199.0,38.68,38.68,56.1,False,False
ST010,995,6,4515928.33,29.92,29.92,56.9,False,False
ST010,996,6,4627731.26,41.37,41.2,63.8,False,False
ST010,997,6,4549977.01,35.68,35.68,56.3,False,False
ST010,998,6,4652058.44,44.17,42.21,66.1,False,False
ST010,999,6,4644138.67,48.29,41.43,66.3,False,False
ST010,1000,6,4590086.35,36.34,36.34,67.1,False,False
ST011,1,6,0.0,0.0,0.0,46.2,True,True
ST011,2,6,0.0,0.0,0.0,50.1,True,False
ST011,3,6,0.0,0.0,0.0,47.4,True,True
ST011,4,6,0.0,0.0,0.0,50.1,True,False
ST011,5,6,69563.06,0.69,0.69,41.0,False,True
ST011,6,6,0.0,0.0,0.0,43.3,True,True
ST011,7,6,0.0,0.0,0.0,43.0,True,True
ST011,8,6,0.0,0.0,0.0,49.2,True,True
ST011,9,6,0.0,0.0,0.0,49.8,True,True
ST011,10,6,0.0,0.0,0.0,46.4,True,True
ST011,11,6,0.0,0.0,0.0,49.5,True,True
ST011,12,6,50517.88,0.43,0.43,47.5,False,True
ST011,13,6,0.0,0.0,0.0,43.3,True,True
ST011,14,6,0.0,0.0,0.0,49.6,True,True
ST011,15,6,0.0,0.0,0.0,49.9,True,True
ST011,16,6,0.0,0.0,0.0,49.3,True,True
ST011,17,6,0.0,0.0,0.0,51.1,True,False
ST011,18,6,0.0,0.0,0.0,50.2,True,False
ST011,19,6,0.0,0.0,0.0,46.8,True,True
ST011,20,6,0.0,0.0,0.0,50.0,True,False
ST011,21,6,0.0,0.0,0.0,46.5,True,True
ST011,22,6,0.0,0.0,0.0,41.9,True,True
ST011,23,6,45048.63,0.44,0.44,45.3,False,True
ST011,24,6,0.0,0.0,0.0,52.5,True,False
ST011,25,6,0.0,0.0,0.0,44.2,True,True
ST011,26,6,0.0,0.0,0.0,51.8,True,False
ST011,27,6,0.0,0.0,0.0,45.1,True,True
ST011,28,6,0.0,0.0,0.0,47.5,True,True
ST011,29,6,0.0,0.0,0.0,47.9,True,True
ST011,30,6,0.0,0.0,0.0,47.7,True,True
ST011,31,6,0.0,0.0,0.0,44.2,True,True
ST011,32,6,0.0,0.0,0.0,47.4,True,True
ST011,33,6,0.0,0.0,0.0,47.7,True,True
ST011,34,6,0.0,0.0,0.0,48.9,True,True
ST011,35,6,0.0,0.0,0.0,48.7,True,True
ST011,36,6,0.0,0.0,0.0,51.0,True,False
ST011,37,6,0.0,0.0,0.0,49.0,True,True
ST011,38,6,0.0,0.0,0.0,43.2,True,True
ST011,39,6,0.0,0.0,0.0,43.5,True,True
ST011,40,6,0.0,0.0,0.0,48.9,True,True
ST011,41,6,0.0,0.0,0.0,47.7,True,True
ST011,42,6,0.0,0.0,0.0,53.9,True,False
ST011,43,6,0.0,0.0,0.0,55.8,True,False
ST011,44,6,0.0,0.0,0.0,46.2,True,True
ST011,45,6,0.0,0.0,0.0,45.7,True,True
ST011,46,6,0.0,0.0,0.0,45.0,True,True
ST011,47,6,0.0,0.0,0.0,43.5,True,True
ST011,48,6,0.0,0.0,0.0,43.5,True,True
ST011,49,6,0.0,0.0,0.0,47.1,True,True
ST011,50,6,0.0,0.0,0.0,46.7,True,True
ST011,51,6,0.0,0.0,0.0,41.1,True,True
ST011,52,6,0.0,0.0,0.0,41.7,True,True
ST011,53,6,0.0,0.0,0.0,53.6,True,False
ST011,54,6,0.0,0.0,0.0,49.9,True,True
ST011,55,6,0.0,0.0,0.0,51.4,True,False
ST011,56,6,0.0,0.0,0.0,46.6,True,True
ST011,57,6,0.0,0.0,0.0,44.9,True,True
ST011,58,6,0.0,0.0,0.0,49.2,True,True
ST011,59,6,0.0,0.0,0.0,47.2,True,True
ST011,60,6,0.0,0.0,0.0,48.0,True,True
ST011,61,6,0.0,0.0,0.0,50.9,True,False
ST011,62,6,0.0,0.0,0.0,33.4,True,True
ST011,63,6,0.0,0.0,0.0,48.3,True,True
ST011,64,6,0.0,0.0,0.0,49.7,True,True
ST011,65,6,0.0,0.0,0.0,45.8,True,True
ST011,66,6,0.0,0.0,0.0,42.8,True,True
ST011,67,6,0.0,0.0,0.0,47.9,True,True
ST011,68,6,0.0,0.0,0.0,45.9,True,True
ST011,69,6,0.0,0.0,0.0,52.9,True,False
ST011,70,6,0.0,0.0,0.0,49.6,True,True
ST011,71,6,0.0,0.0,0.0,48.0,True,True
ST011,72,6,0.0,0.0,0.0,53.5,True,False
ST011,73,6,0.0,0.0,0.0,42.4,True,True
ST011,74,6,0.0,0.0,0.0,46.6,True,True
ST011,75,6,0.0,0.0,0.0,49.3,True,True
ST011,76,6,0.0,0.0,0.0,51.1,True,False
ST011,77,6,0.0,0.0,0.0,45.3,True,True
ST011,78,6,0.0,0.0,0.0,48.9,True,True
ST011,79,6,0.0,0.0,0.0,46.3,True,True
ST011,80,6,0.0,0.0,0.0,46.7,True,True
ST011,81,6,0.0,0.0,0.0,45.2,True,True
ST011,82,6,0.0,0.0,0.0,48.8,True,True
ST011,83,6,0.0,0.0,0.0,48.2,True,True
ST011,84,6,0.0,0.0,0.0,43.0,True,True
ST011,85,6,0.0,0.0,0.0,48.3,True,True
ST011,86,6,0.0,0.0,0.0,43.6,True,True
ST011,87,6,0.0,0.0,0.0,46.8,True,True
ST011,88,6,0.0,0.0,0.0,40.6,True,True
ST011,89,6,0.0,0.0,0.0,48.4,True,True
ST011,90,6,0.0,0.0,0.0,54.0,True,False
ST011,91,6,0.0,0.0,0.0,47.1,True,True
ST011,92,6,0.0,0.0,0.0,46.6,True,True
ST011,93,6,0.0,0.0,0.0,45.6,True,True
ST011,94,6,0.0,0.0,0.0,45.1,True,True
ST011,95,6,0.0,0.0,0.0,46.6,True,True
ST011,96,6,0.0,0.0,0.0,46.9,True,True
ST011,97,6,0.0,0.0,0.0,49.5,True,True
ST011,98,6,0.0,0.0,0.0,48.1,True,True
ST011,99,6,0.0,0.0,0.0,45.9,True,True
ST011,100,6,0.0,0.0,0.0,44.8,True,True
ST011,101,6,0.0,0.0,0.0,46.0,True,True
ST011,102,6,0.0,0.0,0.0,52.1,True,False
ST011,103,6,0.0,0.0,0.0,46.6,True,True
ST011,104,6,0.0,0.0,0.0,42.6,True,True
ST011,105,6,0.0,0.0,0.0,39.8,True,True
ST011,106,6,0.0,0.0,0.0,45.7,True,True
ST011,107,6,0.0,0.0,0.0,46.4,True,True
ST011,108,6,0.0,0.0,0.0,46.9,True,True
ST011,109,6,0.0,0.0,0.0,47.2,True,True
ST011,110,6,0.0,0.0,0.0,50.6,True,False
ST011,111,6,0.0,0.0,0.0,43.5,True,True
ST011,112,6,0.0,0.0,0.0,47.0,True,True
ST011,113,6,7766.34,0.07,0.07,45.7,False,True
ST011,114,6,0.0,0.0,0.0,46.3,True,True
ST011,115,6,0.0,0.0,0.0,47.2,True,True
ST011,116,6,0.0,0.0,0.0,46.6,True,True
ST011,117,6,18760.95,0.17,0.17,48.7,False,True
ST011,118,6,0.0,0.0,0.0,48.5,True,True
ST011,119,6,0.0,0.0,0.0,45.8,True,True
ST011,120,6,0.0,0.0,0.0,41.7,True,True
ST011,121,6,0.0,0.0,0.0,41.2,True,True
ST011,122,6,0.0,0.0,0.0,44.5,True,True
ST011,123,6,0.0,0.0,0.0,48.9,True,True
ST011,124,6,0.0,0.0,0.0,41.9,True,True
ST011,125,6,0.0,0.0,0.0,52.2,True,False
ST011,126,6,0.0,0.0,0.0,49.3,True,True
ST011,127,6,0.0,0.0,0.0,46.1,True,True
ST011,128,6,0.0,0.0,0.0,46.9,True,True
ST011,129,6,0.0,0.0,0.0,43.1,True,True
ST011,130,6,0.0,0.0,0.0,43.2,True,True
ST011,131,6,0.0,0.0,0.0,51.6,True,False
ST011,132,6,0.0,0.0,0.0,48.7,True,True
ST011,133,6,0.0,0.0,0.0,46.9,True,True
ST011,134,6,0.0,0.0,0.0,46.2,True,True
ST011,135,6,0.0,0.0,0.0,40.5,True,True
ST011,136,6,0.0,0.0,0.0,43.8,True,True
ST011,137,6,0.0,0.0,0.0,46.1,True,True
ST011,138,6,0.0,0.0,0.0,46.2,True,True
ST011,139,6,0.0,0.0,0.0,42.3,True,True
ST011,140,6,0.0,0.0,0.0,47.0,True,True
ST011,141,6,0.0,0.0,0.0,56.8,True,False
ST011,142,6,0.0,0.0,0.0,49.6,True,True
ST011,143,6,0.0,0.0,0.0,42.6,True,True
ST011,144,6,0.0,0.0,0.0,47.9,True,True
ST011,145,6,0.0,0.0,0.0,50.0,True,False
ST011,146,6,0.0,0.0,0.0,52.3,True,False
ST011,147,6,0.0,0.0,0.0,48.1,True,True
ST011,148,6,0.0,0.0,0.0,44.8,True,True
ST011,149,6,0.0,0.0,0.0,44.7,True,True
ST011,150,6,0.0,0.0,0.0,44.7,True,True
ST011,151,6,0.0,0.0,0.0,46.6,True,True
ST011,152,6,0.0,0.0,0.0,43.5,True,True
ST011,153,6,0.0,0.0,0.0,55.8,True,False
ST011,154,6,0.0,0.0,0.0,45.4,True,True
ST011,155,6,0.0,0.0,0.0,49.0,True,True
ST011,156,6,0.0,0.0,0.0,48.5,True,True
ST011,157,6,0.0,0.0,0.0,41.1,True,True
ST011,158,6,0.0,0.0,0.0,43.0,True,True
ST011,159,6,0.0,0.0,0.0,42.8,True,True
ST011,160,6,0.0,0.0,0.0,41.4,True,True
ST011,161,6,0.0,0.0,0.0,49.2,True,True
ST011,162,6,0.0,0.0,0.0,47.7,True,True
ST011,163,6,0.0,0.0,0.0,42.3,True,True
ST011,164,6,0.0,0.0,0.0,48.4,True,True
ST011,165,6,0.0,0.0,0.0,46.4,True,True
ST011,166,6,36335.43,0.32,0.32,50.8,False,False
ST011,167,6,0.0,0.0,0.0,49.3,True,True
ST011,168,6,13250.95,0.11,0.11,50.4,False,False
ST011,169,6,0.0,0.0,0.0,48.7,True,True
ST011,170,6,0.0,0.0,0.0,46.0,True,True
ST011,171,6,0.0,0.0,0.0,47.5,True,True
ST011,172,6,0.0,0.0,0.0,48.5,True,True
ST011,173,6,0.0,0.0,0.0,49.5,True,True
ST011,174,6,0.0,0.0,0.0,45.9,True,True
ST011,175,6,0.0,0.0,0.0,49.3,True,True
ST011,176,6,0.0,0.0,0.0,50.4,True,False
ST011,177,6,0.0,0.0,0.0,52.1,True,False
ST011,178,6,0.0,0.0,0.0,47.0,True,True
ST011,179,6,0.0,0.0,0.0,42.4,True,True
ST011,180,6,0.0,0.0,0.0,50.0,True,False
ST011,181,6,0.0,0.0,0.0,52.0,True,False
ST011,182,6,0.0,0.0,0.0,47.8,True,True
ST011,183,6,0.0,0.0,0.0,42.5,True,True
ST011,184,6,0.0,0.0,0.0,47.7,True,True
ST011,185,6,0.0,0.0,0.0,44.9,True,True
ST011,186,6,0.0,0.0,0.0,47.1,True,True
ST011,187,6,40250.19,0.36,0.36,51.0,False,False
ST011,188,6,0.0,0.0,0.0,47.0,True,True
ST011,189,6,0.0,0.0,0.0,50.5,True,False
ST011,190,6,0.0,0.0,0.0,44.6,True,True
ST011,191,6,0.0,0.0,0.0,52.0,True,False
ST011,192,6,0.0,0.0,0.0,49.1,True,True
ST011,193,6,0.0,0.0,0.0,49.7,True,True
ST011,194,6,0.0,0.0,0.0,43.0,True,True
ST011,195,6,0.0,0.0,0.0,47.7,True,True
ST011,196,6,0.0,0.0,0.0,49.0,True,True
ST011,197,6,0.0,0.0,0.0,47.8,True,True
ST011,198,6,0.0,0.0,0.0,42.1,True,True
ST011,199,6,0.0,0.0,0.0,48.6,True,True
ST011,200,6,0.0,0.0,0.0,49.1,True,True
ST011,201,6,0.0,0.0,0.0,46.2,True,True
ST011,202,6,0.0,0.0,0.0,49.0,True,True
ST011,203,6,328.9,0.0,0.0,50.2,False,False
ST011,204,6,0.0,0.0,0.0,47.0,True,True
ST011,205,6,0.0,0.0,0.0,45.8,True,True
ST011,206,6,0.0,0.0,0.0,46.1,True,True
ST011,207,6,10327.25,0.1,0.1,46.1,False,True
ST011,208,6,0.0,0.0,0.0,41.7,True,True
ST011,209,6,0.0,0.0,0.0,41.9,True,True
ST011,210,6,0.0,0.0,0.0,48.4,True,True
ST011,211,6,0.0,0.0,0.0,45.7,True,True
ST011,212,6,0.0,0.0,0.0,41.5,True,True
ST011,213,6,0.0,0.0,0.0,47.3,True,True
ST011,214,6,0.0,0.0,0.0,43.5,True,True
ST011,215,6,0.0,0.0,0.0,51.5,True,False
ST011,216,6,0.0,0.0,0.0,41.8,True,True
ST011,217,6,0.0,0.0,0.0,47.7,True,True
ST011,218,6,0.0,0.0,0.0,47.7,True,True
ST011,219,6,0.0,0.0,0.0,47.6,True,True
ST011,220,6,0.0,0.0,0.0,44.8,True,True
ST011,221,6,0.0,0.0,0.0,54.2,True,False
ST011,222,6,0.0,0.0,0.0,43.4,True,True
ST011,223,6,0.0,0.0,0.0,43.2,True,True
ST011,224,6,0.0,0.0,0.0,51.8,True,False
ST011,225,6,0.0,0.0,0.0,50.3,True,False
ST011,226,6,0.0,0.0,0.0,49.2,True,True
ST011,227,6,0.0,0.0,0.0,54.2,True,False
ST011,228,6,0.0,0.0,0.0,48.4,True,True
ST011,229,6,0.0,0.0,0.0,45.0,True,True
ST011,230,6,0.0,0.0,0.0,47.0,True,True
ST011,231,6,0.0,0.0,0.0,50.4,True,False
ST011,232,6,0.0,0.0,0.0,49.2,True,True
ST011,233,6,0.0,0.0,0.0,45.3,True,True
ST011,234,6,0.0,0.0,0.0,44.8,True,True
ST011,235,6,0.0,0.0,0.0,49.4,True,True
ST011,236,6,0.0,0.0,0.0,49.7,True,True
ST011,237,6,0.0,0.0,0.0,52.2,True,False
ST011,238,6,0.0,0.0,0.0,41.2,True,True
ST011,239,6,0.0,0.0,0.0,52.0,True,False
ST011,240,6,0.0,0.0,0.0,49.5,True,True
ST011,241,6,0.0,0.0,0.0,53.4,True,False
ST011,242,6,0.0,0.0,0.0,52.4,True,False
ST011,243,6,0.0,0.0,0.0,48.2,True,True
ST011,244,6,0.0,0.0,0.0,49.6,True,True
ST011,245,6,0.0,0.0,0.0,51.6,True,False
ST011,246,6,0.0,0.0,0.0,43.8,True,True
ST011,247,6,0.0,0.0,0.0,48.5,True,True
ST011,248,6,0.0,0.0,0.0,44.7,True,True
ST011,249,6,0.0,0.0,0.0,44.2,True,True
ST011,250,6,0.0,0.0,0.0,49.9,True,True
ST011,251,6,0.0,0.0,0.0,47.0,True,True
ST011,252,6,0.0,0.0,0.0,52.2,True,False
ST011,253,6,0.0,0.0,0.0,48.2,True,True
ST011,254,6,0.0,0.0,0.0,54.0,True,False
ST011,255,6,0.0,0.0,0.0,48.6,True,True
ST011,256,6,0.0,0.0,0.0,40.6,True,True
ST011,257,6,0.0,0.0,0.0,50.7,True,False
ST011,258,6,0.0,0.0,0.0,37.7,True,True
ST011,259,6,0.0,0.0,0.0,49.0,True,True
ST011,260,6,0.0,0.0,0.0,49.7,True,True
ST011,261,6,0.0,0.0,0.0,40.1,True,True
ST011,262,6,0.0,0.0,0.0,47.6,True,True
ST011,263,6,0.0,0.0,0.0,46.0,True,True
ST011,264,6,0.0,0.0,0.0,43.8,True,True
ST011,265,6,0.0,0.0,0.0,42.3,True,True
ST011,266,6,0.0,0.0,0.0,46.9,True,True
ST011,267,6,0.0,0.0,0.0,47.3,True,True
ST011,268,6,0.0,0.0,0.0,42.6,True,True
ST011,269,6,0.0,0.0,0.0,48.7,True,True
ST011,270,6,0.0,0.0,0.0,49.1,True,True
ST011,271,6,0.0,0.0,0.0,50.5,True,False
ST011,272,6,0.0,0.0,0.0,51.8,True,False
ST011,273,6,0.0,0.0,0.0,49.0,True,True
ST011,274,6,0.0,0.0,0.0,46.0,True,True
ST011,275,6,0.0,0.0,0.0,45.1,True,True
ST011,276,6,0.0,0.0,0.0,42.7,True,True
ST011,277,6,0.0,0.0,0.0,42.3,True,True
ST011,278,6,0.0,0.0,0.0,48.6,True,True
ST011,279,6,0.0,0.0,0.0,42.6,True,True
ST011,280,6,0.0,0.0,0.0,44.1,True,True
ST011,281,6,0.0,0.0,0.0,45.8,True,True
ST011,282,6,0.0,0.0,0.0,50.5,True,False
ST011,283,6,0.0,0.0,0.0,49.1,True,True
ST011,284,6,0.0,0.0,0.0,48.8,True,True
ST011,285,6,0.0,0.0,0.0,51.4,True,False
ST011,286,6,0.0,0.0,0.0,43.4,True,True
ST011,287,6,0.0,0.0,0.0,50.0,True,False
ST011,288,6,0.0,0.0,0.0,49.2,True,True
ST011,289,6,0.0,0.0,0.0,48.1,True,True
ST011,290,6,3552.5,0.03,0.03,45.2,False,True
ST011,291,6,0.0,0.0,0.0,44.9,True,True
ST011,292,6,0.0,0.0,0.0,43.7,True,True
ST011,293,6,0.0,0.0,0.0,44.6,True,True
ST011,294,6,0.0,0.0,0.0,47.0,True,True
ST011,295,6,0.0,0.0,0.0,48.5,True,True
ST011,296,6,0.0,0.0,0.0,49.1,True,True
ST011,297,6,0.0,0.0,0.0,46.3,True,True
ST011,298,6,0.0,0.0,0.0,54.4,True,False
ST011,299,6,0.0,0.0,0.0,47.6,True,True
ST011,300,6,0.0,0.0,0.0,44.4,True,True
ST011,301,6,0.0,0.0,0.0,44.1,True,True
ST011,302,6,0.0,0.0,0.0,49.4,True,True
ST011,303,6,0.0,0.0,0.0,47.2,True,True
ST011,304,6,91482.21,0.94,0.94,42.4,False,True
ST011,305,6,0.0,0.0,0.0,45.0,True,True
ST011,306,6,0.0,0.0,0.0,53.8,True,False
ST011,307,6,0.0,0.0,0.0,51.9,True,False
ST011,308,6,0.0,0.0,0.0,38.8,True,True
ST011,309,6,0.0,0.0,0.0,47.4,True,True
ST011,310,6,0.0,0.0,0.0,44.7,True,True
ST011,311,6,0.0,0.0,0.0,42.1,True,True
ST011,312,6,0.0,0.0,0.0,52.7,True,False
ST011,313,6,0.0,0.0,0.0,51.0,True,False
ST011,314,6,0.0,0.0,0.0,50.4,True,False
ST011,315,6,0.0,0.0,0.0,48.1,True,True
ST011,316,6,0.0,0.0,0.0,48.7,True,True
ST011,317,6,0.0,0.0,0.0,42.1,True,True
ST011,318,6,0.0,0.0,0.0,51.8,True,False
ST011,319,6,0.0,0.0,0.0,48.2,True,True
ST011,320,6,0.0,0.0,0.0,48.1,True,True
ST011,321,6,0.0,0.0,0.0,45.3,True,True
ST011,322,6,0.0,0.0,0.0,42.5,True,True
ST011,323,6,0.0,0.0,0.0,44.1,True,True
ST011,324,6,0.0,0.0,0.0,49.4,True,True
ST011,325,6,0.0,0.0,0.0,46.1,True,True
ST011,326,6,0.0,0.0,0.0,50.2,True,False
ST011,327,6,0.0,0.0,0.0,46.8,True,True
ST011,328,6,0.0,0.0,0.0,45.2,True,True
ST011,329,6,0.0,0.0,0.0,46.2,True,True
ST011,330,6,0.0,0.0,0.0,45.5,True,True
ST011,331,6,0.0,0.0,0.0,48.4,True,True
ST011,332,6,0.0,0.0,0.0,46.6,True,True
ST011,333,6,0.0,0.0,0.0,51.1,True,False
ST011,334,6,0.0,0.0,0.0,56.6,True,False
ST011,335,6,0.0,0.0,0.0,50.6,True,False
ST011,336,6,0.0,0.0,0.0,51.9,True,False
ST011,337,6,0.0,0.0,0.0,45.6,True,True
ST011,338,6,0.0,0.0,0.0,43.7,True,True
ST011,339,6,89675.69,0.71,0.71,50.6,False,False
ST011,340,6,0.0,0.0,0.0,43.7,True,True
ST011,341,6,0.0,0.0,0.0,45.8,True,True
ST011,342,6,0.0,0.0,0.0,50.1,True,False
ST011,343,6,0.0,0.0,0.0,52.9,True,False
ST011,344,6,0.0,0.0,0.0,47.1,True,True
ST011,345,6,0.0,0.0,0.0,45.8,True,True
ST011,346,6,0.0,0.0,0.0,46.4,True,True
ST011,347,6,0.0,0.0,0.0,44.3,True,True
ST011,348,6,0.0,0.0,0.0,45.6,True,True
ST011,349,6,0.0,0.0,0.0,41.0,True,True
ST011,350,6,0.0,0.0,0.0,47.3,True,True
ST011,351,6,0.0,0.0,0.0,47.0,True,True
ST011,352,6,0.0,0.0,0.0,48.6,True,True
ST011,353,6,0.0,0.0,0.0,45.8,True,True
ST011,354,6,0.0,0.0,0.0,51.3,True,False
ST011,355,6,0.0,0.0,0.0,48.0,True,True
ST011,356,6,0.0,0.0,0.0,48.3,True,True
ST011,357,6,0.0,0.0,0.0,45.3,True,True
ST011,358,6,0.0,0.0,0.0,51.6,True,False
ST011,359,6,0.0,0.0,0.0,39.3,True,True
ST011,360,6,0.0,0.0,0.0,51.4,True,False
ST011,361,6,0.0,0.0,0.0,42.2,True,True
ST011,362,6,0.0,0.0,0.0,51.0,True,False
ST011,363,6,0.0,0.0,0.0,45.4,True,True
ST011,364,6,0.0,0.0,0.0,46.7,True,True
ST011,365,6,0.0,0.0,0.0,45.9,True,True
ST011,366,6,0.0,0.0,0.0,47.4,True,True
ST011,367,6,0.0,0.0,0.0,50.6,True,False
ST011,368,6,0.0,0.0,0.0,48.7,True,True
ST011,369,6,0.0,0.0,0.0,46.8,True,True
ST011,370,6,0.0,0.0,0.0,46.2,True,True
ST011,371,6,0.0,0.0,0.0,46.9,True,True
ST011,372,6,0.0,0.0,0.0,49.3,True,True
ST011,373,6,0.0,0.0,0.0,45.6,True,True
ST011,374,6,0.0,0.0,0.0,46.6,True,True
ST011,375,6,0.0,0.0,0.0,42.2,True,True
ST011,376,6,0.0,0.0,0.0,43.2,True,True
ST011,377,6,0.0,0.0,0.0,44.6,True,True
ST011,378,6,0.0,0.0,0.0,47.4,True,True
ST011,379,6,0.0,0.0,0.0,44.6,True,True
ST011,380,6,0.0,0.0,0.0,47.7,True,True
ST011,381,6,0.0,0.0,0.0,46.0,True,True
ST011,382,6,0.0,0.0,0.0,46.1,True,True
ST011,383,6,0.0,0.0,0.0,37.7,True,True
ST011,384,6,0.0,0.0,0.0,52.7,True,False
ST011,385,6,0.0,0.0,0.0,46.1,True,True
ST011,386,6,0.0,0.0,0.0,43.7,True,True
ST011,387,6,0.0,0.0,0.0,40.0,True,True
ST011,388,6,0.0,0.0,0.0,38.3,True,True
ST011,389,6,0.0,0.0,0.0,48.1,True,True
ST011,390,6,0.0,0.0,0.0,44.3,True,True
ST011,391,6,0.0,0.0,0.0,47.2,True,True
ST011,392,6,0.0,0.0,0.0,47.9,True,True
ST011,393,6,0.0,0.0,0.0,48.0,True,True
ST011,394,6,0.0,0.0,0.0,45.8,True,True
ST011,395,6,0.0,0.0,0.0,46.5,True,True
ST011,396,6,0.0,0.0,0.0,47.6,True,True
ST011,397,6,0.0,0.0,0.0,45.7,True,True
ST011,398,6,0.0,0.0,0.0,46.1,True,True
ST011,399,6,0.0,0.0,0.0,45.7,True,True
ST011,400,6,0.0,0.0,0.0,47.0,True,True
ST011,401,6,0.0,0.0,0.0,46.5,True,True
ST011,402,6,0.0,0.0,0.0,47.6,True,True
ST011,403,6,0.0,0.0,0.0,53.6,True,False
ST011,404,6,0.0,0.0,0.0,42.0,True,True
ST011,405,6,0.0,0.0,0.0,46.0,True,True
ST011,406,6,0.0,0.0,0.0,47.6,True,True
ST011,407,6,0.0,0.0,0.0,44.4,True,True
ST011,408,6,0.0,0.0,0.0,48.3,True,True
ST011,409,6,0.0,0.0,0.0,42.9,True,True
ST011,410,6,0.0,0.0,0.0,47.5,True,True
ST011,411,6,0.0,0.0,0.0,40.7,True,True
ST011,412,6,0.0,0.0,0.0,43.7,True,True
ST011,413,6,0.0,0.0,0.0,43.7,True,True
ST011,414,6,0.0,0.0,0.0,51.9,True,False
ST011,415,6,0.0,0.0,0.0,45.7,True,True
ST011,416,6,0.0,0.0,0.0,50.6,True,False
ST011,417,6,0.0,0.0,0.0,36.9,True,True
ST011,418,6,0.0,0.0,0.0,51.1,True,False
ST011,419,6,0.0,0.0,0.0,42.9,True,True
ST011,420,6,0.0,0.0,0.0,48.6,True,True
ST011,421,6,0.0,0.0,0.0,47.7,True,True
ST011,422,6,0.0,0.0,0.0,43.3,True,True
ST011,423,6,0.0,0.0,0.0,53.0,True,False
ST011,424,6,0.0,0.0,0.0,48.6,True,True
ST011,425,6,0.0,0.0,0.0,48.3,True,True
ST011,426,6,0.0,0.0,0.0,40.9,True,True
ST011,427,6,0.0,0.0,0.0,42.8,True,True
ST011,428,6,0.0,0.0,0.0,47.1,True,True
ST011,429,6,0.0,0.0,0.0,48.1,True,True
ST011,430,6,0.0,0.0,0.0,50.1,True,False
ST011,431,6,0.0,0.0,0.0,48.1,True,True
ST011,432,6,0.0,0.0,0.0,51.6,True,False
ST011,433,6,0.0,0.0,0.0,47.8,True,True
ST011,434,6,0.0,0.0,0.0,45.1,True,True
ST011,435,6,0.0,0.0,0.0,49.3,True,True
ST011,436,6,0.0,0.0,0.0,48.5,True,True
ST011,437,6,0.0,0.0,0.0,45.2,True,True
ST011,438,6,0.0,0.0,0.0,51.9,True,False
ST011,439,6,0.0,0.0,0.0,49.5,True,True
ST011,440,6,0.0,0.0,0.0,44.2,True,True
ST011,441,6,0.0,0.0,0.0,44.8,True,True
ST011,442,6,0.0,0.0,0.0,50.1,True,False
ST011,443,6,0.0,0.0,0.0,45.5,True,True
ST011,444,6,24958.21,0.21,0.21,45.6,False,True
ST011,445,6,0.0,0.0,0.0,44.1,True,True
ST011,446,6,0.0,0.0,0.0,49.3,True,True
ST011,447,6,0.0,0.0,0.0,45.6,True,True
ST011,448,6,0.0,0.0,0.0,43.7,True,True
ST011,449,6,0.0,0.0,0.0,44.3,True,True
ST011,450,6,0.0,0.0,0.0,46.9,True,True
ST011,451,6,0.0,0.0,0.0,46.6,True,True
ST011,452,6,0.0,0.0,0.0,48.0,True,True
ST011,453,6,0.0,0.0,0.0,42.9,True,True
ST011,454,6,0.0,0.0,0.0,44.0,True,True
ST011,455,6,0.0,0.0,0.0,41.6,True,True
ST011,456,6,0.0,0.0,0.0,44.0,True,True
ST011,457,6,0.0,0.0,0.0,48.4,True,True
ST011,458,6,0.0,0.0,0.0,43.6,True,True
ST011,459,6,0.0,0.0,0.0,51.5,True,False
ST011,460,6,0.0,0.0,0.0,54.3,True,False
ST011,461,6,28393.49,0.28,0.28,45.2,False,True
ST011,462,6,0.0,0.0,0.0,48.8,True,True
ST011,463,6,0.0,0.0,0.0,40.6,True,True
ST011,464,6,0.0,0.0,0.0,45.8,True,True
ST011,465,6,0.0,0.0,0.0,41.7,True,True
ST011,466,6,0.0,0.0,0.0,43.0,True,True
ST011,467,6,0.0,0.0,0.0,40.4,True,True
ST011,468,6,0.0,0.0,0.0,49.8,True,True
ST011,469,6,0.0,0.0,0.0,47.2,True,True
ST011,470,6,0.0,0.0,0.0,45.9,True,True
ST011,471,6,0.0,0.0,0.0,45.6,True,True
ST011,472,6,0.0,0.0,0.0,49.1,True,True
ST011,473,6,0.0,0.0,0.0,52.5,True,False
ST011,474,6,0.0,0.0,0.0,47.6,True,True
ST011,475,6,0.0,0.0,0.0,43.4,True,True
ST011,476,6,0.0,0.0,0.0,49.8,True,True
ST011,477,6,0.0,0.0,0.0,49.0,True,True
ST011,478,6,0.0,0.0,0.0,49.2,True,True
ST011,479,6,12024.18,0.11,0.11,43.4,False,True
ST011,480,6,0.0,0.0,0.0,48.0,True,True
ST011,481,6,0.0,0.0,0.0,51.0,True,False
ST011,482,6,0.0,0.0,0.0,47.2,True,True
ST011,483,6,0.0,0.0,0.0,47.6,True,True
ST011,484,6,0.0,0.0,0.0,52.1,True,False
ST011,485,6,0.0,0.0,0.0,44.5,True,True
ST011,486,6,0.0,0.0,0.0,50.0,True,False
ST011,487,6,0.0,0.0,0.0,45.7,True,True
ST011,488,6,0.0,0.0,0.0,52.0,True,False
ST011,489,6,0.0,0.0,0.0,52.5,True,False
ST011,490,6,0.0,0.0,0.0,50.2,True,False
ST011,491,6,0.0,0.0,0.0,44.6,True,True
ST011,492,6,0.0,0.0,0.0,41.3,True,True
ST011,493,6,0.0,0.0,0.0,46.4,True,True
ST011,494,6,0.0,0.0,0.0,43.4,True,True
ST011,495,6,0.0,0.0,0.0,44.6,True,True
ST011,496,6,0.0,0.0,0.0,41.0,True,True
ST011,497,6,0.0,0.0,0.0,47.7,True,True
ST011,498,6,0.0,0.0,0.0,43.8,True,True
ST011,499,6,0.0,0.0,0.0,47.9,True,True
ST011,500,6,0.0,0.0,0.0,54.4,True,False
ST011,501,6,0.0,0.0,0.0,43.2,True,True
ST011,502,6,0.0,0.0,0.0,48.7,True,True
ST011,503,6,0.0,0.0,0.0,41.8,True,True
ST011,504,6,0.0,0.0,0.0,50.3,True,False
ST011,505,6,0.0,0.0,0.0,48.3,True,True
ST011,506,6,0.0,0.0,0.0,43.1,True,True
ST011,507,6,0.0,0.0,0.0,43.5,True,True
ST011,508,6,0.0,0.0,0.0,42.5,True,True
ST011,509,6,0.0,0.0,0.0,44.0,True,True
ST011,510,6,0.0,0.0,0.0,47.0,True,True
ST011,511,6,0.0,0.0,0.0,49.7,True,True
ST011,512,6,0.0,0.0,0.0,51.7,True,False
ST011,513,6,0.0,0.0,0.0,43.8,True,True
ST011,514,6,0.0,0.0,0.0,49.2,True,True
ST011,515,6,0.0,0.0,0.0,38.8,True,True
ST011,516,6,0.0,0.0,0.0,44.4,True,True
ST011,517,6,0.0,0.0,0.0,45.3,True,True
ST011,518,6,0.0,0.0,0.0,40.1,True,True
ST011,519,6,0.0,0.0,0.0,54.7,True,False
ST011,520,6,0.0,0.0,0.0,46.8,True,True
ST011,521,6,0.0,0.0,0.0,51.5,True,False
ST011,522,6,0.0,0.0,0.0,47.4,True,True
ST011,523,6,0.0,0.0,0.0,47.9,True,True
ST011,524,6,0.0,0.0,0.0,39.1,True,True
ST011,525,6,0.0,0.0,0.0,48.0,True,True
ST011,526,6,0.0,0.0,0.0,48.5,True,True
ST011,527,6,0.0,0.0,0.0,40.1,True,True
ST011,528,6,0.0,0.0,0.0,42.0,True,True
ST011,529,6,0.0,0.0,0.0,45.4,True,True
ST011,530,6,0.0,0.0,0.0,45.6,True,True
ST011,531,6,0.0,0.0,0.0,48.4,True,True
ST011,532,6,11056.86,0.1,0.1,45.1,False,True
ST011,533,6,0.0,0.0,0.0,42.5,True,True
ST011,534,6,0.0,0.0,0.0,43.5,True,True
ST011,535,6,0.0,0.0,0.0,42.7,True,True
ST011,536,6,0.0,0.0,0.0,43.5,True,True
ST011,537,6,0.0,0.0,0.0,39.6,True,True
ST011,538,6,0.0,0.0,0.0,44.2,True,True
ST011,539,6,0.0,0.0,0.0,43.8,True,True
ST011,540,6,0.0,0.0,0.0,44.4,True,True
ST011,541,6,27518.31,0.26,0.26,45.1,False,True
ST011,542,6,0.0,0.0,0.0,47.9,True,True
ST011,543,6,0.0,0.0,0.0,50.8,True,False
ST011,544,6,0.0,0.0,0.0,49.5,True,True
ST011,545,6,0.0,0.0,0.0,46.4,True,True
ST011,546,6,0.0,0.0,0.0,44.4,True,True
ST011,547,6,0.0,0.0,0.0,45.1,True,True
ST011,548,6,0.0,0.0,0.0,47.7,True,True
ST011,549,6,0.0,0.0,0.0,42.3,True,True
ST011,550,6,8566.85,0.07,0.07,48.8,False,True
ST011,551,6,0.0,0.0,0.0,45.6,True,True
ST011,552,6,0.0,0.0,0.0,51.2,True,False
ST011,553,6,0.0,0.0,0.0,45.9,True,True
ST011,554,6,0.0,0.0,0.0,51.1,True,False
ST011,555,6,0.0,0.0,0.0,38.5,True,True
ST011,556,6,0.0,0.0,0.0,44.0,True,True
ST011,557,6,0.0,0.0,0.0,47.4,True,True
ST011,558,6,0.0,0.0,0.0,50.0,True,False
ST011,559,6,0.0,0.0,0.0,46.8,True,True
ST011,560,6,0.0,0.0,0.0,43.4,True,True
ST011,561,6,0.0,0.0,0.0,50.4,True,False
ST011,562,6,0.0,0.0,0.0,58.1,True,False
ST011,563,6,0.0,0.0,0.0,45.5,True,True
ST011,564,6,0.0,0.0,0.0,47.1,True,True
ST011,565,6,0.0,0.0,0.0,43.5,True,True
ST011,566,6,0.0,0.0,0.0,53.6,True,False
ST011,567,6,0.0,0.0,0.0,42.9,True,True
ST011,568,6,0.0,0.0,0.0,49.6,True,True
ST011,569,6,0.0,0.0,0.0,50.9,True,False
ST011,570,6,0.0,0.0,0.0,46.4,True,True
ST011,571,6,0.0,0.0,0.0,44.4,True,True
ST011,572,6,0.0,0.0,0.0,47.3,True,True
ST011,573,6,0.0,0.0,0.0,50.2,True,False
ST011,574,6,0.0,0.0,0.0,51.5,True,False
ST011,575,6,0.0,0.0,0.0,49.3,True,True
ST011,576,6,0.0,0.0,0.0,45.3,True,True
ST011,577,6,0.0,0.0,0.0,52.3,True,False
ST011,578,6,0.0,0.0,0.0,44.4,True,True
ST011,579,6,0.0,0.0,0.0,50.0,True,False
ST011,580,6,0.0,0.0,0.0,48.3,True,True
ST011,581,6,0.0,0.0,0.0,50.0,True,False
ST011,582,6,0.0,0.0,0.0,48.1,True,True
ST011,583,6,0.0,0.0,0.0,45.9,True,True
ST011,584,6,0.0,0.0,0.0,44.3,True,True
ST011,585,6,0.0,0.0,0.0,49.0,True,True
ST011,586,6,5827.84,0.05,0.05,47.8,False,True
ST011,587,6,0.0,0.0,0.0,49.6,True,True
ST011,588,6,0.0,0.0,0.0,49.8,True,True
ST011,589,6,0.0,0.0,0.0,44.4,True,True
ST011,590,6,0.0,0.0,0.0,47.5,True,True
ST011,591,6,0.0,0.0,0.0,48.0,True,True
ST011,592,6,0.0,0.0,0.0,47.6,True,True
ST011,593,6,0.0,0.0,0.0,42.5,True,True
ST011,594,6,0.0,0.0,0.0,49.6,True,True
ST011,595,6,0.0,0.0,0.0,47.3,True,True
ST011,596,6,0.0,0.0,0.0,47.3,True,True
ST011,597,6,0.0,0.0,0.0,49.4,True,True
ST011,598,6,18097.3,0.14,0.14,46.2,False,True
ST011,599,6,0.0,0.0,0.0,45.6,True,True
ST011,600,6,0.0,0.0,0.0,53.3,True,False
ST011,601,6,0.0,0.0,0.0,47.5,True,True
ST011,602,6,0.0,0.0,0.0,50.4,True,False
ST011,603,6,0.0,0.0,0.0,52.5,True,False
ST011,604,6,0.0,0.0,0.0,49.9,True,True
ST011,605,6,0.0,0.0,0.0,48.8,True,True
ST011,606,6,0.0,0.0,0.0,49.8,True,True
ST011,607,6,0.0,0.0,0.0,46.6,True,True
ST011,608,6,0.0,0.0,0.0,43.5,True,True
ST011,609,6,0.0,0.0,0.0,43.0,True,True
ST011,610,6,0.0,0.0,0.0,45.0,True,True
ST011,611,6,0.0,0.0,0.0,46.8,True,True
ST011,612,6,0.0,0.0,0.0,47.3,True,True
ST011,613,6,0.0,0.0,0.0,44.0,True,True
ST011,614,6,0.0,0.0,0.0,47.5,True,True
ST011,615,6,0.0,0.0,0.0,48.5,True,True
ST011,616,6,0.0,0.0,0.0,49.7,True,True
ST011,617,6,0.0,0.0,0.0,40.1,True,True
ST011,618,6,0.0,0.0,0.0,44.5,True,True
ST011,619,6,0.0,0.0,0.0,44.1,True,True
ST011,620,6,0.0,0.0,0.0,48.4,True,True
ST011,621,6,0.0,0.0,0.0,42.8,True,True
ST011,622,6,0.0,0.0,0.0,45.2,True,True
ST011,623,6,0.0,0.0,0.0,51.0,True,False
ST011,624,6,0.0,0.0,0.0,44.5,True,True
ST011,625,6,0.0,0.0,0.0,42.4,True,True
ST011,626,6,0.0,0.0,0.0,52.4,True,False
ST011,627,6,0.0,0.0,0.0,46.4,True,True
ST011,628,6,0.0,0.0,0.0,48.3,True,True
ST011,629,6,0.0,0.0,0.0,54.8,True,False
ST011,630,6,0.0,0.0,0.0,46.6,True,True
ST011,631,6,0.0,0.0,0.0,50.2,True,False
ST011,632,6,0.0,0.0,0.0,52.7,True,False
ST011,633,6,0.0,0.0,0.0,48.5,True,True
ST011,634,6,0.0,0.0,0.0,47.9,True,True
ST011,635,6,0.0,0.0,0.0,48.5,True,True
ST011,636,6,0.0,0.0,0.0,49.3,True,True
ST011,637,6,0.0,0.0,0.0,48.2,True,True
ST011,638,6,0.0,0.0,0.0,51.1,True,False
ST011,639,6,0.0,0.0,0.0,51.2,True,False
ST011,640,6,0.0,0.0,0.0,47.2,True,True
ST011,641,6,13030.71,0.11,0.11,46.6,False,True
ST011,642,6,0.0,0.0,0.0,45.7,True,True
ST011,643,6,0.0,0.0,0.0,49.2,True,True
ST011,644,6,0.0,0.0,0.0,50.5,True,False
ST011,645,6,0.0,0.0,0.0,44.1,True,True
ST011,646,6,0.0,0.0,0.0,43.7,True,True
ST011,647,6,0.0,0.0,0.0,47.5,True,True
ST011,648,6,0.0,0.0,0.0,47.5,True,True
ST011,649,6,0.0,0.0,0.0,44.1,True,True
ST011,650,6,0.0,0.0,0.0,42.6,True,True
ST011,651,6,0.0,0.0,0.0,46.0,True,True
ST011,652,6,0.0,0.0,0.0,46.4,True,True
ST011,653,6,0.0,0.0,0.0,44.3,True,True
ST011,654,6,0.0,0.0,0.0,48.4,True,True
ST011,655,6,0.0,0.0,0.0,49.9,True,True
ST011,656,6,0.0,0.0,0.0,48.1,True,True
ST011,657,6,0.0,0.0,0.0,55.8,True,False
ST011,658,6,0.0,0.0,0.0,42.8,True,True
ST011,659,6,0.0,0.0,0.0,43.3,True,True
ST011,660,6,0.0,0.0,0.0,49.2,True,True
ST011,661,6,0.0,0.0,0.0,41.0,True,True
ST011,662,6,0.0,0.0,0.0,47.2,True,True
ST011,663,6,0.0,0.0,0.0,48.8,True,True
ST011,664,6,0.0,0.0,0.0,43.0,True,True
ST011,665,6,0.0,0.0,0.0,49.3,True,True
ST011,666,6,0.0,0.0,0.0,43.4,True,True
ST011,667,6,0.0,0.0,0.0,43.0,True,True
ST011,668,6,0.0,0.0,0.0,49.2,True,True
ST011,669,6,0.0,0.0,0.0,52.7,True,False
ST011,670,6,0.0,0.0,0.0,47.2,True,True
ST011,671,6,0.0,0.0,0.0,43.3,True,True
ST011,672,6,0.0,0.0,0.0,54.2,True,False
ST011,673,6,0.0,0.0,0.0,44.8,True,True
ST011,674,6,0.0,0.0,0.0,47.8,True,True
ST011,675,6,0.0,0.0,0.0,42.7,True,True
ST011,676,6,0.0,0.0,0.0,45.4,True,True
ST011,677,6,0.0,0.0,0.0,44.8,True,True
ST011,678,6,0.0,0.0,0.0,43.4,True,True
ST011,679,6,0.0,0.0,0.0,43.8,True,True
ST011,680,6,0.0,0.0,0.0,48.8,True,True
ST011,681,6,0.0,0.0,0.0,43.7,True,True
ST011,682,6,0.0,0.0,0.0,47.8,True,True
ST011,683,6,0.0,0.0,0.0,47.6,True,True
ST011,684,6,0.0,0.0,0.0,46.3,True,True
ST011,685,6,0.0,0.0,0.0,40.1,True,True
ST011,686,6,0.0,0.0,0.0,46.7,True,True
ST011,687,6,0.0,0.0,0.0,48.3,True,True
ST011,688,6,0.0,0.0,0.0,47.3,True,True
ST011,689,6,0.0,0.0,0.0,44.6,True,True
ST011,690,6,0.0,0.0,0.0,50.3,True,False
ST011,691,6,0.0,0.0,0.0,46.2,True,True
ST011,692,6,0.0,0.0,0.0,44.7,True,True
ST011,693,6,0.0,0.0,0.0,54.1,True,False
ST011,694,6,0.0,0.0,0.0,47.3,True,True
ST011,695,6,0.0,0.0,0.0,47.4,True,True
ST011,696,6,0.0,0.0,0.0,40.2,True,True
ST011,697,6,0.0,0.0,0.0,48.7,True,True
ST011,698,6,0.0,0.0,0.0,55.1,True,False
ST011,699,6,0.0,0.0,0.0,45.5,True,True
ST011,700,6,0.0,0.0,0.0,51.8,True,False
ST011,701,6,0.0,0.0,0.0,51.5,True,False
ST011,702,6,0.0,0.0,0.0,41.2,True,True
ST011,703,6,0.0,0.0,0.0,41.1,True,True
ST011,704,6,0.0,0.0,0.0,40.0,True,True
ST011,705,6,0.0,0.0,0.0,47.5,True,True
ST011,706,6,0.0,0.0,0.0,45.6,True,True
ST011,707,6,0.0,0.0,0.0,44.7,True,True
ST011,708,6,0.0,0.0,0.0,53.8,True,False
ST011,709,6,0.0,0.0,0.0,44.2,True,True
ST011,710,6,0.0,0.0,0.0,51.8,True,False
ST011,711,6,0.0,0.0,0.0,43.9,True,True
ST011,712,6,0.0,0.0,0.0,48.0,True,True
ST011,713,6,0.0,0.0,0.0,44.7,True,True
ST011,714,6,0.0,0.0,0.0,45.5,True,True
ST011,715,6,0.0,0.0,0.0,46.8,True,True
ST011,716,6,0.0,0.0,0.0,50.7,True,False
ST011,717,6,0.0,0.0,0.0,45.7,True,True
ST011,718,6,0.0,0.0,0.0,47.4,True,True
ST011,719,6,0.0,0.0,0.0,48.6,True,True
ST011,720,6,0.0,0.0,0.0,42.3,True,True
ST011,721,6,0.0,0.0,0.0,49.1,True,True
ST011,722,6,0.0,0.0,0.0,45.7,True,True
ST011,723,6,0.0,0.0,0.0,48.9,True,True
ST011,724,6,127148.49,1.41,1.41,53.0,False,False
ST011,725,6,0.0,0.0,0.0,53.2,True,False
ST011,726,6,0.0,0.0,0.0,45.0,True,True
ST011,727,6,0.0,0.0,0.0,44.2,True,True
ST011,728,6,0.0,0.0,0.0,44.0,True,True
ST011,729,6,0.0,0.0,0.0,43.3,True,True
ST011,730,6,0.0,0.0,0.0,48.0,True,True
ST011,731,6,0.0,0.0,0.0,44.9,True,True
ST011,732,6,22964.73,0.21,0.21,43.7,False,True
ST011,733,6,0.0,0.0,0.0,49.0,True,True
ST011,734,6,0.0,0.0,0.0,43.5,True,True
ST011,735,6,0.0,0.0,0.0,46.0,True,True
ST011,736,6,0.0,0.0,0.0,45.5,True,True
ST011,737,6,0.0,0.0,0.0,40.9,True,True
ST011,738,6,0.0,0.0,0.0,41.1,True,True
ST011,739,6,0.0,0.0,0.0,39.9,True,True
ST011,740,6,0.0,0.0,0.0,47.8,True,True
ST011,741,6,0.0,0.0,0.0,51.5,True,False
ST011,742,6,0.0,0.0,0.0,38.8,True,True
ST011,743,6,0.0,0.0,0.0,42.7,True,True
ST011,744,6,0.0,0.0,0.0,43.8,True,True
ST011,745,6,0.0,0.0,0.0,42.7,True,True
ST011,746,6,0.0,0.0,0.0,44.8,True,True
ST011,747,6,0.0,0.0,0.0,41.1,True,True
ST011,748,6,0.0,0.0,0.0,48.2,True,True
ST011,749,6,0.0,0.0,0.0,45.6,True,True
ST011,750,6,0.0,0.0,0.0,38.2,True,True
ST011,751,6,0.0,0.0,0.0,46.0,True,True
ST011,752,6,0.0,0.0,0.0,39.6,True,True
ST011,753,6,0.0,0.0,0.0,44.5,True,True
ST011,754,6,0.0,0.0,0.0,50.2,True,False
ST011,755,6,0.0,0.0,0.0,50.7,True,False
ST011,756,6,0.0,0.0,0.0,44.8,True,True
ST011,757,6,0.0,0.0,0.0,46.5,True,True
ST011,758,6,45850.77,0.43,0.43,51.3,False,False
ST011,759,6,0.0,0.0,0.0,48.0,True,True
ST011,760,6,0.0,0.0,0.0,49.4,True,True
ST011,761,6,0.0,0.0,0.0,47.2,True,True
ST011,762,6,0.0,0.0,0.0,45.5,True,True
ST011,763,6,0.0,0.0,0.0,45.3,True,True
ST011,764,6,0.0,0.0,0.0,47.5,True,True
ST011,765,6,0.0,0.0,0.0,44.2,True,True
ST011,766,6,0.0,0.0,0.0,43.1,True,True
ST011,767,6,0.0,0.0,0.0,45.4,True,True
ST011,768,6,0.0,0.0,0.0,48.8,True,True
ST011,769,6,0.0,0.0,0.0,42.3,True,True
ST011,770,6,0.0,0.0,0.0,45.3,True,True
ST011,771,6,0.0,0.0,0.0,44.7,True,True
ST011,772,6,0.0,0.0,0.0,44.4,True,True
ST011,773,6,0.0,0.0,0.0,46.8,True,True
ST011,774,6,0.0,0.0,0.0,53.7,True,False
ST011,775,6,0.0,0.0,0.0,42.0,True,True
ST011,776,6,0.0,0.0,0.0,42.2,True,True
ST011,777,6,0.0,0.0,0.0,47.4,True,True
ST011,778,6,0.0,0.0,0.0,46.5,True,True
ST011,779,6,0.0,0.0,0.0,46.1,True,True
ST011,780,6,0.0,0.0,0.0,50.5,True,False
ST011,781,6,0.0,0.0,0.0,48.9,True,True
ST011,782,6,74837.99,0.8,0.8,46.7,False,True
ST011,783,6,0.0,0.0,0.0,47.2,True,True
ST011,784,6,0.0,0.0,0.0,47.1,True,True
ST011,785,6,0.0,0.0,0.0,51.2,True,False
ST011,786,6,0.0,0.0,0.0,50.3,True,False
ST011,787,6,0.0,0.0,0.0,44.9,True,True
ST011,788,6,0.0,0.0,0.0,43.2,True,True
ST011,789,6,0.0,0.0,0.0,47.4,True,True
ST011,790,6,0.0,0.0,0.0,43.0,True,True
ST011,791,6,0.0,0.0,0.0,45.1,True,True
ST011,792,6,0.0,0.0,0.0,46.7,True,True
ST011,793,6,0.0,0.0,0.0,51.6,True,False
ST011,794,6,0.0,0.0,0.0,52.0,True,False
ST011,795,6,0.0,0.0,0.0,50.4,True,False
ST011,796,6,0.0,0.0,0.0,49.0,True,True
ST011,797,6,0.0,0.0,0.0,48.4,True,True
ST011,798,6,0.0,0.0,0.0,42.4,True,True
ST011,799,6,32282.4,0.29,0.29,44.3,False,True
ST011,800,6,0.0,0.0,0.0,46.0,True,True
ST011,801,6,0.0,0.0,0.0,49.8,True,True
ST011,802,6,0.0,0.0,0.0,45.1,True,True
ST011,803,6,0.0,0.0,0.0,51.7,True,False
ST011,804,6,0.0,0.0,0.0,48.5,True,True
ST011,805,6,0.0,0.0,0.0,42.3,True,True
ST011,806,6,0.0,0.0,0.0,40.0,True,True
ST011,807,6,0.0,0.0,0.0,45.1,True,True
ST011,808,6,0.0,0.0,0.0,56.5,True,False
ST011,809,6,0.0,0.0,0.0,50.7,True,False
ST011,810,6,0.0,0.0,0.0,41.8,True,True
ST011,811,6,0.0,0.0,0.0,52.4,True,False
ST011,812,6,0.0,0.0,0.0,43.1,True,True
ST011,813,6,0.0,0.0,0.0,46.6,True,True
ST011,814,6,0.0,0.0,0.0,44.6,True,True
ST011,815,6,0.0,0.0,0.0,47.6,True,True
ST011,816,6,0.0,0.0,0.0,48.9,True,True
ST011,817,6,0.0,0.0,0.0,38.9,True,True
ST011,818,6,0.0,0.0,0.0,43.1,True,True
ST011,819,6,0.0,0.0,0.0,49.1,True,True
ST011,820,6,0.0,0.0,0.0,43.5,True,True
ST011,821,6,0.0,0.0,0.0,49.5,True,True
ST011,822,6,0.0,0.0,0.0,50.6,True,False
ST011,823,6,0.0,0.0,0.0,47.0,True,True
ST011,824,6,23337.3,0.17,0.17,50.2,False,False
ST011,825,6,0.0,0.0,0.0,47.1,True,True
ST011,826,6,0.0,0.0,0.0,47.2,True,True
ST011,827,6,0.0,0.0,0.0,43.9,True,True
ST011,828,6,0.0,0.0,0.0,48.4,True,True
ST011,829,6,0.0,0.0,0.0,45.1,True,True
ST011,830,6,0.0,0.0,0.0,46.3,True,True
ST011,831,6,0.0,0.0,0.0,48.9,True,True
ST011,832,6,0.0,0.0,0.0,45.5,True,True
ST011,833,6,0.0,0.0,0.0,47.3,True,True
ST011,834,6,0.0,0.0,0.0,47.0,True,True
ST011,835,6,0.0,0.0,0.0,51.9,True,False
ST011,836,6,0.0,0.0,0.0,40.3,True,True
ST011,837,6,0.0,0.0,0.0,41.2,True,True
ST011,838,6,0.0,0.0,0.0,53.9,True,False
ST011,839,6,0.0,0.0,0.0,47.8,True,True
ST011,840,6,0.0,0.0,0.0,47.4,True,True
ST011,841,6,33344.82,0.27,0.27,46.1,False,True
ST011,842,6,0.0,0.0,0.0,43.2,True,True
ST011,843,6,0.0,0.0,0.0,50.3,True,False
ST011,844,6,0.0,0.0,0.0,49.7,True,True
ST011,845,6,0.0,0.0,0.0,48.1,True,True
ST011,846,6,0.0,0.0,0.0,43.8,True,True
ST011,847,6,0.0,0.0,0.0,45.3,True,True
ST011,848,6,0.0,0.0,0.0,47.7,True,True
ST011,849,6,0.0,0.0,0.0,51.9,True,False
ST011,850,6,0.0,0.0,0.0,48.0,True,True
ST011,851,6,0.0,0.0,0.0,52.8,True,False
ST011,852,6,0.0,0.0,0.0,50.3,True,False
ST011,853,6,0.0,0.0,0.0,43.6,True,True
ST011,854,6,0.0,0.0,0.0,50.2,True,False
ST011,855,6,0.0,0.0,0.0,42.8,True,True
ST011,856,6,0.0,0.0,0.0,41.4,True,True
ST011,857,6,0.0,0.0,0.0,42.0,True,True
ST011,858,6,0.0,0.0,0.0,53.0,True,False
ST011,859,6,0.0,0.0,0.0,46.9,True,True
ST011,860,6,0.0,0.0,0.0,48.7,True,True
ST011,861,6,42848.79,0.39,0.39,44.0,False,True
ST011,862,6,0.0,0.0,0.0,47.7,True,True
ST011,863,6,0.0,0.0,0.0,46.6,True,True
ST011,864,6,0.0,0.0,0.0,49.7,True,True
ST011,865,6,0.0,0.0,0.0,45.8,True,True
ST011,866,6,0.0,0.0,0.0,50.1,True,False
ST011,867,6,0.0,0.0,0.0,45.8,True,True
ST011,868,6,0.0,0.0,0.0,46.8,True,True
ST011,869,6,0.0,0.0,0.0,49.0,True,True
ST011,870,6,0.0,0.0,0.0,37.4,True,True
ST011,871,6,0.0,0.0,0.0,50.7,True,False
ST011,872,6,0.0,0.0,0.0,49.9,True,True
ST011,873,6,0.0,0.0,0.0,46.4,True,True
ST011,874,6,0.0,0.0,0.0,49.8,True,True
ST011,875,6,0.0,0.0,0.0,42.8,True,True
ST011,876,6,0.0,0.0,0.0,53.6,True,False
ST011,877,6,72661.43,0.79,0.79,49.5,False,True
ST011,878,6,0.0,0.0,0.0,45.4,True,True
ST011,879,6,0.0,0.0,0.0,47.6,True,True
ST011,880,6,0.0,0.0,0.0,48.4,True,True
ST011,881,6,0.0,0.0,0.0,45.2,True,True
ST011,882,6,1622.84,0.01,0.01,41.8,False,True
ST011,883,6,0.0,0.0,0.0,45.1,True,True
ST011,884,6,0.0,0.0,0.0,51.7,True,False
ST011,885,6,0.0,0.0,0.0,45.0,True,True
ST011,886,6,0.0,0.0,0.0,44.3,True,True
ST011,887,6,0.0,0.0,0.0,45.6,True,True
ST011,888,6,5043.69,0.05,0.05,44.8,False,True
ST011,889,6,0.0,0.0,0.0,47.5,True,True
ST011,890,6,0.0,0.0,0.0,38.8,True,True
ST011,891,6,0.0,0.0,0.0,45.2,True,True
ST011,892,6,0.0,0.0,0.0,48.8,True,True
ST011,893,6,0.0,0.0,0.0,45.9,True,True
ST011,894,6,0.0,0.0,0.0,51.2,True,False
ST011,895,6,0.0,0.0,0.0,42.5,True,True
ST011,896,6,0.0,0.0,0.0,46.1,True,True
ST011,897,6,0.0,0.0,0.0,51.9,True,False
ST011,898,6,0.0,0.0,0.0,50.4,True,False
ST011,899,6,0.0,0.0,0.0,46.1,True,True
ST011,900,6,0.0,0.0,0.0,48.5,True,True
ST011,901,6,0.0,0.0,0.0,45.7,True,True
ST011,902,6,0.0,0.0,0.0,53.5,True,False
ST011,903,6,0.0,0.0,0.0,42.5,True,True
ST011,904,6,0.0,0.0,0.0,47.8,True,True
ST011,905,6,0.0,0.0,0.0,49.3,True,True
ST011,906,6,0.0,0.0,0.0,49.8,True,True
ST011,907,6,0.0,0.0,0.0,47.4,True,True
ST011,908,6,0.0,0.0,0.0,52.7,True,False
ST011,909,6,0.0,0.0,0.0,52.6,True,False
ST011,910,6,0.0,0.0,0.0,41.3,True,True
ST011,911,6,0.0,0.0,0.0,51.2,True,False
ST011,912,6,0.0,0.0,0.0,45.2,True,True
ST011,913,6,0.0,0.0,0.0,44.3,True,True
ST011,914,6,0.0,0.0,0.0,47.8,True,True
ST011,915,6,0.0,0.0,0.0,44.8,True,True
ST011,916,6,0.0,0.0,0.0,38.6,True,True
ST011,917,6,0.0,0.0,0.0,50.1,True,False
ST011,918,6,0.0,0.0,0.0,46.8,True,True
ST011,919,6,6877.3,0.05,0.05,50.2,False,False
ST011,920,6,0.0,0.0,0.0,42.8,True,True
ST011,921,6,0.0,0.0,0.0,45.5,True,True
ST011,922,6,33792.83,0.25,0.25,48.2,False,True
ST011,923,6,0.0,0.0,0.0,46.7,True,True
ST011,924,6,0.0,0.0,0.0,50.4,True,False
ST011,925,6,0.0,0.0,0.0,46.8,True,True
ST011,926,6,0.0,0.0,0.0,49.2,True,True
ST011,927,6,0.0,0.0,0.0,49.0,True,True
ST011,928,6,0.0,0.0,0.0,46.1,True,True
ST011,929,6,0.0,0.0,0.0,47.8,True,True
ST011,930,6,0.0,0.0,0.0,50.6,True,False
ST011,931,6,0.0,0.0,0.0,48.3,True,True
ST011,932,6,0.0,0.0,0.0,45.8,True,True
ST011,933,6,0.0,0.0,0.0,50.8,True,False
ST011,934,6,0.0,0.0,0.0,45.7,True,True
ST011,935,6,0.0,0.0,0.0,42.5,True,True
ST011,936,6,0.0,0.0,0.0,43.2,True,True
ST011,937,6,0.0,0.0,0.0,43.9,True,True
ST011,938,6,0.0,0.0,0.0,50.9,True,False
ST011,939,6,0.0,0.0,0.0,48.2,True,True
ST011,940,6,0.0,0.0,0.0,50.3,True,False
ST011,941,6,0.0,0.0,0.0,45.5,True,True
ST011,942,6,0.0,0.0,0.0,47.4,True,True
ST011,943,6,0.0,0.0,0.0,40.9,True,True
ST011,944,6,71620.28,0.8,0.8,50.4,False,False
ST011,945,6,0.0,0.0,0.0,51.1,True,False
ST011,946,6,0.0,0.0,0.0,46.9,True,True
ST011,947,6,0.0,0.0,0.0,48.4,True,True
ST011,948,6,0.0,0.0,0.0,45.9,True,True
ST011,949,6,0.0,0.0,0.0,48.3,True,True
ST011,950,6,11363.93,0.1,0.1,44.1,False,True
ST011,951,6,0.0,0.0,0.0,50.3,True,False
ST011,952,6,0.0,0.0,0.0,53.9,True,False
ST011,953,6,0.0,0.0,0.0,43.9,True,True
ST011,954,6,0.0,0.0,0.0,45.3,True,True
ST011,955,6,0.0,0.0,0.0,45.5,True,True
ST011,956,6,0.0,0.0,0.0,45.7,True,True
ST011,957,6,0.0,0.0,0.0,42.1,True,True
ST011,958,6,0.0,0.0,0.0,52.7,True,False
ST011,959,6,0.0,0.0,0.0,48.9,True,True
ST011,960,6,0.0,0.0,0.0,47.7,True,True
ST011,961,6,52290.23,0.43,0.43,47.0,False,True
ST011,962,6,0.0,0.0,0.0,51.1,True,False
ST011,963,6,0.0,0.0,0.0,56.0,True,False
ST011,964,6,0.0,0.0,0.0,46.5,True,True
ST011,965,6,0.0,0.0,0.0,49.4,True,True
ST011,966,6,0.0,0.0,0.0,52.0,True,False
ST011,967,6,0.0,0.0,0.0,47.8,True,True
ST011,968,6,0.0,0.0,0.0,46.7,True,True
ST011,969,6,0.0,0.0,0.0,50.8,True,False
ST011,970,6,0.0,0.0,0.0,48.1,True,True
ST011,971,6,34507.34,0.31,0.31,45.9,False,True
ST011,972,6,0.0,0.0,0.0,47.7,True,True
ST011,973,6,0.0,0.0,0.0,43.9,True,True
ST011,974,6,0.0,0.0,0.0,51.0,True,False
ST011,975,6,0.0,0.0,0.0,41.3,True,True
ST011,976,6,0.0,0.0,0.0,45.5,True,True
ST011,977,6,0.0,0.0,0.0,42.4,True,True
ST011,978,6,0.0,0.0,0.0,46.3,True,True
ST011,979,6,0.0,0.0,0.0,43.6,True,True
ST011,980,6,0.0,0.0,0.0,46.6,True,True
ST011,981,6,0.0,0.0,0.0,42.4,True,True
ST011,982,6,0.0,0.0,0.0,43.3,True,True
ST011,983,6,0.0,0.0,0.0,45.3,True,True
ST011,984,6,0.0,0.0,0.0,46.9,True,True
ST011,985,6,0.0,0.0,0.0,50.8,True,False
ST011,986,6,0.0,0.0,0.0,52.1,True,False
ST011,987,6,0.0,0.0,0.0,52.1,True,False
ST011,988,6,0.0,0.0,0.0,43.6,True,True
ST011,989,6,0.0,0.0,0.0,46.9,True,True
ST011,990,6,0.0,0.0,0.0,51.6,True,False
ST011,991,6,0.0,0.0,0.0,44.5,True,True
ST011,992,6,0.0,0.0,0.0,45.2,True,True
ST011,993,6,0.0,0.0,0.0,52.9,True,False
ST011,994,6,0.0,0.0,0.0,45.9,True,True
ST011,995,6,0.0,0.0,0.0,46.0,True,True
ST011,996,6,0.0,0.0,0.0,41.9,True,True
ST011,997,6,0.0,0.0,0.0,49.6,True,True
ST011,998,6,0.0,0.0,0.0,44.1,True,True
ST011,999,6,26515.84,0.2,0.2,47.3,False,True
ST011,1000,6,0.0,0.0,0.0,47.3,True,True
ST012,1,6,0.0,0.0,0.0,43.8,True,True
ST012,2,6,0.0,0.0,0.0,52.4,True,False
ST012,3,6,0.0,0.0,0.0,40.1,True,True
ST012,4,6,0.0,0.0,0.0,48.0,True,True
ST012,5,6,5092.63,0.16,0.16,50.2,False,False
ST012,6,6,37447.02,1.28,1.28,57.6,False,False
ST012,7,6,0.0,0.0,0.0,48.1,True,True
ST012,8,6,0.0,0.0,0.0,45.0,True,True
ST012,9,6,0.0,0.0,0.0,49.5,True,True
ST012,10,6,0.0,0.0,0.0,47.2,True,True
ST012,11,6,0.0,0.0,0.0,47.2,True,True
ST012,12,6,0.0,0.0,0.0,50.7,True,False
ST012,13,6,0.0,0.0,0.0,45.8,True,True
ST012,14,6,0.0,0.0,0.0,38.7,True,True
ST012,15,6,0.0,0.0,0.0,42.2,True,True
ST012,16,6,0.0,0.0,0.0,49.9,True,True
ST012,17,6,0.0,0.0,0.0,45.6,True,True
ST012,18,6,0.0,0.0,0.0,51.2,True,False
ST012,19,6,0.0,0.0,0.0,48.1,True,True
ST012,20,6,0.0,0.0,0.0,45.4,True,True
ST012,21,6,0.0,0.0,0.0,38.6,True,True
ST012,22,6,0.0,0.0,0.0,48.3,True,True
ST012,23,6,24743.69,0.95,0.95,44.0,False,True
ST012,24,6,0.0,0.0,0.0,42.5,True,True
ST012,25,6,5756.85,0.2,0.2,49.6,False,True
ST012,26,6,0.0,0.0,0.0,52.3,True,False
ST012,27,6,0.0,0.0,0.0,51.9,True,False
ST012,28,6,0.0,0.0,0.0,42.3,True,True
ST012,29,6,0.0,0.0,0.0,55.7,True,False
ST012,30,6,0.0,0.0,0.0,48.8,True,True
ST012,31,6,0.0,0.0,0.0,47.1,True,True
ST012,32,6,0.0,0.0,0.0,51.0,True,False
ST012,33,6,0.0,0.0,0.0,46.3,True,True
ST012,34,6,0.0,0.0,0.0,48.4,True,True
ST012,35,6,0.0,0.0,0.0,43.7,True,True
ST012,36,6,0.0,0.0,0.0,62.1,True,False
ST012,37,6,0.0,0.0,0.0,53.0,True,False
ST012,38,6,0.0,0.0,0.0,46.5,True,True
ST012,39,6,0.0,0.0,0.0,39.9,True,True
ST012,40,6,0.0,0.0,0.0,50.7,True,False
ST012,41,6,0.0,0.0,0.0,43.8,True,True
ST012,42,6,0.0,0.0,0.0,49.4,True,True
ST012,43,6,0.0,0.0,0.0,48.8,True,True
ST012,44,6,0.0,0.0,0.0,46.9,True,True
ST012,45,6,7573.74,0.18,0.18,51.7,False,False
ST012,46,6,0.0,0.0,0.0,49.0,True,True
ST012,47,6,0.0,0.0,0.0,53.2,True,False
ST012,48,6,0.0,0.0,0.0,53.1,True,False
ST012,49,6,0.0,0.0,0.0,44.4,True,True
ST012,50,6,0.0,0.0,0.0,45.1,True,True
ST012,51,6,0.0,0.0,0.0,44.3,True,True
ST012,52,6,0.0,0.0,0.0,42.7,True,True
ST012,53,6,0.0,0.0,0.0,40.3,True,True
ST012,54,6,0.0,0.0,0.0,46.8,True,True
ST012,55,6,0.0,0.0,0.0,46.3,True,True
ST012,56,6,0.0,0.0,0.0,47.8,True,True
ST012,57,6,0.0,0.0,0.0,44.5,True,True
ST012,58,6,0.0,0.0,0.0,51.4,True,False
ST012,59,6,0.0,0.0,0.0,50.4,True,False
ST012,60,6,0.0,0.0,0.0,38.3,True,True
ST012,61,6,0.0,0.0,0.0,52.3,True,False
ST012,62,6,0.0,0.0,0.0,42.1,True,True
ST012,63,6,0.0,0.0,0.0,44.9,True,True
ST012,64,6,0.0,0.0,0.0,51.5,True,False
ST012,65,6,0.0,0.0,0.0,55.8,True,False
ST012,66,6,11446.22,0.33,0.33,42.9,False,True
ST012,67,6,0.0,0.0,0.0,50.7,True,False
ST012,68,6,0.0,0.0,0.0,39.5,True,True
ST012,69,6,0.0,0.0,0.0,50.4,True,False
ST012,70,6,0.0,0.0,0.0,49.9,True,True
ST012,71,6,17991.71,0.46,0.46,45.7,False,True
ST012,72,6,0.0,0.0,0.0,46.0,True,True
ST012,73,6,0.0,0.0,0.0,48.9,True,True
ST012,74,6,0.0,0.0,0.0,54.9,True,False
ST012,75,6,7434.49,0.26,0.26,45.8,False,True
ST012,76,6,0.0,0.0,0.0,50.0,True,False
ST012,77,6,0.0,0.0,0.0,46.3,True,True
ST012,78,6,0.0,0.0,0.0,41.4,True,True
ST012,79,6,0.0,0.0,0.0,42.9,True,True
ST012,80,6,0.0,0.0,0.0,50.2,True,False
ST012,81,6,0.0,0.0,0.0,41.4,True,True
ST012,82,6,0.0,0.0,0.0,38.0,True,True
ST012,83,6,0.0,0.0,0.0,50.4,True,False
ST012,84,6,0.0,0.0,0.0,52.6,True,False
ST012,85,6,0.0,0.0,0.0,46.1,True,True
ST012,86,6,0.0,0.0,0.0,43.6,True,True
ST012,87,6,0.0,0.0,0.0,46.8,True,True
ST012,88,6,0.0,0.0,0.0,42.2,True,True
ST012,89,6,0.0,0.0,0.0,50.0,True,False
ST012,90,6,0.0,0.0,0.0,51.1,True,False
ST012,91,6,13018.69,0.39,0.39,51.2,False,False
ST012,92,6,0.0,0.0,0.0,36.1,True,True
ST012,93,6,0.0,0.0,0.0,49.0,True,True
ST012,94,6,0.0,0.0,0.0,42.4,True,True
ST012,95,6,0.0,0.0,0.0,37.1,True,True
ST012,96,6,0.0,0.0,0.0,53.7,True,False
ST012,97,6,0.0,0.0,0.0,47.1,True,True
ST012,98,6,0.0,0.0,0.0,46.0,True,True
ST012,99,6,0.0,0.0,0.0,47.2,True,True
ST012,100,6,0.0,0.0,0.0,55.2,True,False
ST012,101,6,0.0,0.0,0.0,58.1,True,False
ST012,102,6,0.0,0.0,0.0,45.8,True,True
ST012,103,6,0.0,0.0,0.0,42.2,True,True
ST012,104,6,0.0,0.0,0.0,36.6,True,True
ST012,105,6,0.0,0.0,0.0,43.9,True,True
ST012,106,6,0.0,0.0,0.0,49.6,True,True
ST012,107,6,0.0,0.0,0.0,47.8,True,True
ST012,108,6,0.0,0.0,0.0,46.0,True,True
ST012,109,6,0.0,0.0,0.0,49.5,True,True
ST012,110,6,0.0,0.0,0.0,48.8,True,True
ST012,111,6,1167.34,0.03,0.03,59.2,False,False
ST012,112,6,0.0,0.0,0.0,52.1,True,False
ST012,113,6,0.0,0.0,0.0,53.1,True,False
ST012,114,6,0.0,0.0,0.0,52.7,True,False
ST012,115,6,0.0,0.0,0.0,53.3,True,False
ST012,116,6,12986.54,0.31,0.31,37.2,False,True
ST012,117,6,13796.15,0.52,0.52,53.6,False,False
ST012,118,6,0.0,0.0,0.0,44.3,True,True
ST012,119,6,0.0,0.0,0.0,48.9,True,True
ST012,120,6,0.0,0.0,0.0,50.2,True,False
ST012,121,6,0.0,0.0,0.0,51.9,True,False
ST012,122,6,0.0,0.0,0.0,48.8,True,True
ST012,123,6,0.0,0.0,0.0,62.3,True,False
ST012,124,6,0.0,0.0,0.0,45.3,True,True
ST012,125,6,0.0,0.0,0.0,47.0,True,True
ST012,126,6,0.0,0.0,0.0,41.7,True,True
ST012,127,6,0.0,0.0,0.0,49.8,True,True
ST012,128,6,0.0,0.0,0.0,54.0,True,False
ST012,129,6,58481.69,1.9,1.9,49.6,False,True
ST012,130,6,0.0,0.0,0.0,48.3,True,True
ST012,131,6,0.0,0.0,0.0,43.6,True,True
ST012,132,6,0.0,0.0,0.0,47.1,True,True
ST012,133,6,0.0,0.0,0.0,46.5,True,True
ST012,134,6,33156.88,1.37,1.37,41.0,False,True
ST012,135,6,0.0,0.0,0.0,51.5,True,False
ST012,136,6,0.0,0.0,0.0,53.1,True,False
ST012,137,6,0.0,0.0,0.0,42.8,True,True
ST012,138,6,0.0,0.0,0.0,56.7,True,False
ST012,139,6,0.0,0.0,0.0,48.4,True,True
ST012,140,6,0.0,0.0,0.0,48.2,True,True
ST012,141,6,0.0,0.0,0.0,47.1,True,True
ST012,142,6,0.0,0.0,0.0,50.7,True,False
ST012,143,6,0.0,0.0,0.0,43.2,True,True
ST012,144,6,25054.81,0.9,0.9,48.7,False,True
ST012,145,6,0.0,0.0,0.0,50.1,True,False
ST012,146,6,0.0,0.0,0.0,52.9,True,False
ST012,147,6,14923.94,0.43,0.43,50.0,False,False
ST012,148,6,0.0,0.0,0.0,41.3,True,True
ST012,149,6,0.0,0.0,0.0,57.5,True,False
ST012,150,6,0.0,0.0,0.0,44.8,True,True
ST012,151,6,0.0,0.0,0.0,52.4,True,False
ST012,152,6,0.0,0.0,0.0,50.2,True,False
ST012,153,6,0.0,0.0,0.0,43.9,True,True
ST012,154,6,0.0,0.0,0.0,59.6,True,False
ST012,155,6,0.0,0.0,0.0,41.8,True,True
ST012,156,6,0.0,0.0,0.0,53.5,True,False
ST012,157,6,0.0,0.0,0.0,41.3,True,True
ST012,158,6,0.0,0.0,0.0,48.2,True,True
ST012,159,6,0.0,0.0,0.0,46.3,True,True
ST012,160,6,0.0,0.0,0.0,42.0,True,True
ST012,161,6,0.0,0.0,0.0,42.0,True,True
ST012,162,6,0.0,0.0,0.0,55.2,True,False
ST012,163,6,0.0,0.0,0.0,52.3,True,False
ST012,164,6,9526.38,0.36,0.36,51.2,False,False
ST012,165,6,0.0,0.0,0.0,48.0,True,True
ST012,166,6,0.0,0.0,0.0,38.2,True,True
ST012,167,6,0.0,0.0,0.0,46.6,True,True
ST012,168,6,0.0,0.0,0.0,41.7,True,True
ST012,169,6,0.0,0.0,0.0,42.2,True,True
ST012,170,6,0.0,0.0,0.0,58.6,True,False
ST012,171,6,0.0,0.0,0.0,43.5,True,True
ST012,172,6,0.0,0.0,0.0,51.2,True,False
ST012,173,6,0.0,0.0,0.0,39.9,True,True
ST012,174,6,48886.35,2.61,2.61,42.0,False,True
ST012,175,6,0.0,0.0,0.0,48.9,True,True
ST012,176,6,0.0,0.0,0.0,43.2,True,True
ST012,177,6,0.0,0.0,0.0,43.7,True,True
ST012,178,6,0.0,0.0,0.0,49.3,True,True
ST012,179,6,0.0,0.0,0.0,45.1,True,True
ST012,180,6,0.0,0.0,0.0,45.1,True,True
ST012,181,6,0.0,0.0,0.0,45.0,True,True
ST012,182,6,0.0,0.0,0.0,52.2,True,False
ST012,183,6,0.0,0.0,0.0,44.3,True,True
ST012,184,6,0.0,0.0,0.0,48.9,True,True
ST012,185,6,11653.66,0.35,0.35,53.0,False,False
ST012,186,6,0.0,0.0,0.0,57.6,True,False
ST012,187,6,0.0,0.0,0.0,49.6,True,True
ST012,188,6,0.0,0.0,0.0,57.3,True,False
ST012,189,6,0.0,0.0,0.0,35.4,True,True
ST012,190,6,0.0,0.0,0.0,53.4,True,False
ST012,191,6,0.0,0.0,0.0,42.7,True,True
ST012,192,6,1780.62,0.05,0.05,44.3,False,True
ST012,193,6,0.0,0.0,0.0,44.9,True,True
ST012,194,6,0.0,0.0,0.0,44.7,True,True
ST012,195,6,0.0,0.0,0.0,50.7,True,False
ST012,196,6,0.0,0.0,0.0,52.3,True,False
ST012,197,6,0.0,0.0,0.0,43.6,True,True
ST012,198,6,0.0,0.0,0.0,42.2,True,True
ST012,199,6,0.0,0.0,0.0,41.5,True,True
ST012,200,6,0.0,0.0,0.0,43.1,True,True
ST012,201,6,16647.71,0.52,0.52,47.4,False,True
ST012,202,6,0.0,0.0,0.0,45.1,True,True
ST012,203,6,0.0,0.0,0.0,48.0,True,True
ST012,204,6,0.0,0.0,0.0,47.8,True,True
ST012,205,6,0.0,0.0,0.0,53.9,True,False
ST012,206,6,0.0,0.0,0.0,57.1,True,False
ST012,207,6,0.0,0.0,0.0,39.2,True,True
ST012,208,6,0.0,0.0,0.0,46.7,True,True
ST012,209,6,0.0,0.0,0.0,35.7,True,True
ST012,210,6,0.0,0.0,0.0,51.5,True,False
ST012,211,6,0.0,0.0,0.0,39.7,True,True
ST012,212,6,0.0,0.0,0.0,56.2,True,False
ST012,213,6,0.0,0.0,0.0,46.9,True,True
ST012,214,6,0.0,0.0,0.0,52.2,True,False
ST012,215,6,0.0,0.0,0.0,43.0,True,True
ST012,216,6,0.0,0.0,0.0,42.8,True,True
ST012,217,6,0.0,0.0,0.0,46.0,True,True
ST012,218,6,0.0,0.0,0.0,41.5,True,True
ST012,219,6,0.0,0.0,0.0,39.7,True,True
ST012,220,6,0.0,0.0,0.0,46.6,True,True
ST012,221,6,0.0,0.0,0.0,51.1,True,False
ST012,222,6,0.0,0.0,0.0,55.2,True,False
ST012,223,6,0.0,0.0,0.0,55.3,True,False
ST012,224,6,0.0,0.0,0.0,42.5,True,True
ST012,225,6,0.0,0.0,0.0,40.4,True,True
ST012,226,6,0.0,0.0,0.0,45.2,True,True
ST012,227,6,0.0,0.0,0.0,53.8,True,False
ST012,228,6,0.0,0.0,0.0,49.6,True,True
ST012,229,6,0.0,0.0,0.0,40.4,True,True
ST012,230,6,0.0,0.0,0.0,44.2,True,True
ST012,231,6,0.0,0.0,0.0,54.0,True,False
ST012,232,6,0.0,0.0,0.0,52.1,True,False
ST012,233,6,0.0,0.0,0.0,49.1,True,True
ST012,234,6,0.0,0.0,0.0,49.7,True,True
ST012,235,6,0.0,0.0,0.0,51.6,True,False
ST012,236,6,0.0,0.0,0.0,55.0,True,False
ST012,237,6,0.0,0.0,0.0,54.2,True,False
ST012,238,6,0.0,0.0,0.0,52.2,True,False
ST012,239,6,0.0,0.0,0.0,45.7,True,True
ST012,240,6,0.0,0.0,0.0,50.9,True,False
ST012,241,6,0.0,0.0,0.0,45.5,True,True
ST012,242,6,0.0,0.0,0.0,49.1,True,True
ST012,243,6,0.0,0.0,0.0,50.1,True,False
ST012,244,6,0.0,0.0,0.0,45.7,True,True
ST012,245,6,0.0,0.0,0.0,52.9,True,False
ST012,246,6,0.0,0.0,0.0,33.1,True,True
ST012,247,6,0.0,0.0,0.0,52.1,True,False
ST012,248,6,0.0,0.0,0.0,45.3,True,True
ST012,249,6,0.0,0.0,0.0,51.1,True,False
ST012,250,6,0.0,0.0,0.0,55.2,True,False
ST012,251,6,0.0,0.0,0.0,54.6,True,False
ST012,252,6,0.0,0.0,0.0,50.6,True,False
ST012,253,6,0.0,0.0,0.0,56.9,True,False
ST012,254,6,0.0,0.0,0.0,45.3,True,True
ST012,255,6,39307.24,1.69,1.69,47.7,False,True
ST012,256,6,0.0,0.0,0.0,55.1,True,False
ST012,257,6,0.0,0.0,0.0,52.5,True,False
ST012,258,6,0.0,0.0,0.0,51.5,True,False
ST012,259,6,17136.15,0.5,0.5,35.2,False,True
ST012,260,6,30898.99,0.92,0.92,47.7,False,True
ST012,261,6,0.0,0.0,0.0,49.3,True,True
ST012,262,6,0.0,0.0,0.0,50.9,True,False
ST012,263,6,55788.52,2.24,2.24,42.9,False,True
ST012,264,6,0.0,0.0,0.0,45.2,True,True
ST012,265,6,0.0,0.0,0.0,50.0,True,False
ST012,266,6,0.0,0.0,0.0,42.7,True,True
ST012,267,6,0.0,0.0,0.0,43.9,True,True
ST012,268,6,0.0,0.0,0.0,47.2,True,True
ST012,269,6,0.0,0.0,0.0,48.9,True,True
ST012,270,6,0.0,0.0,0.0,52.9,True,False
ST012,271,6,0.0,0.0,0.0,48.2,True,True
ST012,272,6,0.0,0.0,0.0,57.1,True,False
ST012,273,6,29427.52,1.03,1.03,35.4,False,True
ST012,274,6,0.0,0.0,0.0,47.3,True,True
ST012,275,6,0.0,0.0,0.0,39.4,True,True
ST012,276,6,0.0,0.0,0.0,47.7,True,True
ST012,277,6,0.0,0.0,0.0,44.1,True,True
ST012,278,6,0.0,0.0,0.0,51.2,True,False
ST012,279,6,0.0,0.0,0.0,36.8,True,True
ST012,280,6,0.0,0.0,0.0,47.2,True,True
ST012,281,6,0.0,0.0,0.0,54.0,True,False
ST012,282,6,0.0,0.0,0.0,53.5,True,False
ST012,283,6,0.0,0.0,0.0,44.4,True,True
ST012,284,6,0.0,0.0,0.0,45.8,True,True
ST012,285,6,0.0,0.0,0.0,42.5,True,True
ST012,286,6,5152.95,0.12,0.12,48.0,False,True
ST012,287,6,0.0,0.0,0.0,48.1,True,True
ST012,288,6,0.0,0.0,0.0,56.5,True,False
ST012,289,6,0.0,0.0,0.0,46.0,True,True
ST012,290,6,0.0,0.0,0.0,52.4,True,False
ST012,291,6,0.0,0.0,0.0,53.6,True,False
ST012,292,6,0.0,0.0,0.0,43.7,True,True
ST012,293,6,0.0,0.0,0.0,40.7,True,True
ST012,294,6,0.0,0.0,0.0,55.1,True,False
ST012,295,6,0.0,0.0,0.0,42.0,True,True
ST012,296,6,0.0,0.0,0.0,54.4,True,False
ST012,297,6,0.0,0.0,0.0,37.5,True,True
ST012,298,6,0.0,0.0,0.0,39.7,True,True
ST012,299,6,0.0,0.0,0.0,46.7,True,True
ST012,300,6,0.0,0.0,0.0,40.3,True,True
ST012,301,6,0.0,0.0,0.0,53.3,True,False
ST012,302,6,0.0,0.0,0.0,45.1,True,True
ST012,303,6,0.0,0.0,0.0,52.6,True,False
ST012,304,6,0.0,0.0,0.0,47.2,True,True
ST012,305,6,0.0,0.0,0.0,50.0,True,False
ST012,306,6,0.0,0.0,0.0,48.0,True,True
ST012,307,6,0.0,0.0,0.0,45.2,True,True
ST012,308,6,0.0,0.0,0.0,47.0,True,True
ST012,309,6,0.0,0.0,0.0,45.6,True,True
ST012,310,6,0.0,0.0,0.0,35.9,True,True
ST012,311,6,0.0,0.0,0.0,42.7,True,True
ST012,312,6,0.0,0.0,0.0,45.8,True,True
ST012,313,6,0.0,0.0,0.0,47.1,True,True
ST012,314,6,0.0,0.0,0.0,43.0,True,True
ST012,315,6,0.0,0.0,0.0,46.1,True,True
ST012,316,6,0.0,0.0,0.0,53.9,True,False
ST012,317,6,0.0,0.0,0.0,43.4,True,True
ST012,318,6,0.0,0.0,0.0,51.5,True,False
ST012,319,6,0.0,0.0,0.0,52.9,True,False
ST012,320,6,0.0,0.0,0.0,42.8,True,True
ST012,321,6,0.0,0.0,0.0,45.7,True,True
ST012,322,6,0.0,0.0,0.0,54.0,True,False
ST012,323,6,0.0,0.0,0.0,43.8,True,True
ST012,324,6,0.0,0.0,0.0,51.0,True,False
ST012,325,6,0.0,0.0,0.0,45.9,True,True
ST012,326,6,0.0,0.0,0.0,47.7,True,True
ST012,327,6,0.0,0.0,0.0,39.4,True,True
ST012,328,6,0.0,0.0,0.0,51.6,True,False
ST012,329,6,14789.39,0.43,0.43,50.1,False,False
ST012,330,6,10027.44,0.33,0.33,47.2,False,True
ST012,331,6,0.0,0.0,0.0,50.7,True,False
ST012,332,6,0.0,0.0,0.0,46.8,True,True
ST012,333,6,0.0,0.0,0.0,49.8,True,True
ST012,334,6,0.0,0.0,0.0,48.1,True,True
ST012,335,6,0.0,0.0,0.0,44.1,True,True
ST012,336,6,0.0,0.0,0.0,40.5,True,True
ST012,337,6,0.0,0.0,0.0,52.8,True,False
ST012,338,6,8141.65,0.21,0.21,45.6,False,True
ST012,339,6,0.0,0.0,0.0,46.3,True,True
ST012,340,6,0.0,0.0,0.0,42.4,True,True
ST012,341,6,0.0,0.0,0.0,45.2,True,True
ST012,342,6,0.0,0.0,0.0,47.9,True,True
ST012,343,6,45225.3,1.61,1.61,48.0,False,True
ST012,344,6,0.0,0.0,0.0,47.3,True,True
ST012,345,6,0.0,0.0,0.0,41.9,True,True
ST012,346,6,0.0,0.0,0.0,52.8,True,False
ST012,347,6,0.0,0.0,0.0,40.5,True,True
ST012,348,6,0.0,0.0,0.0,42.3,True,True
ST012,349,6,23732.28,0.68,0.68,42.8,False,True
ST012,350,6,0.0,0.0,0.0,38.0,True,True
ST012,351,6,0.0,0.0,0.0,51.3,True,False
ST012,352,6,0.0,0.0,0.0,45.0,True,True
ST012,353,6,6276.58,0.22,0.22,48.6,False,True
ST012,354,6,2791.68,0.08,0.08,47.1,False,True
ST012,355,6,0.0,0.0,0.0,54.9,True,False
ST012,356,6,0.0,0.0,0.0,46.0,True,True
ST012,357,6,0.0,0.0,0.0,47.9,True,True
ST012,358,6,0.0,0.0,0.0,45.0,True,True
ST012,359,6,0.0,0.0,0.0,49.7,True,True
ST012,360,6,0.0,0.0,0.0,42.9,True,True
ST012,361,6,0.0,0.0,0.0,45.2,True,True
ST012,362,6,0.0,0.0,0.0,46.1,True,True
ST012,363,6,0.0,0.0,0.0,41.3,True,True
ST012,364,6,0.0,0.0,0.0,42.8,True,True
ST012,365,6,0.0,0.0,0.0,45.7,True,True
ST012,366,6,0.0,0.0,0.0,47.8,True,True
ST012,367,6,0.0,0.0,0.0,40.7,True,True
ST012,368,6,0.0,0.0,0.0,48.1,True,True
ST012,369,6,0.0,0.0,0.0,51.6,True,False
ST012,370,6,0.0,0.0,0.0,44.1,True,True
ST012,371,6,0.0,0.0,0.0,50.2,True,False
ST012,372,6,0.0,0.0,0.0,53.4,True,False
ST012,373,6,0.0,0.0,0.0,47.2,True,True
ST012,374,6,0.0,0.0,0.0,49.3,True,True
ST012,375,6,0.0,0.0,0.0,45.0,True,True
ST012,376,6,0.0,0.0,0.0,51.3,True,False
ST012,377,6,0.0,0.0,0.0,50.9,True,False
ST012,378,6,0.0,0.0,0.0,47.6,True,True
ST012,379,6,0.0,0.0,0.0,48.0,True,True
ST012,380,6,0.0,0.0,0.0,55.1,True,False
ST012,381,6,0.0,0.0,0.0,45.8,True,True
ST012,382,6,0.0,0.0,0.0,48.4,True,True
ST012,383,6,0.0,0.0,0.0,45.7,True,True
ST012,384,6,0.0,0.0,0.0,52.3,True,False
ST012,385,6,0.0,0.0,0.0,51.8,True,False
ST012,386,6,0.0,0.0,0.0,42.4,True,True
ST012,387,6,0.0,0.0,0.0,41.6,True,True
ST012,388,6,0.0,0.0,0.0,48.5,True,True
ST012,389,6,0.0,0.0,0.0,47.2,True,True
ST012,390,6,0.0,0.0,0.0,45.6,True,True
ST012,391,6,0.0,0.0,0.0,54.5,True,False
ST012,392,6,0.0,0.0,0.0,41.6,True,True
ST012,393,6,0.0,0.0,0.0,49.5,True,True
ST012,394,6,0.0,0.0,0.0,49.6,True,True
ST012,395,6,0.0,0.0,0.0,46.9,True,True
ST012,396,6,0.0,0.0,0.0,43.1,True,True
ST012,397,6,0.0,0.0,0.0,44.9,True,True
ST012,398,6,0.0,0.0,0.0,45.6,True,True
ST012,399,6,0.0,0.0,0.0,43.8,True,True
ST012,400,6,0.0,0.0,0.0,49.9,True,True
ST012,401,6,0.0,0.0,0.0,44.7,True,True
ST012,402,6,5686.54,0.15,0.15,45.5,False,True
ST012,403,6,0.0,0.0,0.0,47.9,True,True
ST012,404,6,0.0,0.0,0.0,52.6,True,False
ST012,405,6,0.0,0.0,0.0,50.4,True,False
ST012,406,6,0.0,0.0,0.0,48.7,True,True
ST012,407,6,0.0,0.0,0.0,43.7,True,True
ST012,408,6,0.0,0.0,0.0,44.3,True,True
ST012,409,6,0.0,0.0,0.0,50.9,True,False
ST012,410,6,534.98,0.02,0.02,46.8,False,True
ST012,411,6,0.0,0.0,0.0,48.0,True,True
ST012,412,6,0.0,0.0,0.0,40.1,True,True
ST012,413,6,0.0,0.0,0.0,49.5,True,True
ST012,414,6,13822.17,0.55,0.55,54.8,False,False
ST012,415,6,0.0,0.0,0.0,48.7,True,True
ST012,416,6,0.0,0.0,0.0,48.1,True,True
ST012,417,6,0.0,0.0,0.0,45.2,True,True
ST012,418,6,0.0,0.0,0.0,52.1,True,False
ST012,419,6,0.0,0.0,0.0,48.0,True,True
ST012,420,6,0.0,0.0,0.0,48.8,True,True
ST012,421,6,0.0,0.0,0.0,43.1,True,True
ST012,422,6,0.0,0.0,0.0,56.9,True,False
ST012,423,6,0.0,0.0,0.0,53.9,True,False
ST012,424,6,0.0,0.0,0.0,48.2,True,True
ST012,425,6,0.0,0.0,0.0,42.5,True,True
ST012,426,6,0.0,0.0,0.0,44.8,True,True
ST012,427,6,0.0,0.0,0.0,55.1,True,False
ST012,428,6,0.0,0.0,0.0,48.5,True,True
ST012,429,6,0.0,0.0,0.0,48.5,True,True
ST012,430,6,0.0,0.0,0.0,46.5,True,True
ST012,431,6,0.0,0.0,0.0,44.1,True,True
ST012,432,6,0.0,0.0,0.0,49.0,True,True
ST012,433,6,0.0,0.0,0.0,40.3,True,True
ST012,434,6,0.0,0.0,0.0,48.7,True,True
ST012,435,6,0.0,0.0,0.0,51.3,True,False
ST012,436,6,0.0,0.0,0.0,45.3,True,True
ST012,437,6,15513.02,0.48,0.48,43.7,False,True
ST012,438,6,0.0,0.0,0.0,51.9,True,False
ST012,439,6,0.0,0.0,0.0,38.5,True,True
ST012,440,6,0.0,0.0,0.0,55.3,True,False
ST012,441,6,0.0,0.0,0.0,49.5,True,True
ST012,442,6,0.0,0.0,0.0,46.3,True,True
ST012,443,6,0.0,0.0,0.0,43.1,True,True
ST012,444,6,0.0,0.0,0.0,43.7,True,True
ST012,445,6,0.0,0.0,0.0,37.1,True,True
ST012,446,6,0.0,0.0,0.0,47.2,True,True
ST012,447,6,0.0,0.0,0.0,47.6,True,True
ST012,448,6,0.0,0.0,0.0,43.1,True,True
ST012,449,6,0.0,0.0,0.0,50.9,True,False
ST012,450,6,0.0,0.0,0.0,50.1,True,False
ST012,451,6,0.0,0.0,0.0,47.4,True,True
ST012,452,6,0.0,0.0,0.0,55.4,True,False
ST012,453,6,0.0,0.0,0.0,46.1,True,True
ST012,454,6,0.0,0.0,0.0,43.5,True,True
ST012,455,6,0.0,0.0,0.0,50.4,True,False
ST012,456,6,0.0,0.0,0.0,51.6,True,False
ST012,457,6,0.0,0.0,0.0,51.2,True,False
ST012,458,6,0.0,0.0,0.0,45.6,True,True
ST012,459,6,0.0,0.0,0.0,49.9,True,True
ST012,460,6,0.0,0.0,0.0,44.5,True,True
ST012,461,6,0.0,0.0,0.0,41.5,True,True
ST012,462,6,0.0,0.0,0.0,47.2,True,True
ST012,463,6,16115.99,0.53,0.53,48.3,False,True
ST012,464,6,0.0,0.0,0.0,56.0,True,False
ST012,465,6,0.0,0.0,0.0,48.5,True,True
ST012,466,6,0.0,0.0,0.0,38.5,True,True
ST012,467,6,0.0,0.0,0.0,49.0,True,True
ST012,468,6,0.0,0.0,0.0,47.8,True,True
ST012,469,6,0.0,0.0,0.0,53.3,True,False
ST012,470,6,0.0,0.0,0.0,48.0,True,True
ST012,471,6,0.0,0.0,0.0,49.1,True,True
ST012,472,6,0.0,0.0,0.0,51.3,True,False
ST012,473,6,4166.75,0.15,0.15,48.3,False,True
ST012,474,6,0.0,0.0,0.0,49.6,True,True
ST012,475,6,0.0,0.0,0.0,52.3,True,False
ST012,476,6,0.0,0.0,0.0,47.7,True,True
ST012,477,6,0.0,0.0,0.0,41.6,True,True
ST012,478,6,0.0,0.0,0.0,45.2,True,True
ST012,479,6,0.0,0.0,0.0,47.7,True,True
ST012,480,6,0.0,0.0,0.0,47.9,True,True
ST012,481,6,32100.0,1.36,1.33,50.4,False,False
ST012,482,6,48293.88,1.82,1.82,54.8,False,False
ST012,483,6,0.0,0.0,0.0,43.8,True,True
ST012,484,6,0.0,0.0,0.0,41.1,True,True
ST012,485,6,0.0,0.0,0.0,55.3,True,False
ST012,486,6,0.0,0.0,0.0,48.9,True,True
ST012,487,6,0.0,0.0,0.0,39.6,True,True
ST012,488,6,0.0,0.0,0.0,45.1,True,True
ST012,489,6,0.0,0.0,0.0,45.6,True,True
ST012,490,6,0.0,0.0,0.0,51.0,True,False
ST012,491,6,0.0,0.0,0.0,51.5,True,False
ST012,492,6,0.0,0.0,0.0,45.4,True,True
ST012,493,6,0.0,0.0,0.0,41.7,True,True
ST012,494,6,7439.16,0.23,0.23,48.0,False,True
ST012,495,6,0.0,0.0,0.0,45.0,True,True
ST012,496,6,0.0,0.0,0.0,48.3,True,True
ST012,497,6,0.0,0.0,0.0,50.5,True,False
ST012,498,6,0.0,0.0,0.0,49.7,True,True
ST012,499,6,0.0,0.0,0.0,49.8,True,True
ST012,500,6,0.0,0.0,0.0,44.5,True,True
ST012,501,6,0.0,0.0,0.0,45.6,True,True
ST012,502,6,15394.7,0.58,0.58,51.1,False,False
ST012,503,6,0.0,0.0,0.0,46.4,True,True
ST012,504,6,0.0,0.0,0.0,48.2,True,True
ST012,505,6,0.0,0.0,0.0,47.0,True,True
ST012,506,6,0.0,0.0,0.0,54.2,True,False
ST012,507,6,0.0,0.0,0.0,39.8,True,True
ST012,508,6,0.0,0.0,0.0,52.1,True,False
ST012,509,6,0.0,0.0,0.0,49.1,True,True
ST012,510,6,0.0,0.0,0.0,46.2,True,True
ST012,511,6,0.0,0.0,0.0,55.5,True,False
ST012,512,6,0.0,0.0,0.0,52.8,True,False
ST012,513,6,0.0,0.0,0.0,45.7,True,True
ST012,514,6,0.0,0.0,0.0,53.4,True,False
ST012,515,6,0.0,0.0,0.0,46.1,True,True
ST012,516,6,0.0,0.0,0.0,42.0,True,True
ST012,517,6,0.0,0.0,0.0,48.3,True,True
ST012,518,6,0.0,0.0,0.0,48.8,True,True
ST012,519,6,0.0,0.0,0.0,54.1,True,False
ST012,520,6,0.0,0.0,0.0,47.1,True,True
ST012,521,6,0.0,0.0,0.0,42.8,True,True
ST012,522,6,6780.93,0.2,0.2,42.7,False,True
ST012,523,6,0.0,0.0,0.0,50.6,True,False
ST012,524,6,25803.59,1.02,1.02,45.1,False,True
ST012,525,6,0.0,0.0,0.0,46.7,True,True
ST012,526,6,0.0,0.0,0.0,47.4,True,True
ST012,527,6,0.0,0.0,0.0,50.7,True,False
ST012,528,6,0.0,0.0,0.0,45.5,True,True
ST012,529,6,0.0,0.0,0.0,43.7,True,True
ST012,530,6,0.0,0.0,0.0,42.6,True,True
ST012,531,6,0.0,0.0,0.0,45.3,True,True
ST012,532,6,0.0,0.0,0.0,53.2,True,False
ST012,533,6,43557.5,2.12,1.85,49.4,False,True
ST012,534,6,0.0,0.0,0.0,36.8,True,True
ST012,535,6,0.0,0.0,0.0,42.2,True,True
ST012,536,6,5169.11,0.2,0.2,37.2,False,True
ST012,537,6,0.0,0.0,0.0,41.8,True,True
ST012,538,6,0.0,0.0,0.0,48.1,True,True
ST012,539,6,0.0,0.0,0.0,53.5,True,False
ST012,540,6,0.0,0.0,0.0,48.5,True,True
ST012,541,6,0.0,0.0,0.0,53.2,True,False
ST012,542,6,0.0,0.0,0.0,44.9,True,True
ST012,543,6,0.0,0.0,0.0,54.5,True,False
ST012,544,6,0.0,0.0,0.0,36.7,True,True
ST012,545,6,0.0,0.0,0.0,54.1,True,False
ST012,546,6,0.0,0.0,0.0,44.3,True,True
ST012,547,6,0.0,0.0,0.0,43.2,True,True
ST012,548,6,0.0,0.0,0.0,47.4,True,True
ST012,549,6,0.0,0.0,0.0,42.0,True,True
ST012,550,6,0.0,0.0,0.0,50.1,True,False
ST012,551,6,0.0,0.0,0.0,40.8,True,True
ST012,552,6,0.0,0.0,0.0,45.5,True,True
ST012,553,6,0.0,0.0,0.0,52.9,True,False
ST012,554,6,0.0,0.0,0.0,46.5,True,True
ST012,555,6,0.0,0.0,0.0,49.1,True,True
ST012,556,6,0.0,0.0,0.0,51.7,True,False
ST012,557,6,0.0,0.0,0.0,46.3,True,True
ST012,558,6,0.0,0.0,0.0,47.0,True,True
ST012,559,6,0.0,0.0,0.0,46.1,True,True
ST012,560,6,0.0,0.0,0.0,47.9,True,True
ST012,561,6,0.0,0.0,0.0,45.9,True,True
ST012,562,6,0.0,0.0,0.0,48.3,True,True
ST012,563,6,0.0,0.0,0.0,51.6,True,False
ST012,564,6,0.0,0.0,0.0,45.8,True,True
ST012,565,6,0.0,0.0,0.0,49.3,True,True
ST012,566,6,0.0,0.0,0.0,38.5,True,True
ST012,567,6,0.0,0.0,0.0,51.6,True,False
ST012,568,6,0.0,0.0,0.0,47.9,True,True
ST012,569,6,0.0,0.0,0.0,44.2,True,True
ST012,570,6,0.0,0.0,0.0,53.8,True,False
ST012,571,6,0.0,0.0,0.0,42.6,True,True
ST012,572,6,0.0,0.0,0.0,34.6,True,True
ST012,573,6,4745.3,0.16,0.16,44.2,False,True
ST012,574,6,0.0,0.0,0.0,52.8,True,False
ST012,575,6,0.0,0.0,0.0,56.6,True,False
ST012,576,6,0.0,0.0,0.0,47.1,True,True
ST012,577,6,0.0,0.0,0.0,50.9,True,False
ST012,578,6,0.0,0.0,0.0,43.7,True,True
ST012,579,6,0.0,0.0,0.0,44.8,True,True
ST012,580,6,0.0,0.0,0.0,52.4,True,False
ST012,581,6,0.0,0.0,0.0,45.0,True,True
ST012,582,6,0.0,0.0,0.0,47.4,True,True
ST012,583,6,0.0,0.0,0.0,44.1,True,True
ST012,584,6,12554.01,0.33,0.33,51.7,False,False
ST012,585,6,2761.75,0.09,0.09,40.2,False,True
ST012,586,6,0.0,0.0,0.0,48.6,True,True
ST012,587,6,0.0,0.0,0.0,51.1,True,False
ST012,588,6,28812.0,1.15,1.14,50.6,False,False
ST012,589,6,0.0,0.0,0.0,47.3,True,True
ST012,590,6,0.0,0.0,0.0,54.2,True,False
ST012,591,6,0.0,0.0,0.0,49.2,True,True
ST012,592,6,0.0,0.0,0.0,38.1,True,True
ST012,593,6,0.0,0.0,0.0,45.3,True,True
ST012,594,6,0.0,0.0,0.0,43.6,True,True
ST012,595,6,0.0,0.0,0.0,48.3,True,True
ST012,596,6,0.0,0.0,0.0,40.7,True,True
ST012,597,6,0.0,0.0,0.0,44.1,True,True
ST012,598,6,0.0,0.0,0.0,40.0,True,True
ST012,599,6,0.0,0.0,0.0,47.8,True,True
ST012,600,6,6621.27,0.16,0.16,43.6,False,True
ST012,601,6,9444.1,0.35,0.35,45.3,False,True
ST012,602,6,0.0,0.0,0.0,49.9,True,True
ST012,603,6,0.0,0.0,0.0,61.7,True,False
ST012,604,6,0.0,0.0,0.0,48.9,True,True
ST012,605,6,0.0,0.0,0.0,45.0,True,True
ST012,606,6,0.0,0.0,0.0,50.2,True,False
ST012,607,6,0.0,0.0,0.0,57.3,True,False
ST012,608,6,0.0,0.0,0.0,50.8,True,False
ST012,609,6,0.0,0.0,0.0,63.0,True,False
ST012,610,6,0.0,0.0,0.0,44.1,True,True
ST012,611,6,0.0,0.0,0.0,42.0,True,True
ST012,612,6,0.0,0.0,0.0,46.2,True,True
ST012,613,6,0.0,0.0,0.0,54.4,True,False
ST012,614,6,0.0,0.0,0.0,46.8,True,True
ST012,615,6,0.0,0.0,0.0,49.8,True,True
ST012,616,6,0.0,0.0,0.0,49.8,True,True
ST012,617,6,0.0,0.0,0.0,57.5,True,False
ST012,618,6,0.0,0.0,0.0,51.7,True,False
ST012,619,6,10574.62,0.29,0.29,44.8,False,True
ST012,620,6,0.0,0.0,0.0,47.1,True,True
ST012,621,6,0.0,0.0,0.0,47.2,True,True
ST012,622,6,27.1,0.0,0.0,46.0,False,True
ST012,623,6,0.0,0.0,0.0,45.1,True,True
ST012,624,6,5465.02,0.18,0.18,50.2,False,False
ST012,625,6,0.0,0.0,0.0,47.7,True,True
ST012,626,6,0.0,0.0,0.0,54.2,True,False
ST012,627,6,0.0,0.0,0.0,50.5,True,False
ST012,628,6,11799.53,0.37,0.37,53.2,False,False
ST012,629,6,0.0,0.0,0.0,41.1,True,True
ST012,630,6,0.0,0.0,0.0,48.5,True,True
ST012,631,6,0.0,0.0,0.0,40.5,True,True
ST012,632,6,0.0,0.0,0.0,50.9,True,False
ST012,633,6,0.0,0.0,0.0,49.4,True,True
ST012,634,6,0.0,0.0,0.0,49.8,True,True
ST012,635,6,0.0,0.0,0.0,45.7,True,True
ST012,636,6,0.0,0.0,0.0,44.1,True,True
ST012,637,6,0.0,0.0,0.0,52.5,True,False
ST012,638,6,0.0,0.0,0.0,50.7,True,False
ST012,639,6,0.0,0.0,0.0,47.9,True,True
ST012,640,6,0.0,0.0,0.0,51.3,True,False
ST012,641,6,0.0,0.0,0.0,48.5,True,True
ST012,642,6,0.0,0.0,0.0,46.4,True,True
ST012,643,6,0.0,0.0,0.0,49.5,True,True
ST012,644,6,0.0,0.0,0.0,53.0,True,False
ST012,645,6,18642.83,0.55,0.55,41.6,False,True
ST012,646,6,0.0,0.0,0.0,40.4,True,True
ST012,647,6,0.0,0.0,0.0,54.3,True,False
ST012,648,6,0.0,0.0,0.0,41.0,True,True
ST012,649,6,0.0,0.0,0.0,48.5,True,True
ST012,650,6,0.0,0.0,0.0,45.6,True,True
ST012,651,6,0.0,0.0,0.0,58.2,True,False
ST012,652,6,0.0,0.0,0.0,50.8,True,False
ST012,653,6,0.0,0.0,0.0,53.4,True,False
ST012,654,6,0.0,0.0,0.0,47.5,True,True
ST012,655,6,0.0,0.0,0.0,47.3,True,True
ST012,656,6,0.0,0.0,0.0,51.1,True,False
ST012,657,6,0.0,0.0,0.0,48.1,True,True
ST012,658,6,0.0,0.0,0.0,44.1,True,True
ST012,659,6,0.0,0.0,0.0,46.1,True,True
ST012,660,6,0.0,0.0,0.0,48.0,True,True
ST012,661,6,0.0,0.0,0.0,49.8,True,True
ST012,662,6,0.0,0.0,0.0,50.5,True,False
ST012,663,6,0.0,0.0,0.0,57.0,True,False
ST012,664,6,0.0,0.0,0.0,54.6,True,False
ST012,665,6,0.0,0.0,0.0,52.5,True,False
ST012,666,6,0.0,0.0,0.0,48.2,True,True
ST012,667,6,0.0,0.0,0.0,39.1,True,True
ST012,668,6,424.59,0.01,0.01,48.7,False,True
ST012,669,6,0.0,0.0,0.0,50.1,True,False
ST012,670,6,0.0,0.0,0.0,50.8,True,False
ST012,671,6,0.0,0.0,0.0,42.3,True,True
ST012,672,6,0.0,0.0,0.0,48.9,True,True
ST012,673,6,0.0,0.0,0.0,39.8,True,True
ST012,674,6,0.0,0.0,0.0,54.5,True,False
ST012,675,6,0.0,0.0,0.0,54.7,True,False
ST012,676,6,0.0,0.0,0.0,42.0,True,True
ST012,677,6,0.0,0.0,0.0,43.7,True,True
ST012,678,6,0.0,0.0,0.0,52.2,True,False
ST012,679,6,0.0,0.0,0.0,52.2,True,False
ST012,680,6,0.0,0.0,0.0,46.2,True,True
ST012,681,6,0.0,0.0,0.0,50.7,True,False
ST012,682,6,29047.17,1.04,1.04,47.0,False,True
ST012,683,6,0.0,0.0,0.0,45.7,True,True
ST012,684,6,0.0,0.0,0.0,42.3,True,True
ST012,685,6,0.0,0.0,0.0,42.4,True,True
ST012,686,6,0.0,0.0,0.0,47.8,True,True
ST012,687,6,0.0,0.0,0.0,45.3,True,True
ST012,688,6,0.0,0.0,0.0,49.6,True,True
ST012,689,6,3617.93,0.1,0.1,54.4,False,False
ST012,690,6,0.0,0.0,0.0,50.3,True,False
ST012,691,6,0.0,0.0,0.0,54.1,True,False
ST012,692,6,0.0,0.0,0.0,50.2,True,False
ST012,693,6,0.0,0.0,0.0,56.2,True,False
ST012,694,6,0.0,0.0,0.0,51.1,True,False
ST012,695,6,0.0,0.0,0.0,42.0,True,True
ST012,696,6,0.0,0.0,0.0,55.2,True,False
ST012,697,6,3204.45,0.1,0.1,50.2,False,False
ST012,698,6,0.0,0.0,0.0,41.2,True,True
ST012,699,6,0.0,0.0,0.0,47.6,True,True
ST012,700,6,0.0,0.0,0.0,49.5,True,True
ST012,701,6,0.0,0.0,0.0,42.5,True,True
ST012,702,6,0.0,0.0,0.0,52.8,True,False
ST012,703,6,0.0,0.0,0.0,44.9,True,True
ST012,704,6,0.0,0.0,0.0,44.0,True,True
ST012,705,6,0.0,0.0,0.0,51.2,True,False
ST012,706,6,0.0,0.0,0.0,49.9,True,True
ST012,707,6,0.0,0.0,0.0,49.8,True,True
ST012,708,6,0.0,0.0,0.0,44.3,True,True
ST012,709,6,0.0,0.0,0.0,46.2,True,True
ST012,710,6,0.0,0.0,0.0,49.2,True,True
ST012,711,6,0.0,0.0,0.0,40.7,True,True
ST012,712,6,0.0,0.0,0.0,48.1,True,True
ST012,713,6,1300.51,0.04,0.04,40.1,False,True
ST012,714,6,0.0,0.0,0.0,45.7,True,True
ST012,715,6,0.0,0.0,0.0,56.8,True,False
ST012,716,6,0.0,0.0,0.0,45.2,True,True
ST012,717,6,0.0,0.0,0.0,48.2,True,True
ST012,718,6,0.0,0.0,0.0,55.7,True,False
ST012,719,6,0.0,0.0,0.0,53.6,True,False
ST012,720,6,0.0,0.0,0.0,49.0,True,True
ST012,721,6,0.0,0.0,0.0,44.9,True,True
ST012,722,6,0.0,0.0,0.0,44.5,True,True
ST012,723,6,0.0,0.0,0.0,46.0,True,True
ST012,724,6,0.0,0.0,0.0,41.1,True,True
ST012,725,6,0.0,0.0,0.0,48.8,True,True
ST012,726,6,0.0,0.0,0.0,44.9,True,True
ST012,727,6,0.0,0.0,0.0,49.9,True,True
ST012,728,6,0.0,0.0,0.0,52.0,True,False
ST012,729,6,0.0,0.0,0.0,44.5,True,True
ST012,730,6,0.0,0.0,0.0,47.4,True,True
ST012,731,6,0.0,0.0,0.0,44.6,True,True
ST012,732,6,0.0,0.0,0.0,44.5,True,True
ST012,733,6,0.0,0.0,0.0,47.1,True,True
ST012,734,6,16941.07,0.42,0.42,39.4,False,True
ST012,735,6,0.0,0.0,0.0,54.9,True,False
ST012,736,6,0.0,0.0,0.0,39.0,True,True
ST012,737,6,0.0,0.0,0.0,49.7,True,True
ST012,738,6,0.0,0.0,0.0,44.9,True,True
ST012,739,6,0.0,0.0,0.0,50.0,True,False
ST012,740,6,0.0,0.0,0.0,46.5,True,True
ST012,741,6,0.0,0.0,0.0,49.8,True,True
ST012,742,6,0.0,0.0,0.0,51.0,True,False
ST012,743,6,0.0,0.0,0.0,51.1,True,False
ST012,744,6,7365.08,0.24,0.24,47.0,False,True
ST012,745,6,0.0,0.0,0.0,49.6,True,True
ST012,746,6,26595.0,0.66,0.66,46.5,False,True
ST012,747,6,0.0,0.0,0.0,49.2,True,True
ST012,748,6,0.0,0.0,0.0,51.1,True,False
ST012,749,6,0.0,0.0,0.0,54.1,True,False
ST012,750,6,0.0,0.0,0.0,43.1,True,True
ST012,751,6,0.0,0.0,0.0,50.8,True,False
ST012,752,6,14985.51,0.45,0.45,53.6,False,False
ST012,753,6,17814.23,0.54,0.54,51.3,False,False
ST012,754,6,0.0,0.0,0.0,49.3,True,True
ST012,755,6,4544.79,0.12,0.12,51.1,False,False
ST012,756,6,0.0,0.0,0.0,47.6,True,True
ST012,757,6,0.0,0.0,0.0,49.4,True,True
ST012,758,6,0.0,0.0,0.0,46.7,True,True
ST012,759,6,0.0,0.0,0.0,52.1,True,False
ST012,760,6,0.0,0.0,0.0,46.7,True,True
ST012,761,6,0.0,0.0,0.0,41.1,True,True
ST012,762,6,0.0,0.0,0.0,45.9,True,True
ST012,763,6,0.0,0.0,0.0,50.1,True,False
ST012,764,6,32339.76,1.38,1.38,44.0,False,True
ST012,765,6,0.0,0.0,0.0,45.3,True,True
ST012,766,6,0.0,0.0,0.0,54.2,True,False
ST012,767,6,0.0,0.0,0.0,54.2,True,False
ST012,768,6,0.0,0.0,0.0,49.4,True,True
ST012,769,6,0.0,0.0,0.0,49.7,True,True
ST012,770,6,0.0,0.0,0.0,47.6,True,True
ST012,771,6,0.0,0.0,0.0,45.5,True,True
ST012,772,6,0.0,0.0,0.0,48.4,True,True
ST012,773,6,1268.34,0.03,0.03,44.4,False,True
ST012,774,6,0.0,0.0,0.0,50.5,True,False
ST012,775,6,0.0,0.0,0.0,43.4,True,True
ST012,776,6,0.0,0.0,0.0,44.9,True,True
ST012,777,6,0.0,0.0,0.0,44.6,True,True
ST012,778,6,24859.53,1.06,1.06,46.5,False,True
ST012,779,6,0.0,0.0,0.0,44.6,True,True
ST012,780,6,0.0,0.0,0.0,48.5,True,True
ST012,781,6,0.0,0.0,0.0,41.0,True,True
ST012,782,6,6254.63,0.2,0.2,48.9,False,True
ST012,783,6,0.0,0.0,0.0,42.6,True,True
ST012,784,6,0.0,0.0,0.0,50.9,True,False
ST012,785,6,0.0,0.0,0.0,54.4,True,False
ST012,786,6,0.0,0.0,0.0,47.8,True,True
ST012,787,6,0.0,0.0,0.0,51.8,True,False
ST012,788,6,0.0,0.0,0.0,54.7,True,False
ST012,789,6,0.0,0.0,0.0,50.2,True,False
ST012,790,6,15627.05,0.57,0.57,57.1,False,False
ST012,791,6,0.0,0.0,0.0,42.8,True,True
ST012,792,6,0.0,0.0,0.0,49.0,True,True
ST012,793,6,0.0,0.0,0.0,47.3,True,True
ST012,794,6,0.0,0.0,0.0,51.1,True,False
ST012,795,6,0.0,0.0,0.0,44.8,True,True
ST012,796,6,0.0,0.0,0.0,42.8,True,True
ST012,797,6,0.0,0.0,0.0,44.5,True,True
ST012,798,6,0.0,0.0,0.0,42.8,True,True
ST012,799,6,0.0,0.0,0.0,50.5,True,False
ST012,800,6,0.0,0.0,0.0,52.1,True,False
ST012,801,6,0.0,0.0,0.0,51.5,True,False
ST012,802,6,0.0,0.0,0.0,41.5,True,True
ST012,803,6,0.0,0.0,0.0,43.2,True,True
ST012,804,6,22678.83,0.76,0.76,47.5,False,True
ST012,805,6,0.0,0.0,0.0,44.2,True,True
ST012,806,6,6518.01,0.2,0.2,43.6,False,True
ST012,807,6,0.0,0.0,0.0,50.9,True,False
ST012,808,6,0.0,0.0,0.0,44.5,True,True
ST012,809,6,0.0,0.0,0.0,58.5,True,False
ST012,810,6,0.0,0.0,0.0,45.4,True,True
ST012,811,6,0.0,0.0,0.0,46.4,True,True
ST012,812,6,0.0,0.0,0.0,46.7,True,True
ST012,813,6,0.0,0.0,0.0,42.2,True,True
ST012,814,6,0.0,0.0,0.0,49.0,True,True
ST012,815,6,0.0,0.0,0.0,47.5,True,True
ST012,816,6,0.0,0.0,0.0,41.9,True,True
ST012,817,6,0.0,0.0,0.0,53.6,True,False
ST012,818,6,0.0,0.0,0.0,45.0,True,True
ST012,819,6,0.0,0.0,0.0,56.3,True,False
ST012,820,6,0.0,0.0,0.0,52.6,True,False
ST012,821,6,0.0,0.0,0.0,53.3,True,False
ST012,822,6,0.0,0.0,0.0,55.4,True,False
ST012,823,6,0.0,0.0,0.0,44.8,True,True
ST012,824,6,0.0,0.0,0.0,42.8,True,True
ST012,825,6,0.0,0.0,0.0,36.8,True,True
ST012,826,6,0.0,0.0,0.0,42.3,True,True
ST012,827,6,0.0,0.0,0.0,45.7,True,True
ST012,828,6,0.0,0.0,0.0,56.5,True,False
ST012,829,6,0.0,0.0,0.0,45.7,True,True
ST012,830,6,0.0,0.0,0.0,49.2,True,True
ST012,831,6,0.0,0.0,0.0,55.8,True,False
ST012,832,6,0.0,0.0,0.0,49.3,True,True
ST012,833,6,0.0,0.0,0.0,47.1,True,True
ST012,834,6,0.0,0.0,0.0,39.8,True,True
ST012,835,6,0.0,0.0,0.0,51.6,True,False
ST012,836,6,0.0,0.0,0.0,46.7,True,True
ST012,837,6,0.0,0.0,0.0,45.8,True,True
ST012,838,6,0.0,0.0,0.0,44.5,True,True
ST012,839,6,0.0,0.0,0.0,48.2,True,True
ST012,840,6,0.0,0.0,0.0,51.9,True,False
ST012,841,6,0.0,0.0,0.0,52.7,True,False
ST012,842,6,0.0,0.0,0.0,47.3,True,True
ST012,843,6,0.0,0.0,0.0,44.4,True,True
ST012,844,6,0.0,0.0,0.0,49.4,True,True
ST012,845,6,0.0,0.0,0.0,52.0,True,False
ST012,846,6,0.0,0.0,0.0,45.3,True,True
ST012,847,6,0.0,0.0,0.0,43.6,True,True
ST012,848,6,0.0,0.0,0.0,55.4,True,False
ST012,849,6,0.0,0.0,0.0,55.1,True,False
ST012,850,6,0.0,0.0,0.0,48.2,True,True
ST012,851,6,0.0,0.0,0.0,51.9,True,False
ST012,852,6,0.0,0.0,0.0,45.2,True,True
ST012,853,6,0.0,0.0,0.0,44.6,True,True
ST012,854,6,0.0,0.0,0.0,42.9,True,True
ST012,855,6,0.0,0.0,0.0,40.6,True,True
ST012,856,6,0.0,0.0,0.0,42.8,True,True
ST012,857,6,0.0,0.0,0.0,50.0,True,False
ST012,858,6,0.0,0.0,0.0,56.3,True,False
ST012,859,6,0.0,0.0,0.0,58.0,True,False
ST012,860,6,0.0,0.0,0.0,49.6,True,True
ST012,861,6,0.0,0.0,0.0,46.0,True,True
ST012,862,6,0.0,0.0,0.0,43.9,True,True
ST012,863,6,0.0,0.0,0.0,44.9,True,True
ST012,864,6,0.0,0.0,0.0,52.3,True,False
ST012,865,6,19491.8,0.79,0.79,49.5,False,True
ST012,866,6,0.0,0.0,0.0,44.1,True,True
ST012,867,6,0.0,0.0,0.0,50.1,True,False
ST012,868,6,48753.13,2.06,2.06,53.4,False,False
ST012,869,6,17398.15,0.69,0.69,55.7,False,False
ST012,870,6,0.0,0.0,0.0,44.6,True,True
ST012,871,6,0.0,0.0,0.0,46.8,True,True
ST012,872,6,0.0,0.0,0.0,52.3,True,False
ST012,873,6,0.0,0.0,0.0,45.2,True,True
ST012,874,6,0.0,0.0,0.0,56.6,True,False
ST012,875,6,0.0,0.0,0.0,47.1,True,True
ST012,876,6,0.0,0.0,0.0,53.1,True,False
ST012,877,6,0.0,0.0,0.0,45.8,True,True
ST012,878,6,0.0,0.0,0.0,40.5,True,True
ST012,879,6,0.0,0.0,0.0,57.2,True,False
ST012,880,6,0.0,0.0,0.0,46.5,True,True
ST012,881,6,0.0,0.0,0.0,45.1,True,True
ST012,882,6,0.0,0.0,0.0,55.3,True,False
ST012,883,6,0.0,0.0,0.0,52.9,True,False
ST012,884,6,12007.09,0.32,0.32,50.3,False,False
ST012,885,6,25535.61,1.03,1.03,47.8,False,True
ST012,886,6,0.0,0.0,0.0,42.1,True,True
ST012,887,6,11516.68,0.34,0.34,52.3,False,False
ST012,888,6,0.0,0.0,0.0,45.8,True,True
ST012,889,6,0.0,0.0,0.0,48.8,True,True
ST012,890,6,30985.27,1.05,1.05,42.7,False,True
ST012,891,6,0.0,0.0,0.0,58.7,True,False
ST012,892,6,0.0,0.0,0.0,36.6,True,True
ST012,893,6,0.0,0.0,0.0,42.1,True,True
ST012,894,6,0.0,0.0,0.0,46.5,True,True
ST012,895,6,2037.57,0.06,0.06,38.1,False,True
ST012,896,6,0.0,0.0,0.0,50.7,True,False
ST012,897,6,0.0,0.0,0.0,47.3,True,True
ST012,898,6,0.0,0.0,0.0,45.2,True,True
ST012,899,6,0.0,0.0,0.0,46.8,True,True
ST012,900,6,0.0,0.0,0.0,55.8,True,False
ST012,901,6,0.0,0.0,0.0,44.7,True,True
ST012,902,6,0.0,0.0,0.0,42.5,True,True
ST012,903,6,0.0,0.0,0.0,50.3,True,False
ST012,904,6,0.0,0.0,0.0,50.1,True,False
ST012,905,6,0.0,0.0,0.0,48.6,True,True
ST012,906,6,0.0,0.0,0.0,49.0,True,True
ST012,907,6,0.0,0.0,0.0,50.4,True,False
ST012,908,6,0.0,0.0,0.0,41.4,True,True
ST012,909,6,0.0,0.0,0.0,54.3,True,False
ST012,910,6,0.0,0.0,0.0,56.1,True,False
ST012,911,6,0.0,0.0,0.0,47.0,True,True
ST012,912,6,0.0,0.0,0.0,41.2,True,True
ST012,913,6,44115.59,1.5,1.5,46.9,False,True
ST012,914,6,44797.88,1.45,1.45,45.0,False,True
ST012,915,6,0.0,0.0,0.0,36.6,True,True
ST012,916,6,0.0,0.0,0.0,50.8,True,False
ST012,917,6,0.0,0.0,0.0,45.1,True,True
ST012,918,6,0.0,0.0,0.0,40.6,True,True
ST012,919,6,0.0,0.0,0.0,51.4,True,False
ST012,920,6,0.0,0.0,0.0,40.7,True,True
ST012,921,6,0.0,0.0,0.0,44.7,True,True
ST012,922,6,0.0,0.0,0.0,45.1,True,True
ST012,923,6,2177.92,0.07,0.07,50.4,False,False
ST012,924,6,0.0,0.0,0.0,45.7,True,True
ST012,925,6,0.0,0.0,0.0,43.7,True,True
ST012,926,6,10330.47,0.34,0.34,57.9,False,False
ST012,927,6,0.0,0.0,0.0,52.5,True,False
ST012,928,6,0.0,0.0,0.0,46.0,True,True
ST012,929,6,0.0,0.0,0.0,52.3,True,False
ST012,930,6,0.0,0.0,0.0,42.5,True,True
ST012,931,6,0.0,0.0,0.0,45.3,True,True
ST012,932,6,17514.09,0.44,0.44,42.5,False,True
ST012,933,6,0.0,0.0,0.0,48.5,True,True
ST012,934,6,0.0,0.0,0.0,47.5,True,True
ST012,935,6,40533.14,1.53,1.53,51.0,False,False
ST012,936,6,0.0,0.0,0.0,45.1,True,True
ST012,937,6,0.0,0.0,0.0,50.0,True,False
ST012,938,6,0.0,0.0,0.0,55.7,True,False
ST012,939,6,0.0,0.0,0.0,38.0,True,True
ST012,940,6,0.0,0.0,0.0,51.2,True,False
ST012,941,6,0.0,0.0,0.0,51.7,True,False
ST012,942,6,0.0,0.0,0.0,43.8,True,True
ST012,943,6,0.0,0.0,0.0,44.4,True,True
ST012,944,6,0.0,0.0,0.0,45.7,True,True
ST012,945,6,0.0,0.0,0.0,43.1,True,True
ST012,946,6,0.0,0.0,0.0,44.5,True,True
ST012,947,6,0.0,0.0,0.0,46.1,True,True
ST012,948,6,0.0,0.0,0.0,50.3,True,False
ST012,949,6,0.0,0.0,0.0,46.6,True,True
ST012,950,6,0.0,0.0,0.0,42.8,True,True
ST012,951,6,0.0,0.0,0.0,43.5,True,True
ST012,952,6,0.0,0.0,0.0,52.7,True,False
ST012,953,6,0.0,0.0,0.0,46.1,True,True
ST012,954,6,0.0,0.0,0.0,44.2,True,True
ST012,955,6,0.0,0.0,0.0,52.4,True,False
ST012,956,6,0.0,0.0,0.0,52.3,True,False
ST012,957,6,28999.33,0.94,0.94,45.3,False,True
ST012,958,6,0.0,0.0,0.0,50.1,True,False
ST012,959,6,0.0,0.0,0.0,42.8,True,True
ST012,960,6,0.0,0.0,0.0,53.0,True,False
ST012,961,6,0.0,0.0,0.0,36.9,True,True
ST012,962,6,0.0,0.0,0.0,46.1,True,True
ST012,963,6,0.0,0.0,0.0,46.5,True,True
ST012,964,6,0.0,0.0,0.0,40.8,True,True
ST012,965,6,0.0,0.0,0.0,51.7,True,False
ST012,966,6,25350.43,1.02,1.02,46.9,False,True
ST012,967,6,0.0,0.0,0.0,48.7,True,True
ST012,968,6,0.0,0.0,0.0,53.9,True,False
ST012,969,6,0.0,0.0,0.0,42.3,True,True
ST012,970,6,0.0,0.0,0.0,46.5,True,True
ST012,971,6,0.0,0.0,0.0,52.5,True,False
ST012,972,6,0.0,0.0,0.0,47.7,True,True
ST012,973,6,27384.85,1.15,1.15,45.4,False,True
ST012,974,6,0.0,0.0,0.0,53.1,True,False
ST012,975,6,0.0,0.0,0.0,48.6,True,True
ST012,976,6,0.0,0.0,0.0,43.8,True,True
ST012,977,6,0.0,0.0,0.0,41.9,True,True
ST012,978,6,0.0,0.0,0.0,40.5,True,True
ST012,979,6,0.0,0.0,0.0,49.0,True,True
ST012,980,6,0.0,0.0,0.0,51.2,True,False
ST012,981,6,0.0,0.0,0.0,44.9,True,True
ST012,982,6,0.0,0.0,0.0,46.2,True,True
ST012,983,6,0.0,0.0,0.0,57.5,True,False
ST012,984,6,0.0,0.0,0.0,42.3,True,True
ST012,985,6,0.0,0.0,0.0,47.0,True,True
ST012,986,6,0.0,0.0,0.0,43.3,True,True
ST012,987,6,0.0,0.0,0.0,45.2,True,True
ST012,988,6,0.0,0.0,0.0,46.0,True,True
ST012,989,6,0.0,0.0,0.0,42.0,True,True
ST012,990,6,0.0,0.0,0.0,44.4,True,True
ST012,991,6,10596.83,0.4,0.4,48.9,False,True
ST012,992,6,0.0,0.0,0.0,54.1,True,False
ST012,993,6,0.0,0.0,0.0,50.7,True,False
ST012,994,6,0.0,0.0,0.0,55.5,True,False
ST012,995,6,28116.77,1.1,1.02,48.1,False,True
ST012,996,6,0.0,0.0,0.0,40.1,True,True
ST012,997,6,0.0,0.0,0.0,43.8,True,True
ST012,998,6,7488.49,0.19,0.19,43.0,False,True
ST012,999,6,0.0,0.0,0.0,50.0,True,False
ST012,1000,6,0.0,0.0,0.0,48.1,True,True
ST013,1,6,0.0,0.0,0.0,46.1,True,True
ST013,2,6,0.0,0.0,0.0,42.1,True,True
ST013,3,6,0.0,0.0,0.0,35.2,True,True
ST013,4,6,0.0,0.0,0.0,48.9,True,True
ST013,5,6,0.0,0.0,0.0,47.2,True,True
ST013,6,6,0.0,0.0,0.0,36.5,True,True
ST013,7,6,0.0,0.0,0.0,43.1,True,True
ST013,8,6,0.0,0.0,0.0,48.1,True,True
ST013,9,6,0.0,0.0,0.0,52.9,True,False
ST013,10,6,0.0,0.0,0.0,48.0,True,True
ST013,11,6,0.0,0.0,0.0,38.2,True,True
ST013,12,6,0.0,0.0,0.0,40.7,True,True
ST013,13,6,0.0,0.0,0.0,39.1,True,True
ST013,14,6,0.0,0.0,0.0,40.8,True,True
ST013,15,6,0.0,0.0,0.0,40.8,True,True
ST013,16,6,0.0,0.0,0.0,46.4,True,True
ST013,17,6,0.0,0.0,0.0,44.3,True,True
ST013,18,6,0.0,0.0,0.0,46.1,True,True
ST013,19,6,0.0,0.0,0.0,48.4,True,True
ST013,20,6,0.0,0.0,0.0,36.8,True,True
ST013,21,6,0.0,0.0,0.0,43.8,True,True
ST013,22,6,0.0,0.0,0.0,47.2,True,True
ST013,23,6,0.0,0.0,0.0,43.1,True,True
ST013,24,6,0.0,0.0,0.0,38.6,True,True
ST013,25,6,0.0,0.0,0.0,48.3,True,True
ST013,26,6,0.0,0.0,0.0,46.6,True,True
ST013,27,6,0.0,0.0,0.0,38.5,True,True
ST013,28,6,0.0,0.0,0.0,39.5,True,True
ST013,29,6,0.0,0.0,0.0,34.2,True,True
ST013,30,6,0.0,0.0,0.0,41.9,True,True
ST013,31,6,0.0,0.0,0.0,39.8,True,True
ST013,32,6,0.0,0.0,0.0,49.2,True,True
ST013,33,6,0.0,0.0,0.0,46.5,True,True
ST013,34,6,0.0,0.0,0.0,50.4,True,False
ST013,35,6,0.0,0.0,0.0,40.4,True,True
ST013,36,6,0.0,0.0,0.0,48.1,True,True
ST013,37,6,0.0,0.0,0.0,40.6,True,True
ST013,38,6,0.0,0.0,0.0,46.8,True,True
ST013,39,6,0.0,0.0,0.0,44.9,True,True
ST013,40,6,0.0,0.0,0.0,50.5,True,False
ST013,41,6,0.0,0.0,0.0,51.2,True,False
ST013,42,6,0.0,0.0,0.0,37.5,True,True
ST013,43,6,0.0,0.0,0.0,47.0,True,True
ST013,44,6,0.0,0.0,0.0,48.2,True,True
ST013,45,6,0.0,0.0,0.0,48.4,True,True
ST013,46,6,0.0,0.0,0.0,47.0,True,True
ST013,47,6,0.0,0.0,0.0,50.3,True,False
ST013,48,6,0.0,0.0,0.0,42.1,True,True
ST013,49,6,0.0,0.0,0.0,47.7,True,True
ST013,50,6,0.0,0.0,0.0,42.0,True,True
ST013,51,6,0.0,0.0,0.0,41.3,True,True
ST013,52,6,0.0,0.0,0.0,45.7,True,True
ST013,53,6,0.0,0.0,0.0,48.2,True,True
ST013,54,6,0.0,0.0,0.0,42.8,True,True
ST013,55,6,0.0,0.0,0.0,39.9,True,True
ST013,56,6,0.0,0.0,0.0,35.0,True,True
ST013,57,6,0.0,0.0,0.0,51.9,True,False
ST013,58,6,0.0,0.0,0.0,39.8,True,True
ST013,59,6,0.0,0.0,0.0,33.8,True,True
ST013,60,6,0.0,0.0,0.0,41.8,True,True
ST013,61,6,0.0,0.0,0.0,38.4,True,True
ST013,62,6,0.0,0.0,0.0,33.2,True,True
ST013,63,6,0.0,0.0,0.0,39.9,True,True
ST013,64,6,0.0,0.0,0.0,43.7,True,True
ST013,65,6,0.0,0.0,0.0,38.9,True,True
ST013,66,6,0.0,0.0,0.0,44.6,True,True
ST013,67,6,0.0,0.0,0.0,36.5,True,True
ST013,68,6,0.0,0.0,0.0,54.4,True,False
ST013,69,6,0.0,0.0,0.0,40.4,True,True
ST013,70,6,0.0,0.0,0.0,44.8,True,True
ST013,71,6,0.0,0.0,0.0,41.3,True,True
ST013,72,6,0.0,0.0,0.0,38.5,True,True
ST013,73,6,0.0,0.0,0.0,34.9,True,True
ST013,74,6,0.0,0.0,0.0,46.2,True,True
ST013,75,6,0.0,0.0,0.0,45.1,True,True
ST013,76,6,0.0,0.0,0.0,43.5,True,True
ST013,77,6,0.0,0.0,0.0,37.4,True,True
ST013,78,6,0.0,0.0,0.0,48.2,True,True
ST013,79,6,0.0,0.0,0.0,51.7,True,False
ST013,80,6,0.0,0.0,0.0,40.0,True,True
ST013,81,6,0.0,0.0,0.0,40.8,True,True
ST013,82,6,0.0,0.0,0.0,31.4,True,True
ST013,83,6,0.0,0.0,0.0,38.1,True,True
ST013,84,6,0.0,0.0,0.0,40.8,True,True
ST013,85,6,0.0,0.0,0.0,37.2,True,True
ST013,86,6,0.0,0.0,0.0,46.7,True,True
ST013,87,6,0.0,0.0,0.0,41.2,True,True
ST013,88,6,0.0,0.0,0.0,39.1,True,True
ST013,89,6,0.0,0.0,0.0,39.4,True,True
ST013,90,6,0.0,0.0,0.0,44.6,True,True
ST013,91,6,0.0,0.0,0.0,36.2,True,True
ST013,92,6,0.0,0.0,0.0,36.4,True,True
ST013,93,6,0.0,0.0,0.0,44.2,True,True
ST013,94,6,0.0,0.0,0.0,34.1,True,True
ST013,95,6,0.0,0.0,0.0,52.3,True,False
ST013,96,6,0.0,0.0,0.0,51.1,True,False
ST013,97,6,0.0,0.0,0.0,48.4,True,True
ST013,98,6,0.0,0.0,0.0,42.1,True,True
ST013,99,6,0.0,0.0,0.0,37.1,True,True
ST013,100,6,0.0,0.0,0.0,38.6,True,True
ST013,101,6,0.0,0.0,0.0,53.4,True,False
ST013,102,6,0.0,0.0,0.0,38.8,True,True
ST013,103,6,0.0,0.0,0.0,40.6,True,True
ST013,104,6,0.0,0.0,0.0,44.4,True,True
ST013,105,6,0.0,0.0,0.0,44.1,True,True
ST013,106,6,0.0,0.0,0.0,50.2,True,False
ST013,107,6,0.0,0.0,0.0,37.4,True,True
ST013,108,6,0.0,0.0,0.0,36.7,True,True
ST013,109,6,0.0,0.0,0.0,40.1,True,True
ST013,110,6,0.0,0.0,0.0,45.2,True,True
ST013,111,6,0.0,0.0,0.0,42.6,True,True
ST013,112,6,0.0,0.0,0.0,45.4,True,True
ST013,113,6,0.0,0.0,0.0,47.5,True,True
ST013,114,6,0.0,0.0,0.0,36.8,True,True
ST013,115,6,0.0,0.0,0.0,47.3,True,True
ST013,116,6,0.0,0.0,0.0,46.2,True,True
ST013,117,6,0.0,0.0,0.0,42.9,True,True
ST013,118,6,0.0,0.0,0.0,48.9,True,True
ST013,119,6,0.0,0.0,0.0,44.8,True,True
ST013,120,6,0.0,0.0,0.0,52.0,True,False
ST013,121,6,0.0,0.0,0.0,38.7,True,True
ST013,122,6,0.0,0.0,0.0,43.1,True,True
ST013,123,6,0.0,0.0,0.0,40.4,True,True
ST013,124,6,0.0,0.0,0.0,51.1,True,False
ST013,125,6,0.0,0.0,0.0,46.5,True,True
ST013,126,6,0.0,0.0,0.0,53.1,True,False
ST013,127,6,0.0,0.0,0.0,44.3,True,True
ST013,128,6,0.0,0.0,0.0,40.7,True,True
ST013,129,6,0.0,0.0,0.0,45.4,True,True
ST013,130,6,0.0,0.0,0.0,48.3,True,True
ST013,131,6,0.0,0.0,0.0,40.8,True,True
ST013,132,6,0.0,0.0,0.0,35.0,True,True
ST013,133,6,0.0,0.0,0.0,36.3,True,True
ST013,134,6,0.0,0.0,0.0,41.3,True,True
ST013,135,6,0.0,0.0,0.0,43.4,True,True
ST013,136,6,0.0,0.0,0.0,43.6,True,True
ST013,137,6,0.0,0.0,0.0,52.5,True,False
ST013,138,6,0.0,0.0,0.0,38.2,True,True
ST013,139,6,0.0,0.0,0.0,49.9,True,True
ST013,140,6,0.0,0.0,0.0,45.9,True,True
ST013,141,6,0.0,0.0,0.0,43.7,True,True
ST013,142,6,0.0,0.0,0.0,34.7,True,True
ST013,143,6,0.0,0.0,0.0,38.2,True,True
ST013,144,6,0.0,0.0,0.0,44.8,True,True
ST013,145,6,0.0,0.0,0.0,40.4,True,True
ST013,146,6,0.0,0.0,0.0,53.9,True,False
ST013,147,6,0.0,0.0,0.0,39.1,True,True
ST013,148,6,0.0,0.0,0.0,44.3,True,True
ST013,149,6,0.0,0.0,0.0,38.9,True,True
ST013,150,6,0.0,0.0,0.0,46.2,True,True
ST013,151,6,0.0,0.0,0.0,50.1,True,False
ST013,152,6,0.0,0.0,0.0,46.3,True,True
ST013,153,6,0.0,0.0,0.0,46.3,True,True
ST013,154,6,0.0,0.0,0.0,48.0,True,True
ST013,155,6,0.0,0.0,0.0,44.6,True,True
ST013,156,6,0.0,0.0,0.0,48.8,True,True
ST013,157,6,0.0,0.0,0.0,39.5,True,True
ST013,158,6,0.0,0.0,0.0,46.8,True,True
ST013,159,6,0.0,0.0,0.0,41.8,True,True
ST013,160,6,0.0,0.0,0.0,40.3,True,True
ST013,161,6,0.0,0.0,0.0,48.6,True,True
ST013,162,6,0.0,0.0,0.0,34.3,True,True
ST013,163,6,0.0,0.0,0.0,46.1,True,True
ST013,164,6,0.0,0.0,0.0,38.6,True,True
ST013,165,6,0.0,0.0,0.0,53.3,True,False
ST013,166,6,0.0,0.0,0.0,46.6,True,True
ST013,167,6,0.0,0.0,0.0,34.9,True,True
ST013,168,6,0.0,0.0,0.0,48.3,True,True
ST013,169,6,0.0,0.0,0.0,39.0,True,True
ST013,170,6,0.0,0.0,0.0,42.8,True,True
ST013,171,6,0.0,0.0,0.0,40.2,True,True
ST013,172,6,0.0,0.0,0.0,46.7,True,True
ST013,173,6,0.0,0.0,0.0,48.2,True,True
ST013,174,6,0.0,0.0,0.0,36.8,True,True
ST013,175,6,0.0,0.0,0.0,48.5,True,True
ST013,176,6,0.0,0.0,0.0,47.6,True,True
ST013,177,6,0.0,0.0,0.0,37.5,True,True
ST013,178,6,0.0,0.0,0.0,43.0,True,True
ST013,179,6,0.0,0.0,0.0,38.6,True,True
ST013,180,6,0.0,0.0,0.0,44.9,True,True
ST013,181,6,0.0,0.0,0.0,42.4,True,True
ST013,182,6,0.0,0.0,0.0,43.6,True,True
ST013,183,6,0.0,0.0,0.0,35.6,True,True
ST013,184,6,0.0,0.0,0.0,48.4,True,True
ST013,185,6,0.0,0.0,0.0,43.6,True,True
ST013,186,6,0.0,0.0,0.0,52.9,True,False
ST013,187,6,0.0,0.0,0.0,37.8,True,True
ST013,188,6,0.0,0.0,0.0,35.8,True,True
ST013,189,6,0.0,0.0,0.0,44.5,True,True
ST013,190,6,0.0,0.0,0.0,41.5,True,True
ST013,191,6,0.0,0.0,0.0,43.2,True,True
ST013,192,6,0.0,0.0,0.0,41.6,True,True
ST013,193,6,0.0,0.0,0.0,53.9,True,False
ST013,194,6,0.0,0.0,0.0,42.8,True,True
ST013,195,6,0.0,0.0,0.0,46.0,True,True
ST013,196,6,0.0,0.0,0.0,46.8,True,True
ST013,197,6,0.0,0.0,0.0,48.3,True,True
ST013,198,6,0.0,0.0,0.0,39.6,True,True
ST013,199,6,0.0,0.0,0.0,43.0,True,True
ST013,200,6,0.0,0.0,0.0,36.9,True,True
ST013,201,6,0.0,0.0,0.0,41.3,True,True
ST013,202,6,0.0,0.0,0.0,48.0,True,True
ST013,203,6,0.0,0.0,0.0,42.3,True,True
ST013,204,6,0.0,0.0,0.0,41.8,True,True
ST013,205,6,0.0,0.0,0.0,47.3,True,True
ST013,206,6,0.0,0.0,0.0,54.9,True,False
ST013,207,6,0.0,0.0,0.0,41.6,True,True
ST013,208,6,0.0,0.0,0.0,46.8,True,True
ST013,209,6,0.0,0.0,0.0,46.9,True,True
ST013,210,6,0.0,0.0,0.0,44.9,True,True
ST013,211,6,0.0,0.0,0.0,52.5,True,False
ST013,212,6,0.0,0.0,0.0,55.4,True,False
ST013,213,6,0.0,0.0,0.0,44.3,True,True
ST013,214,6,0.0,0.0,0.0,44.9,True,True
ST013,215,6,0.0,0.0,0.0,54.4,True,False
ST013,216,6,0.0,0.0,0.0,47.1,True,True
ST013,217,6,0.0,0.0,0.0,33.5,True,True
ST013,218,6,0.0,0.0,0.0,44.6,True,True
ST013,219,6,0.0,0.0,0.0,56.1,True,False
ST013,220,6,0.0,0.0,0.0,39.7,True,True
ST013,221,6,0.0,0.0,0.0,42.5,True,True
ST013,222,6,0.0,0.0,0.0,45.3,True,True
ST013,223,6,0.0,0.0,0.0,49.1,True,True
ST013,224,6,0.0,0.0,0.0,50.8,True,False
ST013,225,6,0.0,0.0,0.0,45.4,True,True
ST013,226,6,0.0,0.0,0.0,45.0,True,True
ST013,227,6,0.0,0.0,0.0,43.0,True,True
ST013,228,6,0.0,0.0,0.0,54.0,True,False
ST013,229,6,0.0,0.0,0.0,38.8,True,True
ST013,230,6,0.0,0.0,0.0,37.9,True,True
ST013,231,6,0.0,0.0,0.0,39.9,True,True
ST013,232,6,0.0,0.0,0.0,44.2,True,True
ST013,233,6,0.0,0.0,0.0,51.9,True,False
ST013,234,6,0.0,0.0,0.0,34.6,True,True
ST013,235,6,0.0,0.0,0.0,52.3,True,False
ST013,236,6,0.0,0.0,0.0,34.6,True,True
ST013,237,6,0.0,0.0,0.0,40.5,True,True
ST013,238,6,0.0,0.0,0.0,42.6,True,True
ST013,239,6,0.0,0.0,0.0,39.2,True,True
ST013,240,6,0.0,0.0,0.0,48.3,True,True
ST013,241,6,0.0,0.0,0.0,40.9,True,True
ST013,242,6,0.0,0.0,0.0,36.8,True,True
ST013,243,6,0.0,0.0,0.0,45.7,True,True
ST013,244,6,0.0,0.0,0.0,45.1,True,True
ST013,245,6,0.0,0.0,0.0,48.9,True,True
ST013,246,6,0.0,0.0,0.0,42.1,True,True
ST013,247,6,0.0,0.0,0.0,41.8,True,True
ST013,248,6,0.0,0.0,0.0,41.1,True,True
ST013,249,6,0.0,0.0,0.0,43.7,True,True
ST013,250,6,0.0,0.0,0.0,35.2,True,True
ST013,251,6,0.0,0.0,0.0,42.4,True,True
ST013,252,6,0.0,0.0,0.0,41.6,True,True
ST013,253,6,0.0,0.0,0.0,47.1,True,True
ST013,254,6,0.0,0.0,0.0,37.9,True,True
ST013,255,6,0.0,0.0,0.0,56.7,True,False
ST013,256,6,0.0,0.0,0.0,34.7,True,True
ST013,257,6,0.0,0.0,0.0,49.2,True,True
ST013,258,6,0.0,0.0,0.0,53.0,True,False
ST013,259,6,0.0,0.0,0.0,48.4,True,True
ST013,260,6,0.0,0.0,0.0,44.0,True,True
ST013,261,6,0.0,0.0,0.0,40.2,True,True
ST013,262,6,0.0,0.0,0.0,49.9,True,True
ST013,263,6,0.0,0.0,0.0,35.0,True,True
ST013,264,6,0.0,0.0,0.0,40.1,True,True
ST013,265,6,0.0,0.0,0.0,45.9,True,True
ST013,266,6,0.0,0.0,0.0,40.2,True,True
ST013,267,6,0.0,0.0,0.0,48.2,True,True
ST013,268,6,0.0,0.0,0.0,46.1,True,True
ST013,269,6,0.0,0.0,0.0,39.7,True,True
ST013,270,6,0.0,0.0,0.0,51.3,True,False
ST013,271,6,0.0,0.0,0.0,43.7,True,True
ST013,272,6,0.0,0.0,0.0,42.1,True,True
ST013,273,6,0.0,0.0,0.0,32.8,True,True
ST013,274,6,0.0,0.0,0.0,37.7,True,True
ST013,275,6,0.0,0.0,0.0,42.4,True,True
ST013,276,6,0.0,0.0,0.0,45.4,True,True
ST013,277,6,0.0,0.0,0.0,34.1,True,True
ST013,278,6,0.0,0.0,0.0,37.5,True,True
ST013,279,6,0.0,0.0,0.0,43.9,True,True
ST013,280,6,0.0,0.0,0.0,42.5,True,True
ST013,281,6,0.0,0.0,0.0,39.0,True,True
ST013,282,6,0.0,0.0,0.0,41.5,True,True
ST013,283,6,0.0,0.0,0.0,40.2,True,True
ST013,284,6,0.0,0.0,0.0,46.3,True,True
ST013,285,6,0.0,0.0,0.0,42.8,True,True
ST013,286,6,0.0,0.0,0.0,41.7,True,True
ST013,287,6,0.0,0.0,0.0,40.1,True,True
ST013,288,6,0.0,0.0,0.0,44.2,True,True
ST013,289,6,0.0,0.0,0.0,44.8,True,True
ST013,290,6,0.0,0.0,0.0,46.7,True,True
ST013,291,6,0.0,0.0,0.0,32.9,True,True
ST013,292,6,0.0,0.0,0.0,31.8,True,True
ST013,293,6,0.0,0.0,0.0,39.0,True,True
ST013,294,6,0.0,0.0,0.0,51.5,True,False
ST013,295,6,0.0,0.0,0.0,42.0,True,True
ST013,296,6,0.0,0.0,0.0,43.6,True,True
ST013,297,6,0.0,0.0,0.0,36.5,True,True
ST013,298,6,0.0,0.0,0.0,39.1,True,True
ST013,299,6,0.0,0.0,0.0,38.6,True,True
ST013,300,6,0.0,0.0,0.0,42.1,True,True
ST013,301,6,0.0,0.0,0.0,49.1,True,True
ST013,302,6,0.0,0.0,0.0,38.2,True,True
ST013,303,6,0.0,0.0,0.0,43.1,True,True
ST013,304,6,0.0,0.0,0.0,37.9,True,True
ST013,305,6,0.0,0.0,0.0,45.2,True,True
ST013,306,6,0.0,0.0,0.0,41.2,True,True
ST013,307,6,0.0,0.0,0.0,44.2,True,True
ST013,308,6,0.0,0.0,0.0,42.1,True,True
ST013,309,6,0.0,0.0,0.0,47.0,True,True
ST013,310,6,0.0,0.0,0.0,37.6,True,True
ST013,311,6,0.0,0.0,0.0,38.6,True,True
ST013,312,6,0.0,0.0,0.0,39.9,True,True
ST013,313,6,0.0,0.0,0.0,38.9,True,True
ST013,314,6,0.0,0.0,0.0,40.9,True,True
ST013,315,6,0.0,0.0,0.0,41.9,True,True
ST013,316,6,0.0,0.0,0.0,42.8,True,True
ST013,317,6,0.0,0.0,0.0,41.5,True,True
ST013,318,6,0.0,0.0,0.0,36.6,True,True
ST013,319,6,0.0,0.0,0.0,52.1,True,False
ST013,320,6,0.0,0.0,0.0,47.8,True,True
ST013,321,6,0.0,0.0,0.0,41.2,True,True
ST013,322,6,0.0,0.0,0.0,43.3,True,True
ST013,323,6,0.0,0.0,0.0,47.0,True,True
ST013,324,6,0.0,0.0,0.0,49.1,True,True
ST013,325,6,0.0,0.0,0.0,39.0,True,True
ST013,326,6,0.0,0.0,0.0,47.7,True,True
ST013,327,6,0.0,0.0,0.0,41.3,True,True
ST013,328,6,0.0,0.0,0.0,45.1,True,True
ST013,329,6,0.0,0.0,0.0,46.7,True,True
ST013,330,6,0.0,0.0,0.0,38.6,True,True
ST013,331,6,0.0,0.0,0.0,49.3,True,True
ST013,332,6,0.0,0.0,0.0,40.2,True,True
ST013,333,6,0.0,0.0,0.0,38.0,True,True
ST013,334,6,0.0,0.0,0.0,47.4,True,True
ST013,335,6,0.0,0.0,0.0,50.0,True,False
ST013,336,6,0.0,0.0,0.0,37.1,True,True
ST013,337,6,0.0,0.0,0.0,57.9,True,False
ST013,338,6,0.0,0.0,0.0,43.6,True,True
ST013,339,6,0.0,0.0,0.0,36.8,True,True
ST013,340,6,0.0,0.0,0.0,39.0,True,True
ST013,341,6,0.0,0.0,0.0,43.2,True,True
ST013,342,6,0.0,0.0,0.0,45.8,True,True
ST013,343,6,0.0,0.0,0.0,28.9,True,True
ST013,344,6,0.0,0.0,0.0,42.8,True,True
ST013,345,6,0.0,0.0,0.0,42.1,True,True
ST013,346,6,0.0,0.0,0.0,35.8,True,True
ST013,347,6,0.0,0.0,0.0,34.2,True,True
ST013,348,6,0.0,0.0,0.0,48.9,True,True
ST013,349,6,0.0,0.0,0.0,46.9,True,True
ST013,350,6,0.0,0.0,0.0,42.3,True,True
ST013,351,6,0.0,0.0,0.0,44.0,True,True
ST013,352,6,0.0,0.0,0.0,46.1,True,True
ST013,353,6,0.0,0.0,0.0,43.1,True,True
ST013,354,6,0.0,0.0,0.0,37.7,True,True
ST013,355,6,0.0,0.0,0.0,38.7,True,True
ST013,356,6,0.0,0.0,0.0,42.2,True,True
ST013,357,6,0.0,0.0,0.0,35.0,True,True
ST013,358,6,0.0,0.0,0.0,46.3,True,True
ST013,359,6,0.0,0.0,0.0,47.2,True,True
ST013,360,6,0.0,0.0,0.0,41.7,True,True
ST013,361,6,0.0,0.0,0.0,42.5,True,True
ST013,362,6,0.0,0.0,0.0,38.3,True,True
ST013,363,6,0.0,0.0,0.0,45.0,True,True
ST013,364,6,0.0,0.0,0.0,53.1,True,False
ST013,365,6,0.0,0.0,0.0,50.0,True,False
ST013,366,6,0.0,0.0,0.0,37.7,True,True
ST013,367,6,0.0,0.0,0.0,37.0,True,True
ST013,368,6,0.0,0.0,0.0,36.8,True,True
ST013,369,6,0.0,0.0,0.0,48.5,True,True
ST013,370,6,0.0,0.0,0.0,40.9,True,True
ST013,371,6,0.0,0.0,0.0,47.1,True,True
ST013,372,6,0.0,0.0,0.0,39.9,True,True
ST013,373,6,0.0,0.0,0.0,44.3,True,True
ST013,374,6,0.0,0.0,0.0,46.5,True,True
ST013,375,6,0.0,0.0,0.0,45.9,True,True
ST013,376,6,0.0,0.0,0.0,31.8,True,True
ST013,377,6,0.0,0.0,0.0,42.2,True,True
ST013,378,6,0.0,0.0,0.0,44.5,True,True
ST013,379,6,0.0,0.0,0.0,44.7,True,True
ST013,380,6,0.0,0.0,0.0,49.7,True,True
ST013,381,6,0.0,0.0,0.0,47.0,True,True
ST013,382,6,0.0,0.0,0.0,37.4,True,True
ST013,383,6,0.0,0.0,0.0,44.8,True,True
ST013,384,6,0.0,0.0,0.0,49.3,True,True
ST013,385,6,0.0,0.0,0.0,39.5,True,True
ST013,386,6,0.0,0.0,0.0,46.4,True,True
ST013,387,6,0.0,0.0,0.0,39.3,True,True
ST013,388,6,0.0,0.0,0.0,49.9,True,True
ST013,389,6,0.0,0.0,0.0,38.7,True,True
ST013,390,6,0.0,0.0,0.0,52.5,True,False
ST013,391,6,0.0,0.0,0.0,41.4,True,True
ST013,392,6,0.0,0.0,0.0,54.5,True,False
ST013,393,6,0.0,0.0,0.0,38.0,True,True
ST013,394,6,0.0,0.0,0.0,43.8,True,True
ST013,395,6,0.0,0.0,0.0,41.8,True,True
ST013,396,6,0.0,0.0,0.0,38.7,True,True
ST013,397,6,0.0,0.0,0.0,44.4,True,True
ST013,398,6,0.0,0.0,0.0,47.9,True,True
ST013,399,6,0.0,0.0,0.0,47.5,True,True
ST013,400,6,0.0,0.0,0.0,47.2,True,True
ST013,401,6,0.0,0.0,0.0,44.0,True,True
ST013,402,6,0.0,0.0,0.0,46.0,True,True
ST013,403,6,0.0,0.0,0.0,50.0,True,False
ST013,404,6,0.0,0.0,0.0,49.2,True,True
ST013,405,6,0.0,0.0,0.0,44.9,True,True
ST013,406,6,0.0,0.0,0.0,42.2,True,True
ST013,407,6,0.0,0.0,0.0,48.0,True,True
ST013,408,6,0.0,0.0,0.0,35.8,True,True
ST013,409,6,0.0,0.0,0.0,47.8,True,True
ST013,410,6,0.0,0.0,0.0,48.1,True,True
ST013,411,6,0.0,0.0,0.0,42.7,True,True
ST013,412,6,0.0,0.0,0.0,47.4,True,True
ST013,413,6,0.0,0.0,0.0,39.4,True,True
ST013,414,6,0.0,0.0,0.0,43.2,True,True
ST013,415,6,0.0,0.0,0.0,49.4,True,True
ST013,416,6,0.0,0.0,0.0,49.0,True,True
ST013,417,6,0.0,0.0,0.0,50.0,True,False
ST013,418,6,0.0,0.0,0.0,37.2,True,True
ST013,419,6,0.0,0.0,0.0,55.3,True,False
ST013,420,6,0.0,0.0,0.0,41.2,True,True
ST013,421,6,0.0,0.0,0.0,43.4,True,True
ST013,422,6,0.0,0.0,0.0,52.0,True,False
ST013,423,6,0.0,0.0,0.0,48.9,True,True
ST013,424,6,0.0,0.0,0.0,43.1,True,True
ST013,425,6,0.0,0.0,0.0,39.1,True,True
ST013,426,6,0.0,0.0,0.0,53.6,True,False
ST013,427,6,0.0,0.0,0.0,43.9,True,True
ST013,428,6,0.0,0.0,0.0,31.9,True,True
ST013,429,6,0.0,0.0,0.0,31.0,True,True
ST013,430,6,0.0,0.0,0.0,45.9,True,True
ST013,431,6,0.0,0.0,0.0,47.3,True,True
ST013,432,6,0.0,0.0,0.0,43.8,True,True
ST013,433,6,0.0,0.0,0.0,33.6,True,True
ST013,434,6,0.0,0.0,0.0,48.8,True,True
ST013,435,6,0.0,0.0,0.0,38.1,True,True
ST013,436,6,0.0,0.0,0.0,43.8,True,True
ST013,437,6,0.0,0.0,0.0,43.5,True,True
ST013,438,6,0.0,0.0,0.0,44.7,True,True
ST013,439,6,0.0,0.0,0.0,41.4,True,True
ST013,440,6,0.0,0.0,0.0,38.6,True,True
ST013,441,6,0.0,0.0,0.0,46.6,True,True
ST013,442,6,0.0,0.0,0.0,46.1,True,True
ST013,443,6,0.0,0.0,0.0,46.3,True,True
ST013,444,6,0.0,0.0,0.0,46.6,True,True
ST013,445,6,0.0,0.0,0.0,41.2,True,True
ST013,446,6,0.0,0.0,0.0,52.7,True,False
ST013,447,6,0.0,0.0,0.0,52.4,True,False
ST013,448,6,0.0,0.0,0.0,44.3,True,True
ST013,449,6,0.0,0.0,0.0,32.7,True,True
ST013,450,6,0.0,0.0,0.0,43.4,True,True
ST013,451,6,0.0,0.0,0.0,45.5,True,True
ST013,452,6,0.0,0.0,0.0,41.5,True,True
ST013,453,6,0.0,0.0,0.0,39.6,True,True
ST013,454,6,0.0,0.0,0.0,52.8,True,False
ST013,455,6,0.0,0.0,0.0,46.6,True,True
ST013,456,6,0.0,0.0,0.0,50.4,True,False
ST013,457,6,0.0,0.0,0.0,33.3,True,True
ST013,458,6,0.0,0.0,0.0,46.7,True,True
ST013,459,6,0.0,0.0,0.0,35.0,True,True
ST013,460,6,0.0,0.0,0.0,41.6,True,True
ST013,461,6,0.0,0.0,0.0,43.2,True,True
ST013,462,6,0.0,0.0,0.0,42.8,True,True
ST013,463,6,0.0,0.0,0.0,38.6,True,True
ST013,464,6,0.0,0.0,0.0,42.1,True,True
ST013,465,6,0.0,0.0,0.0,44.6,True,True
ST013,466,6,0.0,0.0,0.0,35.1,True,True
ST013,467,6,0.0,0.0,0.0,45.6,True,True
ST013,468,6,0.0,0.0,0.0,47.8,True,True
ST013,469,6,0.0,0.0,0.0,41.5,True,True
ST013,470,6,0.0,0.0,0.0,41.6,True,True
ST013,471,6,0.0,0.0,0.0,42.7,True,True
ST013,472,6,0.0,0.0,0.0,52.6,True,False
ST013,473,6,0.0,0.0,0.0,51.9,True,False
ST013,474,6,0.0,0.0,0.0,45.7,True,True
ST013,475,6,0.0,0.0,0.0,37.8,True,True
ST013,476,6,0.0,0.0,0.0,41.7,True,True
ST013,477,6,0.0,0.0,0.0,42.9,True,True
ST013,478,6,0.0,0.0,0.0,39.2,True,True
ST013,479,6,0.0,0.0,0.0,45.0,True,True
ST013,480,6,0.0,0.0,0.0,46.3,True,True
ST013,481,6,0.0,0.0,0.0,43.3,True,True
ST013,482,6,0.0,0.0,0.0,38.5,True,True
ST013,483,6,0.0,0.0,0.0,30.7,True,True
ST013,484,6,0.0,0.0,0.0,32.4,True,True
ST013,485,6,0.0,0.0,0.0,39.6,True,True
ST013,486,6,0.0,0.0,0.0,49.5,True,True
ST013,487,6,0.0,0.0,0.0,42.5,True,True
ST013,488,6,0.0,0.0,0.0,39.4,True,True
ST013,489,6,0.0,0.0,0.0,39.7,True,True
ST013,490,6,0.0,0.0,0.0,38.5,True,True
ST013,491,6,0.0,0.0,0.0,40.8,True,True
ST013,492,6,0.0,0.0,0.0,34.5,True,True
ST013,493,6,0.0,0.0,0.0,43.6,True,True
ST013,494,6,0.0,0.0,0.0,35.0,True,True
ST013,495,6,0.0,0.0,0.0,44.4,True,True
ST013,496,6,0.0,0.0,0.0,46.9,True,True
ST013,497,6,0.0,0.0,0.0,40.0,True,True
ST013,498,6,0.0,0.0,0.0,38.4,True,True
ST013,499,6,0.0,0.0,0.0,39.9,True,True
ST013,500,6,0.0,0.0,0.0,30.1,True,True
ST013,501,6,0.0,0.0,0.0,35.8,True,True
ST013,502,6,0.0,0.0,0.0,44.7,True,True
ST013,503,6,0.0,0.0,0.0,40.9,True,True
ST013,504,6,0.0,0.0,0.0,31.7,True,True
ST013,505,6,0.0,0.0,0.0,45.2,True,True
ST013,506,6,0.0,0.0,0.0,46.0,True,True
ST013,507,6,0.0,0.0,0.0,41.5,True,True
ST013,508,6,0.0,0.0,0.0,52.6,True,False
ST013,509,6,0.0,0.0,0.0,45.2,True,True
ST013,510,6,0.0,0.0,0.0,35.9,True,True
ST013,511,6,0.0,0.0,0.0,38.6,True,True
ST013,512,6,0.0,0.0,0.0,48.1,True,True
ST013,513,6,0.0,0.0,0.0,39.0,True,True
ST013,514,6,0.0,0.0,0.0,36.1,True,True
ST013,515,6,0.0,0.0,0.0,33.8,True,True
ST013,516,6,0.0,0.0,0.0,38.0,True,True
ST013,517,6,0.0,0.0,0.0,30.6,True,True
ST013,518,6,0.0,0.0,0.0,41.5,True,True
ST013,519,6,0.0,0.0,0.0,41.8,True,True
ST013,520,6,0.0,0.0,0.0,38.6,True,True
ST013,521,6,0.0,0.0,0.0,36.1,True,True
ST013,522,6,0.0,0.0,0.0,45.8,True,True
ST013,523,6,0.0,0.0,0.0,42.5,True,True
ST013,524,6,0.0,0.0,0.0,45.2,True,True
ST013,525,6,0.0,0.0,0.0,47.4,True,True
ST013,526,6,0.0,0.0,0.0,47.6,True,True
ST013,527,6,0.0,0.0,0.0,39.7,True,True
ST013,528,6,0.0,0.0,0.0,35.2,True,True
ST013,529,6,0.0,0.0,0.0,50.2,True,False
ST013,530,6,0.0,0.0,0.0,46.8,True,True
ST013,531,6,0.0,0.0,0.0,43.3,True,True
ST013,532,6,0.0,0.0,0.0,48.1,True,True
ST013,533,6,0.0,0.0,0.0,41.0,True,True
ST013,534,6,0.0,0.0,0.0,46.1,True,True
ST013,535,6,0.0,0.0,0.0,40.0,True,True
ST013,536,6,0.0,0.0,0.0,46.8,True,True
ST013,537,6,0.0,0.0,0.0,49.4,True,True
ST013,538,6,0.0,0.0,0.0,45.2,True,True
ST013,539,6,0.0,0.0,0.0,45.0,True,True
ST013,540,6,0.0,0.0,0.0,39.2,True,True
ST013,541,6,0.0,0.0,0.0,35.3,True,True
ST013,542,6,0.0,0.0,0.0,42.7,True,True
ST013,543,6,0.0,0.0,0.0,41.6,True,True
ST013,544,6,0.0,0.0,0.0,40.3,True,True
ST013,545,6,0.0,0.0,0.0,46.6,True,True
ST013,546,6,0.0,0.0,0.0,48.5,True,True
ST013,547,6,0.0,0.0,0.0,39.0,True,True
ST013,548,6,0.0,0.0,0.0,55.1,True,False
ST013,549,6,0.0,0.0,0.0,48.3,True,True
ST013,550,6,0.0,0.0,0.0,55.7,True,False
ST013,551,6,0.0,0.0,0.0,48.6,True,True
ST013,552,6,0.0,0.0,0.0,40.7,True,True
ST013,553,6,0.0,0.0,0.0,46.6,True,True
ST013,554,6,0.0,0.0,0.0,51.6,True,False
ST013,555,6,0.0,0.0,0.0,45.5,True,True
ST013,556,6,0.0,0.0,0.0,51.4,True,False
ST013,557,6,0.0,0.0,0.0,42.5,True,True
ST013,558,6,0.0,0.0,0.0,37.2,True,True
ST013,559,6,0.0,0.0,0.0,47.5,True,True
ST013,560,6,0.0,0.0,0.0,40.8,True,True
ST013,561,6,0.0,0.0,0.0,42.1,True,True
ST013,562,6,0.0,0.0,0.0,43.3,True,True
ST013,563,6,0.0,0.0,0.0,39.1,True,True
ST013,564,6,0.0,0.0,0.0,43.2,True,True
ST013,565,6,0.0,0.0,0.0,33.4,True,True
ST013,566,6,0.0,0.0,0.0,45.0,True,True
ST013,567,6,0.0,0.0,0.0,43.0,True,True
ST013,568,6,0.0,0.0,0.0,42.4,True,True
ST013,569,6,0.0,0.0,0.0,42.9,True,True
ST013,570,6,0.0,0.0,0.0,35.3,True,True
ST013,571,6,0.0,0.0,0.0,42.6,True,True
ST013,572,6,0.0,0.0,0.0,39.2,True,True
ST013,573,6,0.0,0.0,0.0,39.9,True,True
ST013,574,6,0.0,0.0,0.0,48.2,True,True
ST013,575,6,0.0,0.0,0.0,42.4,True,True
ST013,576,6,0.0,0.0,0.0,43.3,True,True
ST013,577,6,0.0,0.0,0.0,46.0,True,True
ST013,578,6,0.0,0.0,0.0,36.7,True,True
ST013,579,6,0.0,0.0,0.0,46.0,True,True
ST013,580,6,0.0,0.0,0.0,42.6,True,True
ST013,581,6,0.0,0.0,0.0,31.8,True,True
ST013,582,6,0.0,0.0,0.0,43.1,True,True
ST013,583,6,0.0,0.0,0.0,53.3,True,False
ST013,584,6,0.0,0.0,0.0,41.4,True,True
ST013,585,6,0.0,0.0,0.0,54.1,True,False
ST013,586,6,0.0,0.0,0.0,44.0,True,True
ST013,587,6,0.0,0.0,0.0,40.6,True,True
ST013,588,6,0.0,0.0,0.0,41.9,True,True
ST013,589,6,0.0,0.0,0.0,38.5,True,True
ST013,590,6,0.0,0.0,0.0,36.3,True,True
ST013,591,6,0.0,0.0,0.0,41.1,True,True
ST013,592,6,0.0,0.0,0.0,44.1,True,True
ST013,593,6,0.0,0.0,0.0,40.1,True,True
ST013,594,6,0.0,0.0,0.0,49.0,True,True
ST013,595,6,0.0,0.0,0.0,38.3,True,True
ST013,596,6,0.0,0.0,0.0,46.7,True,True
ST013,597,6,0.0,0.0,0.0,42.8,True,True
ST013,598,6,0.0,0.0,0.0,35.9,True,True
ST013,599,6,0.0,0.0,0.0,47.8,True,True
ST013,600,6,0.0,0.0,0.0,51.6,True,False
ST013,601,6,0.0,0.0,0.0,35.4,True,True
ST013,602,6,0.0,0.0,0.0,40.6,True,True
ST013,603,6,0.0,0.0,0.0,44.6,True,True
ST013,604,6,0.0,0.0,0.0,39.6,True,True
ST013,605,6,0.0,0.0,0.0,47.0,True,True
ST013,606,6,0.0,0.0,0.0,42.3,True,True
ST013,607,6,0.0,0.0,0.0,37.2,True,True
ST013,608,6,0.0,0.0,0.0,38.8,True,True
ST013,609,6,0.0,0.0,0.0,46.4,True,True
ST013,610,6,0.0,0.0,0.0,48.6,True,True
ST013,611,6,0.0,0.0,0.0,48.6,True,True
ST013,612,6,0.0,0.0,0.0,42.1,True,True
ST013,613,6,0.0,0.0,0.0,52.2,True,False
ST013,614,6,0.0,0.0,0.0,46.8,True,True
ST013,615,6,0.0,0.0,0.0,38.8,True,True
ST013,616,6,0.0,0.0,0.0,40.4,True,True
ST013,617,6,0.0,0.0,0.0,40.4,True,True
ST013,618,6,0.0,0.0,0.0,35.5,True,True
ST013,619,6,0.0,0.0,0.0,45.2,True,True
ST013,620,6,0.0,0.0,0.0,41.8,True,True
ST013,621,6,0.0,0.0,0.0,48.4,True,True
ST013,622,6,0.0,0.0,0.0,42.6,True,True
ST013,623,6,0.0,0.0,0.0,54.4,True,False
ST013,624,6,0.0,0.0,0.0,35.6,True,True
ST013,625,6,0.0,0.0,0.0,53.0,True,False
ST013,626,6,0.0,0.0,0.0,37.1,True,True
ST013,627,6,0.0,0.0,0.0,41.1,True,True
ST013,628,6,0.0,0.0,0.0,36.6,True,True
ST013,629,6,0.0,0.0,0.0,40.9,True,True
ST013,630,6,0.0,0.0,0.0,39.4,True,True
ST013,631,6,0.0,0.0,0.0,42.2,True,True
ST013,632,6,0.0,0.0,0.0,38.8,True,True
ST013,633,6,0.0,0.0,0.0,45.9,True,True
ST013,634,6,0.0,0.0,0.0,38.4,True,True
ST013,635,6,0.0,0.0,0.0,40.1,True,True
ST013,636,6,0.0,0.0,0.0,33.4,True,True
ST013,637,6,0.0,0.0,0.0,42.6,True,True
ST013,638,6,0.0,0.0,0.0,38.0,True,True
ST013,639,6,0.0,0.0,0.0,40.7,True,True
ST013,640,6,0.0,0.0,0.0,41.4,True,True
ST013,641,6,0.0,0.0,0.0,46.8,True,True
ST013,642,6,0.0,0.0,0.0,44.7,True,True
ST013,643,6,0.0,0.0,0.0,39.6,True,True
ST013,644,6,0.0,0.0,0.0,51.3,True,False
ST013,645,6,0.0,0.0,0.0,39.7,True,True
ST013,646,6,0.0,0.0,0.0,36.9,True,True
ST013,647,6,0.0,0.0,0.0,48.1,True,True
ST013,648,6,0.0,0.0,0.0,48.2,True,True
ST013,649,6,0.0,0.0,0.0,51.9,True,False
ST013,650,6,0.0,0.0,0.0,36.7,True,True
ST013,651,6,0.0,0.0,0.0,47.4,True,True
ST013,652,6,0.0,0.0,0.0,44.1,True,True
ST013,653,6,0.0,0.0,0.0,39.7,True,True
ST013,654,6,0.0,0.0,0.0,51.5,True,False
ST013,655,6,0.0,0.0,0.0,45.4,True,True
ST013,656,6,0.0,0.0,0.0,41.8,True,True
ST013,657,6,0.0,0.0,0.0,46.5,True,True
ST013,658,6,0.0,0.0,0.0,42.6,True,True
ST013,659,6,0.0,0.0,0.0,49.4,True,True
ST013,660,6,0.0,0.0,0.0,38.5,True,True
ST013,661,6,0.0,0.0,0.0,42.5,True,True
ST013,662,6,0.0,0.0,0.0,39.3,True,True
ST013,663,6,0.0,0.0,0.0,53.2,True,False
ST013,664,6,0.0,0.0,0.0,43.9,True,True
ST013,665,6,0.0,0.0,0.0,37.4,True,True
ST013,666,6,0.0,0.0,0.0,46.9,True,True
ST013,667,6,0.0,0.0,0.0,53.6,True,False
ST013,668,6,0.0,0.0,0.0,42.9,True,True
ST013,669,6,0.0,0.0,0.0,39.6,True,True
ST013,670,6,0.0,0.0,0.0,39.7,True,True
ST013,671,6,0.0,0.0,0.0,39.2,True,True
ST013,672,6,0.0,0.0,0.0,39.5,True,True
ST013,673,6,0.0,0.0,0.0,41.2,True,True
ST013,674,6,0.0,0.0,0.0,45.9,True,True
ST013,675,6,0.0,0.0,0.0,34.4,True,True
ST013,676,6,0.0,0.0,0.0,34.5,True,True
ST013,677,6,0.0,0.0,0.0,40.1,True,True
ST013,678,6,0.0,0.0,0.0,51.0,True,False
ST013,679,6,0.0,0.0,0.0,37.7,True,True
ST013,680,6,0.0,0.0,0.0,34.0,True,True
ST013,681,6,0.0,0.0,0.0,40.7,True,True
ST013,682,6,0.0,0.0,0.0,50.8,True,False
ST013,683,6,0.0,0.0,0.0,53.0,True,False
ST013,684,6,0.0,0.0,0.0,46.0,True,True
ST013,685,6,0.0,0.0,0.0,40.6,True,True
ST013,686,6,0.0,0.0,0.0,41.2,True,True
ST013,687,6,0.0,0.0,0.0,40.8,True,True
ST013,688,6,0.0,0.0,0.0,44.3,True,True
ST013,689,6,0.0,0.0,0.0,34.7,True,True
ST013,690,6,0.0,0.0,0.0,41.9,True,True
ST013,691,6,0.0,0.0,0.0,56.1,True,False
ST013,692,6,0.0,0.0,0.0,43.2,True,True
ST013,693,6,0.0,0.0,0.0,38.1,True,True
ST013,694,6,0.0,0.0,0.0,41.6,True,True
ST013,695,6,0.0,0.0,0.0,40.4,True,True
ST013,696,6,0.0,0.0,0.0,52.2,True,False
ST013,697,6,0.0,0.0,0.0,32.4,True,True
ST013,698,6,0.0,0.0,0.0,43.0,True,True
ST013,699,6,0.0,0.0,0.0,46.8,True,True
ST013,700,6,0.0,0.0,0.0,43.6,True,True
ST013,701,6,0.0,0.0,0.0,43.0,True,True
ST013,702,6,0.0,0.0,0.0,46.9,True,True
ST013,703,6,0.0,0.0,0.0,38.9,True,True
ST013,704,6,0.0,0.0,0.0,33.6,True,True
ST013,705,6,0.0,0.0,0.0,42.5,True,True
ST013,706,6,0.0,0.0,0.0,46.1,True,True
ST013,707,6,0.0,0.0,0.0,33.6,True,True
ST013,708,6,0.0,0.0,0.0,41.9,True,True
ST013,709,6,0.0,0.0,0.0,40.7,True,True
ST013,710,6,0.0,0.0,0.0,34.9,True,True
ST013,711,6,0.0,0.0,0.0,54.9,True,False
ST013,712,6,0.0,0.0,0.0,41.9,True,True
ST013,713,6,0.0,0.0,0.0,50.0,True,False
ST013,714,6,0.0,0.0,0.0,34.7,True,True
ST013,715,6,0.0,0.0,0.0,41.3,True,True
ST013,716,6,0.0,0.0,0.0,43.6,True,True
ST013,717,6,0.0,0.0,0.0,47.3,True,True
ST013,718,6,0.0,0.0,0.0,42.0,True,True
ST013,719,6,0.0,0.0,0.0,47.2,True,True
ST013,720,6,0.0,0.0,0.0,40.5,True,True
ST013,721,6,0.0,0.0,0.0,44.6,True,True
ST013,722,6,0.0,0.0,0.0,48.3,True,True
ST013,723,6,0.0,0.0,0.0,34.2,True,True
ST013,724,6,0.0,0.0,0.0,45.1,True,True
ST013,725,6,0.0,0.0,0.0,40.0,True,True
ST013,726,6,0.0,0.0,0.0,44.8,True,True
ST013,727,6,0.0,0.0,0.0,43.1,True,True
ST013,728,6,0.0,0.0,0.0,33.9,True,True
ST013,729,6,0.0,0.0,0.0,45.0,True,True
ST013,730,6,0.0,0.0,0.0,36.8,True,True
ST013,731,6,0.0,0.0,0.0,37.9,True,True
ST013,732,6,0.0,0.0,0.0,43.9,True,True
ST013,733,6,0.0,0.0,0.0,45.4,True,True
ST013,734,6,0.0,0.0,0.0,54.2,True,False
ST013,735,6,0.0,0.0,0.0,49.2,True,True
ST013,736,6,0.0,0.0,0.0,52.8,True,False
ST013,737,6,0.0,0.0,0.0,41.3,True,True
ST013,738,6,0.0,0.0,0.0,31.3,True,True
ST013,739,6,0.0,0.0,0.0,49.4,True,True
ST013,740,6,0.0,0.0,0.0,36.0,True,True
ST013,741,6,0.0,0.0,0.0,44.9,True,True
ST013,742,6,0.0,0.0,0.0,42.4,True,True
ST013,743,6,0.0,0.0,0.0,46.5,True,True
ST013,744,6,0.0,0.0,0.0,52.5,True,False
ST013,745,6,0.0,0.0,0.0,40.1,True,True
ST013,746,6,0.0,0.0,0.0,40.8,True,True
ST013,747,6,0.0,0.0,0.0,38.5,True,True
ST013,748,6,0.0,0.0,0.0,39.2,True,True
ST013,749,6,0.0,0.0,0.0,33.9,True,True
ST013,750,6,0.0,0.0,0.0,42.9,True,True
ST013,751,6,0.0,0.0,0.0,41.1,True,True
ST013,752,6,0.0,0.0,0.0,42.4,True,True
ST013,753,6,0.0,0.0,0.0,40.8,True,True
ST013,754,6,0.0,0.0,0.0,38.9,True,True
ST013,755,6,0.0,0.0,0.0,35.7,True,True
ST013,756,6,0.0,0.0,0.0,41.0,True,True
ST013,757,6,0.0,0.0,0.0,36.2,True,True
ST013,758,6,0.0,0.0,0.0,44.6,True,True
ST013,759,6,0.0,0.0,0.0,35.5,True,True
ST013,760,6,0.0,0.0,0.0,40.4,True,True
ST013,761,6,0.0,0.0,0.0,43.7,True,True
ST013,762,6,0.0,0.0,0.0,42.0,True,True
ST013,763,6,0.0,0.0,0.0,44.3,True,True
ST013,764,6,0.0,0.0,0.0,42.3,True,True
ST013,765,6,0.0,0.0,0.0,44.1,True,True
ST013,766,6,0.0,0.0,0.0,39.8,True,True
ST013,767,6,0.0,0.0,0.0,37.4,True,True
ST013,768,6,0.0,0.0,0.0,34.8,True,True
ST013,769,6,0.0,0.0,0.0,45.0,True,True
ST013,770,6,0.0,0.0,0.0,43.0,True,True
ST013,771,6,0.0,0.0,0.0,36.5,True,True
ST013,772,6,0.0,0.0,0.0,53.3,True,False
ST013,773,6,0.0,0.0,0.0,45.7,True,True
ST013,774,6,0.0,0.0,0.0,46.0,True,True
ST013,775,6,0.0,0.0,0.0,41.4,True,True
ST013,776,6,0.0,0.0,0.0,48.4,True,True
ST013,777,6,0.0,0.0,0.0,42.6,True,True
ST013,778,6,0.0,0.0,0.0,38.7,True,True
ST013,779,6,0.0,0.0,0.0,37.4,True,True
ST013,780,6,0.0,0.0,0.0,48.4,True,True
ST013,781,6,0.0,0.0,0.0,37.9,True,True
ST013,782,6,0.0,0.0,0.0,40.2,True,True
ST013,783,6,0.0,0.0,0.0,51.5,True,False
ST013,784,6,0.0,0.0,0.0,43.7,True,True
ST013,785,6,0.0,0.0,0.0,49.8,True,True
ST013,786,6,0.0,0.0,0.0,44.5,True,True
ST013,787,6,0.0,0.0,0.0,40.2,True,True
ST013,788,6,0.0,0.0,0.0,44.3,True,True
ST013,789,6,0.0,0.0,0.0,51.8,True,False
ST013,790,6,0.0,0.0,0.0,43.5,True,True
ST013,791,6,0.0,0.0,0.0,35.3,True,True
ST013,792,6,0.0,0.0,0.0,40.9,True,True
ST013,793,6,0.0,0.0,0.0,49.5,True,True
ST013,794,6,0.0,0.0,0.0,45.6,True,True
ST013,795,6,0.0,0.0,0.0,44.1,True,True
ST013,796,6,0.0,0.0,0.0,43.3,True,True
ST013,797,6,0.0,0.0,0.0,39.7,True,True
ST013,798,6,0.0,0.0,0.0,36.6,True,True
ST013,799,6,0.0,0.0,0.0,47.3,True,True
ST013,800,6,0.0,0.0,0.0,37.7,True,True
ST013,801,6,0.0,0.0,0.0,51.7,True,False
ST013,802,6,0.0,0.0,0.0,41.8,True,True
ST013,803,6,0.0,0.0,0.0,35.7,True,True
ST013,804,6,0.0,0.0,0.0,51.7,True,False
ST013,805,6,0.0,0.0,0.0,38.7,True,True
ST013,806,6,0.0,0.0,0.0,38.6,True,True
ST013,807,6,0.0,0.0,0.0,46.0,True,True
ST013,808,6,0.0,0.0,0.0,49.3,True,True
ST013,809,6,0.0,0.0,0.0,40.9,True,True
ST013,810,6,0.0,0.0,0.0,47.5,True,True
ST013,811,6,0.0,0.0,0.0,43.0,True,True
ST013,812,6,0.0,0.0,0.0,36.8,True,True
ST013,813,6,0.0,0.0,0.0,49.6,True,True
ST013,814,6,0.0,0.0,0.0,33.7,True,True
ST013,815,6,0.0,0.0,0.0,42.7,True,True
ST013,816,6,0.0,0.0,0.0,40.3,True,True
ST013,817,6,0.0,0.0,0.0,39.8,True,True
ST013,818,6,0.0,0.0,0.0,37.7,True,True
ST013,819,6,0.0,0.0,0.0,52.4,True,False
ST013,820,6,0.0,0.0,0.0,41.0,True,True
ST013,821,6,0.0,0.0,0.0,36.6,True,True
ST013,822,6,0.0,0.0,0.0,45.8,True,True
ST013,823,6,0.0,0.0,0.0,48.3,True,True
ST013,824,6,0.0,0.0,0.0,49.8,True,True
ST013,825,6,0.0,0.0,0.0,41.1,True,True
ST013,826,6,0.0,0.0,0.0,36.9,True,True
ST013,827,6,0.0,0.0,0.0,42.7,True,True
ST013,828,6,0.0,0.0,0.0,43.1,True,True
ST013,829,6,0.0,0.0,0.0,38.6,True,True
ST013,830,6,0.0,0.0,0.0,44.5,True,True
ST013,831,6,0.0,0.0,0.0,49.7,True,True
ST013,832,6,0.0,0.0,0.0,40.4,True,True
ST013,833,6,0.0,0.0,0.0,40.4,True,True
ST013,834,6,0.0,0.0,0.0,45.4,True,True
ST013,835,6,0.0,0.0,0.0,47.0,True,True
ST013,836,6,0.0,0.0,0.0,38.1,True,True
ST013,837,6,0.0,0.0,0.0,46.8,True,True
ST013,838,6,0.0,0.0,0.0,42.1,True,True
ST013,839,6,0.0,0.0,0.0,41.1,True,True
ST013,840,6,0.0,0.0,0.0,41.7,True,True
ST013,841,6,0.0,0.0,0.0,49.3,True,True
ST013,842,6,0.0,0.0,0.0,49.1,True,True
ST013,843,6,0.0,0.0,0.0,47.0,True,True
ST013,844,6,0.0,0.0,0.0,46.0,True,True
ST013,845,6,0.0,0.0,0.0,49.4,True,True
ST013,846,6,0.0,0.0,0.0,42.1,True,True
ST013,847,6,0.0,0.0,0.0,43.8,True,True
ST013,848,6,0.0,0.0,0.0,53.7,True,False
ST013,849,6,0.0,0.0,0.0,40.2,True,True
ST013,850,6,0.0,0.0,0.0,48.7,True,True
ST013,851,6,0.0,0.0,0.0,32.5,True,True
ST013,852,6,0.0,0.0,0.0,37.4,True,True
ST013,853,6,0.0,0.0,0.0,42.1,True,True
ST013,854,6,0.0,0.0,0.0,47.2,True,True
ST013,855,6,0.0,0.0,0.0,41.5,True,True
ST013,856,6,0.0,0.0,0.0,51.1,True,False
ST013,857,6,0.0,0.0,0.0,42.2,True,True
ST013,858,6,0.0,0.0,0.0,44.3,True,True
ST013,859,6,0.0,0.0,0.0,43.0,True,True
ST013,860,6,0.0,0.0,0.0,35.2,True,True
ST013,861,6,0.0,0.0,0.0,46.1,True,True
ST013,862,6,0.0,0.0,0.0,49.5,True,True
ST013,863,6,0.0,0.0,0.0,42.8,True,True
ST013,864,6,0.0,0.0,0.0,43.1,True,True
ST013,865,6,0.0,0.0,0.0,42.9,True,True
ST013,866,6,0.0,0.0,0.0,46.4,True,True
ST013,867,6,0.0,0.0,0.0,40.9,True,True
ST013,868,6,0.0,0.0,0.0,45.2,True,True
ST013,869,6,0.0,0.0,0.0,41.7,True,True
ST013,870,6,0.0,0.0,0.0,52.7,True,False
ST013,871,6,0.0,0.0,0.0,48.7,True,True
ST013,872,6,0.0,0.0,0.0,48.9,True,True
ST013,873,6,0.0,0.0,0.0,43.3,True,True
ST013,874,6,0.0,0.0,0.0,45.6,True,True
ST013,875,6,0.0,0.0,0.0,44.3,True,True
ST013,876,6,0.0,0.0,0.0,44.6,True,True
ST013,877,6,0.0,0.0,0.0,46.7,True,True
ST013,878,6,0.0,0.0,0.0,54.4,True,False
ST013,879,6,0.0,0.0,0.0,38.0,True,True
ST013,880,6,0.0,0.0,0.0,46.1,True,True
ST013,881,6,0.0,0.0,0.0,53.9,True,False
ST013,882,6,0.0,0.0,0.0,41.4,True,True
ST013,883,6,0.0,0.0,0.0,39.4,True,True
ST013,884,6,0.0,0.0,0.0,43.1,True,True
ST013,885,6,0.0,0.0,0.0,42.7,True,True
ST013,886,6,0.0,0.0,0.0,46.4,True,True
ST013,887,6,0.0,0.0,0.0,39.8,True,True
ST013,888,6,0.0,0.0,0.0,50.6,True,False
ST013,889,6,0.0,0.0,0.0,40.3,True,True
ST013,890,6,0.0,0.0,0.0,51.1,True,False
ST013,891,6,0.0,0.0,0.0,45.1,True,True
ST013,892,6,0.0,0.0,0.0,42.1,True,True
ST013,893,6,0.0,0.0,0.0,36.3,True,True
ST013,894,6,0.0,0.0,0.0,40.8,True,True
ST013,895,6,0.0,0.0,0.0,33.7,True,True
ST013,896,6,0.0,0.0,0.0,45.3,True,True
ST013,897,6,0.0,0.0,0.0,41.8,True,True
ST013,898,6,0.0,0.0,0.0,44.0,True,True
ST013,899,6,0.0,0.0,0.0,39.8,True,True
ST013,900,6,0.0,0.0,0.0,44.8,True,True
ST013,901,6,0.0,0.0,0.0,43.1,True,True
ST013,902,6,0.0,0.0,0.0,46.8,True,True
ST013,903,6,0.0,0.0,0.0,50.9,True,False
ST013,904,6,0.0,0.0,0.0,46.2,True,True
ST013,905,6,0.0,0.0,0.0,46.0,True,True
ST013,906,6,0.0,0.0,0.0,37.1,True,True
ST013,907,6,0.0,0.0,0.0,51.6,True,False
ST013,908,6,0.0,0.0,0.0,42.3,True,True
ST013,909,6,0.0,0.0,0.0,41.8,True,True
ST013,910,6,0.0,0.0,0.0,44.5,True,True
ST013,911,6,0.0,0.0,0.0,42.1,True,True
ST013,912,6,0.0,0.0,0.0,50.3,True,False
ST013,913,6,0.0,0.0,0.0,46.4,True,True
ST013,914,6,0.0,0.0,0.0,44.4,True,True
ST013,915,6,0.0,0.0,0.0,43.3,True,True
ST013,916,6,0.0,0.0,0.0,34.0,True,True
ST013,917,6,0.0,0.0,0.0,53.0,True,False
ST013,918,6,0.0,0.0,0.0,41.0,True,True
ST013,919,6,0.0,0.0,0.0,43.6,True,True
ST013,920,6,0.0,0.0,0.0,36.3,True,True
ST013,921,6,0.0,0.0,0.0,43.2,True,True
ST013,922,6,0.0,0.0,0.0,46.3,True,True
ST013,923,6,0.0,0.0,0.0,46.4,True,True
ST013,924,6,0.0,0.0,0.0,40.0,True,True
ST013,925,6,0.0,0.0,0.0,51.0,True,False
ST013,926,6,0.0,0.0,0.0,43.2,True,True
ST013,927,6,0.0,0.0,0.0,42.3,True,True
ST013,928,6,0.0,0.0,0.0,40.0,True,True
ST013,929,6,0.0,0.0,0.0,47.8,True,True
ST013,930,6,0.0,0.0,0.0,35.3,True,True
ST013,931,6,0.0,0.0,0.0,41.1,True,True
ST013,932,6,0.0,0.0,0.0,43.5,True,True
ST013,933,6,0.0,0.0,0.0,47.9,True,True
ST013,934,6,0.0,0.0,0.0,52.8,True,False
ST013,935,6,0.0,0.0,0.0,37.0,True,True
ST013,936,6,0.0,0.0,0.0,44.3,True,True
ST013,937,6,0.0,0.0,0.0,46.2,True,True
ST013,938,6,0.0,0.0,0.0,41.1,True,True
ST013,939,6,0.0,0.0,0.0,52.0,True,False
ST013,940,6,0.0,0.0,0.0,45.0,True,True
ST013,941,6,0.0,0.0,0.0,53.2,True,False
ST013,942,6,0.0,0.0,0.0,43.0,True,True
ST013,943,6,0.0,0.0,0.0,44.1,True,True
ST013,944,6,0.0,0.0,0.0,42.4,True,True
ST013,945,6,0.0,0.0,0.0,48.4,True,True
ST013,946,6,0.0,0.0,0.0,41.6,True,True
ST013,947,6,0.0,0.0,0.0,36.0,True,True
ST013,948,6,0.0,0.0,0.0,38.6,True,True
ST013,949,6,0.0,0.0,0.0,40.7,True,True
ST013,950,6,0.0,0.0,0.0,51.1,True,False
ST013,951,6,0.0,0.0,0.0,44.4,True,True
ST013,952,6,0.0,0.0,0.0,37.2,True,True
ST013,953,6,0.0,0.0,0.0,46.1,True,True
ST013,954,6,0.0,0.0,0.0,47.7,True,True
ST013,955,6,0.0,0.0,0.0,44.7,True,True
ST013,956,6,0.0,0.0,0.0,35.0,True,True
ST013,957,6,0.0,0.0,0.0,42.3,True,True
ST013,958,6,0.0,0.0,0.0,43.0,True,True
ST013,959,6,0.0,0.0,0.0,41.7,True,True
ST013,960,6,0.0,0.0,0.0,42.7,True,True
ST013,961,6,0.0,0.0,0.0,47.7,True,True
ST013,962,6,0.0,0.0,0.0,42.5,True,True
ST013,963,6,0.0,0.0,0.0,43.9,True,True
ST013,964,6,0.0,0.0,0.0,48.1,True,True
ST013,965,6,0.0,0.0,0.0,52.9,True,False
ST013,966,6,0.0,0.0,0.0,38.4,True,True
ST013,967,6,0.0,0.0,0.0,55.6,True,False
ST013,968,6,0.0,0.0,0.0,47.9,True,True
ST013,969,6,0.0,0.0,0.0,38.3,True,True
ST013,970,6,0.0,0.0,0.0,37.8,True,True
ST013,971,6,0.0,0.0,0.0,44.5,True,True
ST013,972,6,0.0,0.0,0.0,45.4,True,True
ST013,973,6,0.0,0.0,0.0,44.5,True,True
ST013,974,6,0.0,0.0,0.0,45.0,True,True
ST013,975,6,0.0,0.0,0.0,45.3,True,True
ST013,976,6,0.0,0.0,0.0,36.3,True,True
ST013,977,6,0.0,0.0,0.0,43.9,True,True
ST013,978,6,0.0,0.0,0.0,36.0,True,True
ST013,979,6,0.0,0.0,0.0,35.0,True,True
ST013,980,6,0.0,0.0,0.0,39.4,True,True
ST013,981,6,0.0,0.0,0.0,49.0,True,True
ST013,982,6,0.0,0.0,0.0,38.4,True,True
ST013,983,6,0.0,0.0,0.0,49.4,True,True
ST013,984,6,0.0,0.0,0.0,44.6,True,True
ST013,985,6,0.0,0.0,0.0,43.5,True,True
ST013,986,6,0.0,0.0,0.0,44.4,True,True
ST013,987,6,0.0,0.0,0.0,52.5,True,False
ST013,988,6,0.0,0.0,0.0,40.0,True,True
ST013,989,6,0.0,0.0,0.0,52.2,True,False
ST013,990,6,0.0,0.0,0.0,33.8,True,True
ST013,991,6,0.0,0.0,0.0,41.7,True,True
ST013,992,6,0.0,0.0,0.0,40.4,True,True
ST013,993,6,0.0,0.0,0.0,48.8,True,True
ST013,994,6,0.0,0.0,0.0,44.6,True,True
ST013,995,6,0.0,0.0,0.0,42.0,True,True
ST013,996,6,0.0,0.0,0.0,39.1,True,True
ST013,997,6,0.0,0.0,0.0,29.5,True,True
ST013,998,6,0.0,0.0,0.0,34.5,True,True
ST013,999,6,0.0,0.0,0.0,38.6,True,True
ST013,1000,6,0.0,0.0,0.0,43.9,True,True
ST014,1,6,0.0,0.0,0.0,45.3,True,True
ST014,2,6,0.0,0.0,0.0,47.1,True,True
ST014,3,6,0.0,0.0,0.0,43.7,True,True
ST014,4,6,0.0,0.0,0.0,32.5,True,True
ST014,5,6,0.0,0.0,0.0,35.3,True,True
ST014,6,6,0.0,0.0,0.0,49.0,True,True
ST014,7,6,0.0,0.0,0.0,37.3,True,True
ST014,8,6,0.0,0.0,0.0,46.7,True,True
ST014,9,6,0.0,0.0,0.0,31.6,True,True
ST014,10,6,0.0,0.0,0.0,33.5,True,True
ST014,11,6,0.0,0.0,0.0,44.9,True,True
ST014,12,6,0.0,0.0,0.0,36.4,True,True
ST014,13,6,0.0,0.0,0.0,37.6,True,True
ST014,14,6,0.0,0.0,0.0,30.9,True,True
ST014,15,6,0.0,0.0,0.0,43.5,True,True
ST014,16,6,0.0,0.0,0.0,43.5,True,True
ST014,17,6,0.0,0.0,0.0,43.3,True,True
ST014,18,6,0.0,0.0,0.0,37.0,True,True
ST014,19,6,0.0,0.0,0.0,34.2,True,True
ST014,20,6,0.0,0.0,0.0,39.2,True,True
ST014,21,6,0.0,0.0,0.0,36.7,True,True
ST014,22,6,0.0,0.0,0.0,31.2,True,True
ST014,23,6,0.0,0.0,0.0,34.5,True,True
ST014,24,6,0.0,0.0,0.0,42.8,True,True
ST014,25,6,0.0,0.0,0.0,35.0,True,True
ST014,26,6,0.0,0.0,0.0,46.0,True,True
ST014,27,6,0.0,0.0,0.0,45.1,True,True
ST014,28,6,0.0,0.0,0.0,40.4,True,True
ST014,29,6,0.0,0.0,0.0,41.0,True,True
ST014,30,6,0.0,0.0,0.0,46.4,True,True
ST014,31,6,0.0,0.0,0.0,39.1,True,True
ST014,32,6,0.0,0.0,0.0,41.5,True,True
ST014,33,6,0.0,0.0,0.0,40.7,True,True
ST014,34,6,0.0,0.0,0.0,47.1,True,True
ST014,35,6,0.0,0.0,0.0,39.5,True,True
ST014,36,6,0.0,0.0,0.0,38.5,True,True
ST014,37,6,0.0,0.0,0.0,37.2,True,True
ST014,38,6,0.0,0.0,0.0,52.0,True,False
ST014,39,6,0.0,0.0,0.0,33.2,True,True
ST014,40,6,0.0,0.0,0.0,34.7,True,True
ST014,41,6,0.0,0.0,0.0,38.6,True,True
ST014,42,6,0.0,0.0,0.0,45.8,True,True
ST014,43,6,0.0,0.0,0.0,33.1,True,True
ST014,44,6,0.0,0.0,0.0,41.8,True,True
ST014,45,6,0.0,0.0,0.0,36.9,True,True
ST014,46,6,0.0,0.0,0.0,41.6,True,True
ST014,47,6,0.0,0.0,0.0,35.3,True,True
ST014,48,6,0.0,0.0,0.0,57.5,True,False
ST014,49,6,0.0,0.0,0.0,35.3,True,True
ST014,50,6,0.0,0.0,0.0,44.0,True,True
ST014,51,6,0.0,0.0,0.0,41.5,True,True
ST014,52,6,0.0,0.0,0.0,34.2,True,True
ST014,53,6,0.0,0.0,0.0,45.4,True,True
ST014,54,6,0.0,0.0,0.0,46.3,True,True
ST014,55,6,0.0,0.0,0.0,45.1,True,True
ST014,56,6,0.0,0.0,0.0,37.1,True,True
ST014,57,6,0.0,0.0,0.0,50.1,True,False
ST014,58,6,0.0,0.0,0.0,40.3,True,True
ST014,59,6,0.0,0.0,0.0,45.3,True,True
ST014,60,6,0.0,0.0,0.0,41.5,True,True
ST014,61,6,0.0,0.0,0.0,36.8,True,True
ST014,62,6,0.0,0.0,0.0,36.7,True,True
ST014,63,6,0.0,0.0,0.0,36.4,True,True
ST014,64,6,0.0,0.0,0.0,50.2,True,False
ST014,65,6,0.0,0.0,0.0,34.7,True,True
ST014,66,6,0.0,0.0,0.0,35.1,True,True
ST014,67,6,0.0,0.0,0.0,36.7,True,True
ST014,68,6,0.0,0.0,0.0,59.0,True,False
ST014,69,6,0.0,0.0,0.0,48.8,True,True
ST014,70,6,0.0,0.0,0.0,40.2,True,True
ST014,71,6,0.0,0.0,0.0,44.4,True,True
ST014,72,6,0.0,0.0,0.0,41.1,True,True
ST014,73,6,0.0,0.0,0.0,37.1,True,True
ST014,74,6,0.0,0.0,0.0,51.1,True,False
ST014,75,6,0.0,0.0,0.0,40.6,True,True
ST014,76,6,0.0,0.0,0.0,46.2,True,True
ST014,77,6,0.0,0.0,0.0,50.4,True,False
ST014,78,6,0.0,0.0,0.0,37.1,True,True
ST014,79,6,0.0,0.0,0.0,32.8,True,True
ST014,80,6,0.0,0.0,0.0,44.6,True,True
ST014,81,6,0.0,0.0,0.0,44.2,True,True
ST014,82,6,0.0,0.0,0.0,35.7,True,True
ST014,83,6,0.0,0.0,0.0,43.3,True,True
ST014,84,6,0.0,0.0,0.0,40.4,True,True
ST014,85,6,0.0,0.0,0.0,43.1,True,True
ST014,86,6,0.0,0.0,0.0,49.9,True,True
ST014,87,6,0.0,0.0,0.0,44.6,True,True
ST014,88,6,0.0,0.0,0.0,48.2,True,True
ST014,89,6,0.0,0.0,0.0,39.0,True,True
ST014,90,6,0.0,0.0,0.0,42.7,True,True
ST014,91,6,0.0,0.0,0.0,50.8,True,False
ST014,92,6,0.0,0.0,0.0,45.3,True,True
ST014,93,6,0.0,0.0,0.0,35.0,True,True
ST014,94,6,0.0,0.0,0.0,43.1,True,True
ST014,95,6,0.0,0.0,0.0,37.0,True,True
ST014,96,6,0.0,0.0,0.0,40.7,True,True
ST014,97,6,0.0,0.0,0.0,38.0,True,True
ST014,98,6,0.0,0.0,0.0,36.7,True,True
ST014,99,6,0.0,0.0,0.0,43.7,True,True
ST014,100,6,0.0,0.0,0.0,48.3,True,True
ST014,101,6,0.0,0.0,0.0,31.8,True,True
ST014,102,6,0.0,0.0,0.0,48.2,True,True
ST014,103,6,0.0,0.0,0.0,45.2,True,True
ST014,104,6,0.0,0.0,0.0,37.0,True,True
ST014,105,6,0.0,0.0,0.0,54.3,True,False
ST014,106,6,0.0,0.0,0.0,44.0,True,True
ST014,107,6,0.0,0.0,0.0,39.0,True,True
ST014,108,6,0.0,0.0,0.0,49.6,True,True
ST014,109,6,0.0,0.0,0.0,36.3,True,True
ST014,110,6,0.0,0.0,0.0,41.5,True,True
ST014,111,6,0.0,0.0,0.0,49.3,True,True
ST014,112,6,0.0,0.0,0.0,33.5,True,True
ST014,113,6,0.0,0.0,0.0,37.1,True,True
ST014,114,6,0.0,0.0,0.0,49.0,True,True
ST014,115,6,0.0,0.0,0.0,38.8,True,True
ST014,116,6,0.0,0.0,0.0,42.0,True,True
ST014,117,6,0.0,0.0,0.0,40.7,True,True
ST014,118,6,0.0,0.0,0.0,31.5,True,True
ST014,119,6,0.0,0.0,0.0,37.2,True,True
ST014,120,6,0.0,0.0,0.0,42.4,True,True
ST014,121,6,0.0,0.0,0.0,31.8,True,True
ST014,122,6,0.0,0.0,0.0,53.0,True,False
ST014,123,6,0.0,0.0,0.0,48.1,True,True
ST014,124,6,0.0,0.0,0.0,43.4,True,True
ST014,125,6,0.0,0.0,0.0,51.3,True,False
ST014,126,6,0.0,0.0,0.0,42.9,True,True
ST014,127,6,0.0,0.0,0.0,40.0,True,True
ST014,128,6,0.0,0.0,0.0,51.9,True,False
ST014,129,6,0.0,0.0,0.0,34.1,True,True
ST014,130,6,0.0,0.0,0.0,39.7,True,True
ST014,131,6,0.0,0.0,0.0,39.2,True,True
ST014,132,6,0.0,0.0,0.0,50.2,True,False
ST014,133,6,0.0,0.0,0.0,39.4,True,True
ST014,134,6,0.0,0.0,0.0,40.1,True,True
ST014,135,6,0.0,0.0,0.0,42.6,True,True
ST014,136,6,0.0,0.0,0.0,36.0,True,True
ST014,137,6,0.0,0.0,0.0,35.7,True,True
ST014,138,6,0.0,0.0,0.0,42.1,True,True
ST014,139,6,0.0,0.0,0.0,42.2,True,True
ST014,140,6,0.0,0.0,0.0,38.8,True,True
ST014,141,6,0.0,0.0,0.0,39.8,True,True
ST014,142,6,0.0,0.0,0.0,45.6,True,True
ST014,143,6,0.0,0.0,0.0,38.6,True,True
ST014,144,6,0.0,0.0,0.0,35.6,True,True
ST014,145,6,0.0,0.0,0.0,42.5,True,True
ST014,146,6,0.0,0.0,0.0,43.2,True,True
ST014,147,6,0.0,0.0,0.0,35.5,True,True
ST014,148,6,0.0,0.0,0.0,37.4,True,True
ST014,149,6,0.0,0.0,0.0,33.9,True,True
ST014,150,6,0.0,0.0,0.0,37.2,True,True
ST014,151,6,0.0,0.0,0.0,52.8,True,False
ST014,152,6,0.0,0.0,0.0,39.3,True,True
ST014,153,6,0.0,0.0,0.0,49.9,True,True
ST014,154,6,0.0,0.0,0.0,41.2,True,True
ST014,155,6,0.0,0.0,0.0,40.4,True,True
ST014,156,6,0.0,0.0,0.0,34.6,True,True
ST014,157,6,0.0,0.0,0.0,36.8,True,True
ST014,158,6,0.0,0.0,0.0,32.4,True,True
ST014,159,6,0.0,0.0,0.0,35.3,True,True
ST014,160,6,0.0,0.0,0.0,38.7,True,True
ST014,161,6,0.0,0.0,0.0,52.9,True,False
ST014,162,6,0.0,0.0,0.0,50.6,True,False
ST014,163,6,0.0,0.0,0.0,42.5,True,True
ST014,164,6,0.0,0.0,0.0,37.7,True,True
ST014,165,6,0.0,0.0,0.0,41.1,True,True
ST014,166,6,0.0,0.0,0.0,42.1,True,True
ST014,167,6,0.0,0.0,0.0,34.2,True,True
ST014,168,6,0.0,0.0,0.0,39.7,True,True
ST014,169,6,0.0,0.0,0.0,47.3,True,True
ST014,170,6,0.0,0.0,0.0,45.6,True,True
ST014,171,6,0.0,0.0,0.0,36.8,True,True
ST014,172,6,0.0,0.0,0.0,34.7,True,True
ST014,173,6,0.0,0.0,0.0,40.6,True,True
ST014,174,6,0.0,0.0,0.0,37.6,True,True
ST014,175,6,0.0,0.0,0.0,35.4,True,True
ST014,176,6,0.0,0.0,0.0,42.8,True,True
ST014,177,6,0.0,0.0,0.0,53.9,True,False
ST014,178,6,0.0,0.0,0.0,47.0,True,True
ST014,179,6,0.0,0.0,0.0,34.2,True,True
ST014,180,6,0.0,0.0,0.0,33.5,True,True
ST014,181,6,0.0,0.0,0.0,34.7,True,True
ST014,182,6,0.0,0.0,0.0,35.2,True,True
ST014,183,6,0.0,0.0,0.0,38.8,True,True
ST014,184,6,0.0,0.0,0.0,35.6,True,True
ST014,185,6,0.0,0.0,0.0,42.0,True,True
ST014,186,6,0.0,0.0,0.0,38.8,True,True
ST014,187,6,0.0,0.0,0.0,49.6,True,True
ST014,188,6,0.0,0.0,0.0,34.0,True,True
ST014,189,6,0.0,0.0,0.0,36.8,True,True
ST014,190,6,0.0,0.0,0.0,41.3,True,True
ST014,191,6,0.0,0.0,0.0,44.3,True,True
ST014,192,6,0.0,0.0,0.0,38.6,True,True
ST014,193,6,0.0,0.0,0.0,31.6,True,True
ST014,194,6,0.0,0.0,0.0,41.7,True,True
ST014,195,6,0.0,0.0,0.0,50.1,True,False
ST014,196,6,0.0,0.0,0.0,39.6,True,True
ST014,197,6,0.0,0.0,0.0,40.4,True,True
ST014,198,6,0.0,0.0,0.0,33.2,True,True
ST014,199,6,0.0,0.0,0.0,37.0,True,True
ST014,200,6,0.0,0.0,0.0,49.5,True,True
ST014,201,6,0.0,0.0,0.0,45.5,True,True
ST014,202,6,0.0,0.0,0.0,45.6,True,True
ST014,203,6,0.0,0.0,0.0,41.9,True,True
ST014,204,6,0.0,0.0,0.0,47.4,True,True
ST014,205,6,0.0,0.0,0.0,43.8,True,True
ST014,206,6,0.0,0.0,0.0,44.0,True,True
ST014,207,6,0.0,0.0,0.0,32.0,True,True
ST014,208,6,0.0,0.0,0.0,52.3,True,False
ST014,209,6,0.0,0.0,0.0,42.5,True,True
ST014,210,6,0.0,0.0,0.0,38.5,True,True
ST014,211,6,0.0,0.0,0.0,41.9,True,True
ST014,212,6,0.0,0.0,0.0,37.7,True,True
ST014,213,6,0.0,0.0,0.0,32.4,True,True
ST014,214,6,0.0,0.0,0.0,45.6,True,True
ST014,215,6,0.0,0.0,0.0,36.7,True,True
ST014,216,6,0.0,0.0,0.0,41.0,True,True
ST014,217,6,0.0,0.0,0.0,44.1,True,True
ST014,218,6,0.0,0.0,0.0,37.8,True,True
ST014,219,6,0.0,0.0,0.0,52.6,True,False
ST014,220,6,0.0,0.0,0.0,34.9,True,True
ST014,221,6,0.0,0.0,0.0,44.2,True,True
ST014,222,6,0.0,0.0,0.0,36.6,True,True
ST014,223,6,0.0,0.0,0.0,47.8,True,True
ST014,224,6,0.0,0.0,0.0,47.6,True,True
ST014,225,6,0.0,0.0,0.0,39.7,True,True
ST014,226,6,0.0,0.0,0.0,37.7,True,True
ST014,227,6,0.0,0.0,0.0,39.7,True,True
ST014,228,6,0.0,0.0,0.0,40.5,True,True
ST014,229,6,0.0,0.0,0.0,39.1,True,True
ST014,230,6,0.0,0.0,0.0,42.4,True,True
ST014,231,6,0.0,0.0,0.0,45.5,True,True
ST014,232,6,0.0,0.0,0.0,44.6,True,True
ST014,233,6,0.0,0.0,0.0,36.4,True,True
ST014,234,6,0.0,0.0,0.0,35.6,True,True
ST014,235,6,0.0,0.0,0.0,35.7,True,True
ST014,236,6,0.0,0.0,0.0,43.8,True,True
ST014,237,6,0.0,0.0,0.0,46.7,True,True
ST014,238,6,0.0,0.0,0.0,37.2,True,True
ST014,239,6,0.0,0.0,0.0,50.5,True,False
ST014,240,6,0.0,0.0,0.0,50.1,True,False
ST014,241,6,0.0,0.0,0.0,34.2,True,True
ST014,242,6,0.0,0.0,0.0,37.9,True,True
ST014,243,6,0.0,0.0,0.0,43.1,True,True
ST014,244,6,0.0,0.0,0.0,42.5,True,True
ST014,245,6,0.0,0.0,0.0,34.0,True,True
ST014,246,6,0.0,0.0,0.0,41.1,True,True
ST014,247,6,0.0,0.0,0.0,35.4,True,True
ST014,248,6,0.0,0.0,0.0,46.0,True,True
ST014,249,6,0.0,0.0,0.0,46.8,True,True
ST014,250,6,0.0,0.0,0.0,34.2,True,True
ST014,251,6,0.0,0.0,0.0,39.4,True,True
ST014,252,6,0.0,0.0,0.0,31.8,True,True
ST014,253,6,0.0,0.0,0.0,34.7,True,True
ST014,254,6,0.0,0.0,0.0,45.5,True,True
ST014,255,6,0.0,0.0,0.0,45.2,True,True
ST014,256,6,0.0,0.0,0.0,41.0,True,True
ST014,257,6,0.0,0.0,0.0,37.9,True,True
ST014,258,6,0.0,0.0,0.0,37.0,True,True
ST014,259,6,0.0,0.0,0.0,34.7,True,True
ST014,260,6,0.0,0.0,0.0,38.9,True,True
ST014,261,6,0.0,0.0,0.0,41.4,True,True
ST014,262,6,0.0,0.0,0.0,41.9,True,True
ST014,263,6,0.0,0.0,0.0,36.2,True,True
ST014,264,6,0.0,0.0,0.0,34.5,True,True
ST014,265,6,0.0,0.0,0.0,33.5,True,True
ST014,266,6,0.0,0.0,0.0,42.9,True,True
ST014,267,6,0.0,0.0,0.0,42.1,True,True
ST014,268,6,0.0,0.0,0.0,47.9,True,True
ST014,269,6,0.0,0.0,0.0,36.2,True,True
ST014,270,6,0.0,0.0,0.0,35.4,True,True
ST014,271,6,0.0,0.0,0.0,35.2,True,True
ST014,272,6,0.0,0.0,0.0,46.4,True,True
ST014,273,6,0.0,0.0,0.0,36.2,True,True
ST014,274,6,0.0,0.0,0.0,45.8,True,True
ST014,275,6,0.0,0.0,0.0,34.8,True,True
ST014,276,6,0.0,0.0,0.0,45.6,True,True
ST014,277,6,0.0,0.0,0.0,37.0,True,True
ST014,278,6,0.0,0.0,0.0,43.7,True,True
ST014,279,6,0.0,0.0,0.0,49.8,True,True
ST014,280,6,0.0,0.0,0.0,40.6,True,True
ST014,281,6,0.0,0.0,0.0,47.5,True,True
ST014,282,6,0.0,0.0,0.0,42.4,True,True
ST014,283,6,0.0,0.0,0.0,45.6,True,True
ST014,284,6,0.0,0.0,0.0,39.8,True,True
ST014,285,6,0.0,0.0,0.0,50.9,True,False
ST014,286,6,0.0,0.0,0.0,36.5,True,True
ST014,287,6,0.0,0.0,0.0,48.4,True,True
ST014,288,6,0.0,0.0,0.0,42.0,True,True
ST014,289,6,0.0,0.0,0.0,47.9,True,True
ST014,290,6,0.0,0.0,0.0,45.2,True,True
ST014,291,6,0.0,0.0,0.0,35.4,True,True
ST014,292,6,0.0,0.0,0.0,41.4,True,True
ST014,293,6,0.0,0.0,0.0,41.1,True,True
ST014,294,6,0.0,0.0,0.0,38.1,True,True
ST014,295,6,0.0,0.0,0.0,44.2,True,True
ST014,296,6,0.0,0.0,0.0,37.2,True,True
ST014,297,6,0.0,0.0,0.0,41.8,True,True
ST014,298,6,0.0,0.0,0.0,35.8,True,True
ST014,299,6,0.0,0.0,0.0,48.3,True,True
ST014,300,6,0.0,0.0,0.0,37.7,True,True
ST014,301,6,0.0,0.0,0.0,38.9,True,True
ST014,302,6,0.0,0.0,0.0,55.5,True,False
ST014,303,6,0.0,0.0,0.0,52.1,True,False
ST014,304,6,0.0,0.0,0.0,40.8,True,True
ST014,305,6,0.0,0.0,0.0,46.4,True,True
ST014,306,6,0.0,0.0,0.0,42.3,True,True
ST014,307,6,0.0,0.0,0.0,35.0,True,True
ST014,308,6,0.0,0.0,0.0,40.9,True,True
ST014,309,6,0.0,0.0,0.0,36.3,True,True
ST014,310,6,0.0,0.0,0.0,40.4,True,True
ST014,311,6,0.0,0.0,0.0,39.2,True,True
ST014,312,6,0.0,0.0,0.0,38.6,True,True
ST014,313,6,0.0,0.0,0.0,52.7,True,False
ST014,314,6,0.0,0.0,0.0,44.9,True,True
ST014,315,6,0.0,0.0,0.0,34.3,True,True
ST014,316,6,0.0,0.0,0.0,42.9,True,True
ST014,317,6,0.0,0.0,0.0,50.0,True,False
ST014,318,6,0.0,0.0,0.0,45.7,True,True
ST014,319,6,0.0,0.0,0.0,42.3,True,True
ST014,320,6,0.0,0.0,0.0,35.6,True,True
ST014,321,6,0.0,0.0,0.0,42.9,True,True
ST014,322,6,0.0,0.0,0.0,51.2,True,False
ST014,323,6,0.0,0.0,0.0,43.1,True,True
ST014,324,6,0.0,0.0,0.0,40.9,True,True
ST014,325,6,0.0,0.0,0.0,38.1,True,True
ST014,326,6,0.0,0.0,0.0,52.1,True,False
ST014,327,6,0.0,0.0,0.0,49.4,True,True
ST014,328,6,0.0,0.0,0.0,39.9,True,True
ST014,329,6,0.0,0.0,0.0,33.5,True,True
ST014,330,6,0.0,0.0,0.0,40.5,True,True
ST014,331,6,0.0,0.0,0.0,38.9,True,True
ST014,332,6,0.0,0.0,0.0,33.4,True,True
ST014,333,6,0.0,0.0,0.0,47.0,True,True
ST014,334,6,0.0,0.0,0.0,46.5,True,True
ST014,335,6,0.0,0.0,0.0,44.9,True,True
ST014,336,6,0.0,0.0,0.0,39.1,True,True
ST014,337,6,0.0,0.0,0.0,39.2,True,True
ST014,338,6,0.0,0.0,0.0,35.2,True,True
ST014,339,6,0.0,0.0,0.0,49.0,True,True
ST014,340,6,0.0,0.0,0.0,53.7,True,False
ST014,341,6,0.0,0.0,0.0,52.2,True,False
ST014,342,6,0.0,0.0,0.0,42.0,True,True
ST014,343,6,0.0,0.0,0.0,42.4,True,True
ST014,344,6,0.0,0.0,0.0,44.8,True,True
ST014,345,6,0.0,0.0,0.0,42.9,True,True
ST014,346,6,0.0,0.0,0.0,44.4,True,True
ST014,347,6,0.0,0.0,0.0,42.4,True,True
ST014,348,6,0.0,0.0,0.0,45.9,True,True
ST014,349,6,0.0,0.0,0.0,44.9,True,True
ST014,350,6,0.0,0.0,0.0,39.9,True,True
ST014,351,6,0.0,0.0,0.0,47.5,True,True
ST014,352,6,0.0,0.0,0.0,34.7,True,True
ST014,353,6,0.0,0.0,0.0,47.5,True,True
ST014,354,6,0.0,0.0,0.0,40.5,True,True
ST014,355,6,0.0,0.0,0.0,39.6,True,True
ST014,356,6,0.0,0.0,0.0,43.6,True,True
ST014,357,6,0.0,0.0,0.0,37.9,True,True
ST014,358,6,0.0,0.0,0.0,40.1,True,True
ST014,359,6,0.0,0.0,0.0,33.0,True,True
ST014,360,6,0.0,0.0,0.0,36.3,True,True
ST014,361,6,0.0,0.0,0.0,37.2,True,True
ST014,362,6,0.0,0.0,0.0,38.4,True,True
ST014,363,6,0.0,0.0,0.0,43.4,True,True
ST014,364,6,0.0,0.0,0.0,33.6,True,True
ST014,365,6,0.0,0.0,0.0,47.3,True,True
ST014,366,6,0.0,0.0,0.0,36.6,True,True
ST014,367,6,0.0,0.0,0.0,40.7,True,True
ST014,368,6,0.0,0.0,0.0,44.3,True,True
ST014,369,6,0.0,0.0,0.0,50.2,True,False
ST014,370,6,0.0,0.0,0.0,40.6,True,True
ST014,371,6,0.0,0.0,0.0,44.4,True,True
ST014,372,6,0.0,0.0,0.0,34.9,True,True
ST014,373,6,0.0,0.0,0.0,38.7,True,True
ST014,374,6,0.0,0.0,0.0,45.9,True,True
ST014,375,6,0.0,0.0,0.0,46.8,True,True
ST014,376,6,0.0,0.0,0.0,45.2,True,True
ST014,377,6,0.0,0.0,0.0,39.5,True,True
ST014,378,6,0.0,0.0,0.0,40.2,True,True
ST014,379,6,0.0,0.0,0.0,47.7,True,True
ST014,380,6,0.0,0.0,0.0,47.7,True,True
ST014,381,6,0.0,0.0,0.0,48.7,True,True
ST014,382,6,0.0,0.0,0.0,40.4,True,True
ST014,383,6,0.0,0.0,0.0,52.5,True,False
ST014,384,6,0.0,0.0,0.0,35.5,True,True
ST014,385,6,0.0,0.0,0.0,41.8,True,True
ST014,386,6,0.0,0.0,0.0,44.2,True,True
ST014,387,6,0.0,0.0,0.0,34.1,True,True
ST014,388,6,0.0,0.0,0.0,36.0,True,True
ST014,389,6,0.0,0.0,0.0,32.3,True,True
ST014,390,6,0.0,0.0,0.0,35.6,True,True
ST014,391,6,0.0,0.0,0.0,33.9,True,True
ST014,392,6,0.0,0.0,0.0,41.8,True,True
ST014,393,6,0.0,0.0,0.0,43.0,True,True
ST014,394,6,0.0,0.0,0.0,37.9,True,True
ST014,395,6,0.0,0.0,0.0,45.9,True,True
ST014,396,6,0.0,0.0,0.0,39.1,True,True
ST014,397,6,0.0,0.0,0.0,36.9,True,True
ST014,398,6,0.0,0.0,0.0,39.3,True,True
ST014,399,6,0.0,0.0,0.0,36.9,True,True
ST014,400,6,0.0,0.0,0.0,33.7,True,True
ST014,401,6,0.0,0.0,0.0,40.5,True,True
ST014,402,6,0.0,0.0,0.0,33.9,True,True
ST014,403,6,0.0,0.0,0.0,51.0,True,False
ST014,404,6,0.0,0.0,0.0,43.6,True,True
ST014,405,6,0.0,0.0,0.0,39.9,True,True
ST014,406,6,0.0,0.0,0.0,46.0,True,True
ST014,407,6,0.0,0.0,0.0,42.1,True,True
ST014,408,6,0.0,0.0,0.0,33.6,True,True
ST014,409,6,0.0,0.0,0.0,40.5,True,True
ST014,410,6,0.0,0.0,0.0,49.1,True,True
ST014,411,6,0.0,0.0,0.0,46.0,True,True
ST014,412,6,0.0,0.0,0.0,41.6,True,True
ST014,413,6,0.0,0.0,0.0,48.9,True,True
ST014,414,6,0.0,0.0,0.0,37.2,True,True
ST014,415,6,0.0,0.0,0.0,42.4,True,True
ST014,416,6,0.0,0.0,0.0,39.7,True,True
ST014,417,6,0.0,0.0,0.0,36.2,True,True
ST014,418,6,0.0,0.0,0.0,48.3,True,True
ST014,419,6,0.0,0.0,0.0,45.3,True,True
ST014,420,6,0.0,0.0,0.0,40.1,True,True
ST014,421,6,0.0,0.0,0.0,36.6,True,True
ST014,422,6,0.0,0.0,0.0,38.6,True,True
ST014,423,6,0.0,0.0,0.0,38.2,True,True
ST014,424,6,0.0,0.0,0.0,42.6,True,True
ST014,425,6,0.0,0.0,0.0,42.3,True,True
ST014,426,6,0.0,0.0,0.0,36.9,True,True
ST014,427,6,0.0,0.0,0.0,55.0,True,False
ST014,428,6,0.0,0.0,0.0,51.2,True,False
ST014,429,6,0.0,0.0,0.0,49.8,True,True
ST014,430,6,0.0,0.0,0.0,33.7,True,True
ST014,431,6,0.0,0.0,0.0,32.4,True,True
ST014,432,6,0.0,0.0,0.0,45.9,True,True
ST014,433,6,0.0,0.0,0.0,44.8,True,True
ST014,434,6,0.0,0.0,0.0,40.1,True,True
ST014,435,6,0.0,0.0,0.0,40.7,True,True
ST014,436,6,0.0,0.0,0.0,42.7,True,True
ST014,437,6,0.0,0.0,0.0,47.0,True,True
ST014,438,6,0.0,0.0,0.0,43.1,True,True
ST014,439,6,0.0,0.0,0.0,44.8,True,True
ST014,440,6,0.0,0.0,0.0,33.1,True,True
ST014,441,6,0.0,0.0,0.0,45.9,True,True
ST014,442,6,0.0,0.0,0.0,37.7,True,True
ST014,443,6,0.0,0.0,0.0,49.7,True,True
ST014,444,6,0.0,0.0,0.0,39.3,True,True
ST014,445,6,0.0,0.0,0.0,39.2,True,True
ST014,446,6,0.0,0.0,0.0,33.3,True,True
ST014,447,6,0.0,0.0,0.0,41.5,True,True
ST014,448,6,0.0,0.0,0.0,49.8,True,True
ST014,449,6,0.0,0.0,0.0,33.6,True,True
ST014,450,6,0.0,0.0,0.0,40.7,True,True
ST014,451,6,0.0,0.0,0.0,54.3,True,False
ST014,452,6,0.0,0.0,0.0,47.4,True,True
ST014,453,6,0.0,0.0,0.0,34.3,True,True
ST014,454,6,0.0,0.0,0.0,41.5,True,True
ST014,455,6,0.0,0.0,0.0,44.6,True,True
ST014,456,6,0.0,0.0,0.0,34.1,True,True
ST014,457,6,0.0,0.0,0.0,38.5,True,True
ST014,458,6,0.0,0.0,0.0,37.6,True,True
ST014,459,6,0.0,0.0,0.0,42.0,True,True
ST014,460,6,0.0,0.0,0.0,35.6,True,True
ST014,461,6,0.0,0.0,0.0,40.0,True,True
ST014,462,6,0.0,0.0,0.0,43.8,True,True
ST014,463,6,0.0,0.0,0.0,44.5,True,True
ST014,464,6,0.0,0.0,0.0,42.7,True,True
ST014,465,6,0.0,0.0,0.0,38.1,True,True
ST014,466,6,0.0,0.0,0.0,43.4,True,True
ST014,467,6,0.0,0.0,0.0,59.6,True,False
ST014,468,6,0.0,0.0,0.0,47.0,True,True
ST014,469,6,0.0,0.0,0.0,39.2,True,True
ST014,470,6,0.0,0.0,0.0,44.5,True,True
ST014,471,6,0.0,0.0,0.0,46.4,True,True
ST014,472,6,0.0,0.0,0.0,42.2,True,True
ST014,473,6,0.0,0.0,0.0,46.4,True,True
ST014,474,6,0.0,0.0,0.0,44.9,True,True
ST014,475,6,0.0,0.0,0.0,40.2,True,True
ST014,476,6,0.0,0.0,0.0,35.4,True,True
ST014,477,6,0.0,0.0,0.0,48.9,True,True
ST014,478,6,0.0,0.0,0.0,45.3,True,True
ST014,479,6,0.0,0.0,0.0,48.1,True,True
ST014,480,6,0.0,0.0,0.0,38.8,True,True
ST014,481,6,0.0,0.0,0.0,40.2,True,True
ST014,482,6,0.0,0.0,0.0,44.8,True,True
ST014,483,6,0.0,0.0,0.0,44.7,True,True
ST014,484,6,0.0,0.0,0.0,36.2,True,True
ST014,485,6,0.0,0.0,0.0,34.4,True,True
ST014,486,6,0.0,0.0,0.0,41.1,True,True
ST014,487,6,0.0,0.0,0.0,35.6,True,True
ST014,488,6,0.0,0.0,0.0,39.1,True,True
ST014,489,6,0.0,0.0,0.0,46.8,True,True
ST014,490,6,0.0,0.0,0.0,50.2,True,False
ST014,491,6,0.0,0.0,0.0,41.4,True,True
ST014,492,6,0.0,0.0,0.0,45.6,True,True
ST014,493,6,0.0,0.0,0.0,42.7,True,True
ST014,494,6,0.0,0.0,0.0,41.9,True,True
ST014,495,6,0.0,0.0,0.0,40.5,True,True
ST014,496,6,0.0,0.0,0.0,39.5,True,True
ST014,497,6,0.0,0.0,0.0,46.2,True,True
ST014,498,6,0.0,0.0,0.0,41.7,True,True
ST014,499,6,0.0,0.0,0.0,47.7,True,True
ST014,500,6,0.0,0.0,0.0,33.6,True,True
ST014,501,6,0.0,0.0,0.0,45.5,True,True
ST014,502,6,0.0,0.0,0.0,35.7,True,True
ST014,503,6,0.0,0.0,0.0,38.2,True,True
ST014,504,6,0.0,0.0,0.0,42.2,True,True
ST014,505,6,0.0,0.0,0.0,45.3,True,True
ST014,506,6,0.0,0.0,0.0,33.5,True,True
ST014,507,6,0.0,0.0,0.0,37.9,True,True
ST014,508,6,0.0,0.0,0.0,35.5,True,True
ST014,509,6,0.0,0.0,0.0,35.5,True,True
ST014,510,6,0.0,0.0,0.0,53.1,True,False
ST014,511,6,0.0,0.0,0.0,43.3,True,True
ST014,512,6,0.0,0.0,0.0,33.4,True,True
ST014,513,6,0.0,0.0,0.0,35.6,True,True
ST014,514,6,0.0,0.0,0.0,51.5,True,False
ST014,515,6,0.0,0.0,0.0,43.1,True,True
ST014,516,6,0.0,0.0,0.0,36.7,True,True
ST014,517,6,0.0,0.0,0.0,39.6,True,True
ST014,518,6,0.0,0.0,0.0,46.0,True,True
ST014,519,6,0.0,0.0,0.0,45.2,True,True
ST014,520,6,0.0,0.0,0.0,34.3,True,True
ST014,521,6,0.0,0.0,0.0,44.5,True,True
ST014,522,6,0.0,0.0,0.0,36.5,True,True
ST014,523,6,0.0,0.0,0.0,36.7,True,True
ST014,524,6,0.0,0.0,0.0,44.6,True,True
ST014,525,6,0.0,0.0,0.0,37.6,True,True
ST014,526,6,0.0,0.0,0.0,52.3,True,False
ST014,527,6,0.0,0.0,0.0,39.7,True,True
ST014,528,6,0.0,0.0,0.0,43.8,True,True
ST014,529,6,0.0,0.0,0.0,42.9,True,True
ST014,530,6,0.0,0.0,0.0,37.9,True,True
ST014,531,6,0.0,0.0,0.0,39.6,True,True
ST014,532,6,0.0,0.0,0.0,40.0,True,True
ST014,533,6,0.0,0.0,0.0,40.3,True,True
ST014,534,6,0.0,0.0,0.0,32.9,True,True
ST014,535,6,0.0,0.0,0.0,36.2,True,True
ST014,536,6,0.0,0.0,0.0,36.7,True,True
ST014,537,6,0.0,0.0,0.0,38.3,True,True
ST014,538,6,0.0,0.0,0.0,40.3,True,True
ST014,539,6,0.0,0.0,0.0,41.9,True,True
ST014,540,6,0.0,0.0,0.0,43.2,True,True
ST014,541,6,0.0,0.0,0.0,47.1,True,True
ST014,542,6,0.0,0.0,0.0,36.7,True,True
ST014,543,6,0.0,0.0,0.0,40.1,True,True
ST014,544,6,0.0,0.0,0.0,50.2,True,False
ST014,545,6,0.0,0.0,0.0,32.5,True,True
ST014,546,6,0.0,0.0,0.0,41.7,True,True
ST014,547,6,0.0,0.0,0.0,44.5,True,True
ST014,548,6,0.0,0.0,0.0,34.1,True,True
ST014,549,6,0.0,0.0,0.0,42.8,True,True
ST014,550,6,0.0,0.0,0.0,41.0,True,True
ST014,551,6,0.0,0.0,0.0,35.5,True,True
ST014,552,6,0.0,0.0,0.0,39.8,True,True
ST014,553,6,0.0,0.0,0.0,36.0,True,True
ST014,554,6,0.0,0.0,0.0,43.3,True,True
ST014,555,6,0.0,0.0,0.0,39.0,True,True
ST014,556,6,0.0,0.0,0.0,39.4,True,True
ST014,557,6,0.0,0.0,0.0,43.4,True,True
ST014,558,6,0.0,0.0,0.0,43.1,True,True
ST014,559,6,0.0,0.0,0.0,37.1,True,True
ST014,560,6,0.0,0.0,0.0,52.0,True,False
ST014,561,6,0.0,0.0,0.0,34.4,True,True
ST014,562,6,0.0,0.0,0.0,42.1,True,True
ST014,563,6,0.0,0.0,0.0,36.3,True,True
ST014,564,6,0.0,0.0,0.0,37.9,True,True
ST014,565,6,0.0,0.0,0.0,36.6,True,True
ST014,566,6,0.0,0.0,0.0,45.1,True,True
ST014,567,6,0.0,0.0,0.0,53.2,True,False
ST014,568,6,0.0,0.0,0.0,37.3,True,True
ST014,569,6,0.0,0.0,0.0,44.1,True,True
ST014,570,6,0.0,0.0,0.0,42.9,True,True
ST014,571,6,0.0,0.0,0.0,36.0,True,True
ST014,572,6,0.0,0.0,0.0,44.0,True,True
ST014,573,6,0.0,0.0,0.0,41.0,True,True
ST014,574,6,0.0,0.0,0.0,36.9,True,True
ST014,575,6,0.0,0.0,0.0,39.9,True,True
ST014,576,6,0.0,0.0,0.0,39.3,True,True
ST014,577,6,0.0,0.0,0.0,34.6,True,True
ST014,578,6,0.0,0.0,0.0,35.0,True,True
ST014,579,6,0.0,0.0,0.0,37.7,True,True
ST014,580,6,0.0,0.0,0.0,37.7,True,True
ST014,581,6,0.0,0.0,0.0,36.9,True,True
ST014,582,6,0.0,0.0,0.0,37.6,True,True
ST014,583,6,0.0,0.0,0.0,36.7,True,True
ST014,584,6,0.0,0.0,0.0,34.3,True,True
ST014,585,6,0.0,0.0,0.0,45.5,True,True
ST014,586,6,0.0,0.0,0.0,46.0,True,True
ST014,587,6,0.0,0.0,0.0,39.9,True,True
ST014,588,6,0.0,0.0,0.0,47.0,True,True
ST014,589,6,0.0,0.0,0.0,46.2,True,True
ST014,590,6,0.0,0.0,0.0,52.1,True,False
ST014,591,6,0.0,0.0,0.0,44.8,True,True
ST014,592,6,0.0,0.0,0.0,39.7,True,True
ST014,593,6,0.0,0.0,0.0,38.2,True,True
ST014,594,6,0.0,0.0,0.0,39.3,True,True
ST014,595,6,0.0,0.0,0.0,49.2,True,True
ST014,596,6,0.0,0.0,0.0,46.9,True,True
ST014,597,6,0.0,0.0,0.0,46.1,True,True
ST014,598,6,0.0,0.0,0.0,31.3,True,True
ST014,599,6,0.0,0.0,0.0,34.5,True,True
ST014,600,6,0.0,0.0,0.0,40.0,True,True
ST014,601,6,0.0,0.0,0.0,38.9,True,True
ST014,602,6,0.0,0.0,0.0,37.9,True,True
ST014,603,6,0.0,0.0,0.0,43.3,True,True
ST014,604,6,0.0,0.0,0.0,39.8,True,True
ST014,605,6,0.0,0.0,0.0,35.3,True,True
ST014,606,6,0.0,0.0,0.0,33.2,True,True
ST014,607,6,0.0,0.0,0.0,38.5,True,True
ST014,608,6,0.0,0.0,0.0,36.8,True,True
ST014,609,6,0.0,0.0,0.0,39.4,True,True
ST014,610,6,0.0,0.0,0.0,41.2,True,True
ST014,611,6,0.0,0.0,0.0,53.1,True,False
ST014,612,6,0.0,0.0,0.0,31.7,True,True
ST014,613,6,0.0,0.0,0.0,37.1,True,True
ST014,614,6,0.0,0.0,0.0,41.0,True,True
ST014,615,6,0.0,0.0,0.0,33.6,True,True
ST014,616,6,0.0,0.0,0.0,53.5,True,False
ST014,617,6,0.0,0.0,0.0,49.7,True,True
ST014,618,6,0.0,0.0,0.0,39.5,True,True
ST014,619,6,0.0,0.0,0.0,44.2,True,True
ST014,620,6,0.0,0.0,0.0,38.0,True,True
ST014,621,6,0.0,0.0,0.0,46.8,True,True
ST014,622,6,0.0,0.0,0.0,52.3,True,False
ST014,623,6,0.0,0.0,0.0,43.1,True,True
ST014,624,6,0.0,0.0,0.0,39.6,True,True
ST014,625,6,0.0,0.0,0.0,44.9,True,True
ST014,626,6,0.0,0.0,0.0,48.7,True,True
ST014,627,6,0.0,0.0,0.0,40.5,True,True
ST014,628,6,0.0,0.0,0.0,35.2,True,True
ST014,629,6,0.0,0.0,0.0,43.0,True,True
ST014,630,6,0.0,0.0,0.0,39.1,True,True
ST014,631,6,0.0,0.0,0.0,33.1,True,True
ST014,632,6,0.0,0.0,0.0,44.9,True,True
ST014,633,6,0.0,0.0,0.0,43.4,True,True
ST014,634,6,0.0,0.0,0.0,49.5,True,True
ST014,635,6,0.0,0.0,0.0,38.7,True,True
ST014,636,6,0.0,0.0,0.0,35.8,True,True
ST014,637,6,0.0,0.0,0.0,46.1,True,True
ST014,638,6,0.0,0.0,0.0,43.2,True,True
ST014,639,6,0.0,0.0,0.0,39.6,True,True
ST014,640,6,0.0,0.0,0.0,34.5,True,True
ST014,641,6,0.0,0.0,0.0,35.8,True,True
ST014,642,6,0.0,0.0,0.0,47.7,True,True
ST014,643,6,0.0,0.0,0.0,36.5,True,True
ST014,644,6,0.0,0.0,0.0,47.7,True,True
ST014,645,6,0.0,0.0,0.0,42.0,True,True
ST014,646,6,0.0,0.0,0.0,37.1,True,True
ST014,647,6,0.0,0.0,0.0,35.7,True,True
ST014,648,6,0.0,0.0,0.0,49.6,True,True
ST014,649,6,0.0,0.0,0.0,37.7,True,True
ST014,650,6,0.0,0.0,0.0,49.8,True,True
ST014,651,6,0.0,0.0,0.0,43.2,True,True
ST014,652,6,0.0,0.0,0.0,30.1,True,True
ST014,653,6,0.0,0.0,0.0,35.5,True,True
ST014,654,6,0.0,0.0,0.0,34.4,True,True
ST014,655,6,0.0,0.0,0.0,39.7,True,True
ST014,656,6,0.0,0.0,0.0,42.8,True,True
ST014,657,6,0.0,0.0,0.0,34.5,True,True
ST014,658,6,0.0,0.0,0.0,34.6,True,True
ST014,659,6,0.0,0.0,0.0,37.8,True,True
ST014,660,6,0.0,0.0,0.0,51.4,True,False
ST014,661,6,0.0,0.0,0.0,40.1,True,True
ST014,662,6,0.0,0.0,0.0,39.3,True,True
ST014,663,6,0.0,0.0,0.0,39.3,True,True
ST014,664,6,0.0,0.0,0.0,53.6,True,False
ST014,665,6,0.0,0.0,0.0,42.7,True,True
ST014,666,6,0.0,0.0,0.0,37.6,True,True
ST014,667,6,0.0,0.0,0.0,45.7,True,True
ST014,668,6,0.0,0.0,0.0,38.0,True,True
ST014,669,6,0.0,0.0,0.0,38.8,True,True
ST014,670,6,0.0,0.0,0.0,36.8,True,True
ST014,671,6,0.0,0.0,0.0,49.5,True,True
ST014,672,6,0.0,0.0,0.0,52.5,True,False
ST014,673,6,0.0,0.0,0.0,34.7,True,True
ST014,674,6,0.0,0.0,0.0,53.6,True,False
ST014,675,6,0.0,0.0,0.0,44.8,True,True
ST014,676,6,0.0,0.0,0.0,41.2,True,True
ST014,677,6,0.0,0.0,0.0,40.0,True,True
ST014,678,6,0.0,0.0,0.0,33.9,True,True
ST014,679,6,0.0,0.0,0.0,35.3,True,True
ST014,680,6,0.0,0.0,0.0,44.8,True,True
ST014,681,6,0.0,0.0,0.0,40.1,True,True
ST014,682,6,0.0,0.0,0.0,38.8,True,True
ST014,683,6,0.0,0.0,0.0,47.4,True,True
ST014,684,6,0.0,0.0,0.0,46.7,True,True
ST014,685,6,0.0,0.0,0.0,45.4,True,True
ST014,686,6,0.0,0.0,0.0,34.7,True,True
ST014,687,6,0.0,0.0,0.0,35.4,True,True
ST014,688,6,0.0,0.0,0.0,41.4,True,True
ST014,689,6,0.0,0.0,0.0,39.2,True,True
ST014,690,6,0.0,0.0,0.0,46.0,True,True
ST014,691,6,0.0,0.0,0.0,46.4,True,True
ST014,692,6,0.0,0.0,0.0,35.3,True,True
ST014,693,6,0.0,0.0,0.0,43.0,True,True
ST014,694,6,0.0,0.0,0.0,43.5,True,True
ST014,695,6,0.0,0.0,0.0,44.1,True,True
ST014,696,6,0.0,0.0,0.0,39.0,True,True
ST014,697,6,0.0,0.0,0.0,36.9,True,True
ST014,698,6,0.0,0.0,0.0,40.9,True,True
ST014,699,6,0.0,0.0,0.0,31.9,True,True
ST014,700,6,0.0,0.0,0.0,43.1,True,True
ST014,701,6,0.0,0.0,0.0,38.9,True,True
ST014,702,6,0.0,0.0,0.0,40.8,True,True
ST014,703,6,0.0,0.0,0.0,34.8,True,True
ST014,704,6,0.0,0.0,0.0,40.5,True,True
ST014,705,6,0.0,0.0,0.0,52.3,True,False
ST014,706,6,0.0,0.0,0.0,44.9,True,True
ST014,707,6,0.0,0.0,0.0,50.2,True,False
ST014,708,6,0.0,0.0,0.0,48.6,True,True
ST014,709,6,0.0,0.0,0.0,40.3,True,True
ST014,710,6,0.0,0.0,0.0,35.4,True,True
ST014,711,6,0.0,0.0,0.0,42.2,True,True
ST014,712,6,0.0,0.0,0.0,38.8,True,True
ST014,713,6,0.0,0.0,0.0,40.1,True,True
ST014,714,6,0.0,0.0,0.0,37.1,True,True
ST014,715,6,0.0,0.0,0.0,43.4,True,True
ST014,716,6,0.0,0.0,0.0,35.2,True,True
ST014,717,6,0.0,0.0,0.0,35.9,True,True
ST014,718,6,0.0,0.0,0.0,40.3,True,True
ST014,719,6,0.0,0.0,0.0,32.4,True,True
ST014,720,6,0.0,0.0,0.0,36.6,True,True
ST014,721,6,0.0,0.0,0.0,37.2,True,True
ST014,722,6,0.0,0.0,0.0,46.0,True,True
ST014,723,6,0.0,0.0,0.0,40.9,True,True
ST014,724,6,0.0,0.0,0.0,40.1,True,True
ST014,725,6,0.0,0.0,0.0,33.7,True,True
ST014,726,6,0.0,0.0,0.0,43.9,True,True
ST014,727,6,0.0,0.0,0.0,46.6,True,True
ST014,728,6,0.0,0.0,0.0,44.3,True,True
ST014,729,6,0.0,0.0,0.0,44.3,True,True
ST014,730,6,0.0,0.0,0.0,38.4,True,True
ST014,731,6,0.0,0.0,0.0,50.9,True,False
ST014,732,6,0.0,0.0,0.0,40.0,True,True
ST014,733,6,0.0,0.0,0.0,34.0,True,True
ST014,734,6,0.0,0.0,0.0,41.3,True,True
ST014,735,6,0.0,0.0,0.0,37.2,True,True
ST014,736,6,0.0,0.0,0.0,41.8,True,True
ST014,737,6,0.0,0.0,0.0,38.1,True,True
ST014,738,6,0.0,0.0,0.0,44.9,True,True
ST014,739,6,0.0,0.0,0.0,43.5,True,True
ST014,740,6,0.0,0.0,0.0,36.8,True,True
ST014,741,6,0.0,0.0,0.0,46.9,True,True
ST014,742,6,0.0,0.0,0.0,45.3,True,True
ST014,743,6,0.0,0.0,0.0,40.7,True,True
ST014,744,6,0.0,0.0,0.0,49.5,True,True
ST014,745,6,0.0,0.0,0.0,41.8,True,True
ST014,746,6,0.0,0.0,0.0,35.0,True,True
ST014,747,6,0.0,0.0,0.0,36.1,True,True
ST014,748,6,0.0,0.0,0.0,36.7,True,True
ST014,749,6,0.0,0.0,0.0,42.8,True,True
ST014,750,6,0.0,0.0,0.0,40.1,True,True
ST014,751,6,0.0,0.0,0.0,44.1,True,True
ST014,752,6,0.0,0.0,0.0,45.6,True,True
ST014,753,6,0.0,0.0,0.0,35.4,True,True
ST014,754,6,0.0,0.0,0.0,40.0,True,True
ST014,755,6,0.0,0.0,0.0,48.4,True,True
ST014,756,6,0.0,0.0,0.0,44.9,True,True
ST014,757,6,0.0,0.0,0.0,49.3,True,True
ST014,758,6,0.0,0.0,0.0,41.5,True,True
ST014,759,6,0.0,0.0,0.0,36.7,True,True
ST014,760,6,0.0,0.0,0.0,39.6,True,True
ST014,761,6,0.0,0.0,0.0,37.0,True,True
ST014,762,6,0.0,0.0,0.0,45.4,True,True
ST014,763,6,0.0,0.0,0.0,40.4,True,True
ST014,764,6,0.0,0.0,0.0,45.8,True,True
ST014,765,6,0.0,0.0,0.0,47.5,True,True
ST014,766,6,0.0,0.0,0.0,38.4,True,True
ST014,767,6,0.0,0.0,0.0,34.2,True,True
ST014,768,6,0.0,0.0,0.0,37.7,True,True
ST014,769,6,0.0,0.0,0.0,30.7,True,True
ST014,770,6,0.0,0.0,0.0,39.2,True,True
ST014,771,6,0.0,0.0,0.0,46.5,True,True
ST014,772,6,0.0,0.0,0.0,45.0,True,True
ST014,773,6,0.0,0.0,0.0,45.9,True,True
ST014,774,6,0.0,0.0,0.0,46.2,True,True
ST014,775,6,0.0,0.0,0.0,32.4,True,True
ST014,776,6,0.0,0.0,0.0,35.4,True,True
ST014,777,6,0.0,0.0,0.0,35.5,True,True
ST014,778,6,0.0,0.0,0.0,50.6,True,False
ST014,779,6,0.0,0.0,0.0,38.2,True,True
ST014,780,6,0.0,0.0,0.0,37.8,True,True
ST014,781,6,0.0,0.0,0.0,38.0,True,True
ST014,782,6,0.0,0.0,0.0,41.9,True,True
ST014,783,6,0.0,0.0,0.0,36.8,True,True
ST014,784,6,0.0,0.0,0.0,36.7,True,True
ST014,785,6,0.0,0.0,0.0,35.5,True,True
ST014,786,6,0.0,0.0,0.0,40.3,True,True
ST014,787,6,0.0,0.0,0.0,38.5,True,True
ST014,788,6,0.0,0.0,0.0,45.2,True,True
ST014,789,6,0.0,0.0,0.0,46.6,True,True
ST014,790,6,0.0,0.0,0.0,41.4,True,True
ST014,791,6,0.0,0.0,0.0,42.9,True,True
ST014,792,6,0.0,0.0,0.0,46.0,True,True
ST014,793,6,0.0,0.0,0.0,37.5,True,True
ST014,794,6,0.0,0.0,0.0,44.4,True,True
ST014,795,6,0.0,0.0,0.0,39.6,True,True
ST014,796,6,0.0,0.0,0.0,41.6,True,True
ST014,797,6,0.0,0.0,0.0,34.5,True,True
ST014,798,6,0.0,0.0,0.0,32.5,True,True
ST014,799,6,0.0,0.0,0.0,41.0,True,True
ST014,800,6,0.0,0.0,0.0,41.5,True,True
ST014,801,6,0.0,0.0,0.0,44.8,True,True
ST014,802,6,0.0,0.0,0.0,41.4,True,True
ST014,803,6,0.0,0.0,0.0,51.2,True,False
ST014,804,6,0.0,0.0,0.0,31.4,True,True
ST014,805,6,0.0,0.0,0.0,40.0,True,True
ST014,806,6,0.0,0.0,0.0,41.2,True,True
ST014,807,6,0.0,0.0,0.0,41.6,True,True
ST014,808,6,0.0,0.0,0.0,40.1,True,True
ST014,809,6,0.0,0.0,0.0,48.1,True,True
ST014,810,6,0.0,0.0,0.0,53.4,True,False
ST014,811,6,0.0,0.0,0.0,45.9,True,True
ST014,812,6,0.0,0.0,0.0,43.6,True,True
ST014,813,6,0.0,0.0,0.0,42.8,True,True
ST014,814,6,0.0,0.0,0.0,46.5,True,True
ST014,815,6,0.0,0.0,0.0,38.1,True,True
ST014,816,6,0.0,0.0,0.0,42.7,True,True
ST014,817,6,0.0,0.0,0.0,36.5,True,True
ST014,818,6,0.0,0.0,0.0,37.2,True,True
ST014,819,6,0.0,0.0,0.0,38.1,True,True
ST014,820,6,0.0,0.0,0.0,31.0,True,True
ST014,821,6,0.0,0.0,0.0,33.8,True,True
ST014,822,6,0.0,0.0,0.0,40.4,True,True
ST014,823,6,0.0,0.0,0.0,35.7,True,True
ST014,824,6,0.0,0.0,0.0,43.7,True,True
ST014,825,6,0.0,0.0,0.0,36.0,True,True
ST014,826,6,0.0,0.0,0.0,39.6,True,True
ST014,827,6,0.0,0.0,0.0,44.6,True,True
ST014,828,6,0.0,0.0,0.0,38.5,True,True
ST014,829,6,0.0,0.0,0.0,44.9,True,True
ST014,830,6,0.0,0.0,0.0,30.2,True,True
ST014,831,6,0.0,0.0,0.0,40.4,True,True
ST014,832,6,0.0,0.0,0.0,40.9,True,True
ST014,833,6,0.0,0.0,0.0,42.5,True,True
ST014,834,6,0.0,0.0,0.0,46.9,True,True
ST014,835,6,0.0,0.0,0.0,33.9,True,True
ST014,836,6,0.0,0.0,0.0,41.2,True,True
ST014,837,6,0.0,0.0,0.0,46.2,True,True
ST014,838,6,0.0,0.0,0.0,40.5,True,True
ST014,839,6,0.0,0.0,0.0,37.6,True,True
ST014,840,6,0.0,0.0,0.0,43.1,True,True
ST014,841,6,0.0,0.0,0.0,53.4,True,False
ST014,842,6,0.0,0.0,0.0,34.3,True,True
ST014,843,6,0.0,0.0,0.0,32.5,True,True
ST014,844,6,0.0,0.0,0.0,41.6,True,True
ST014,845,6,0.0,0.0,0.0,39.8,True,True
ST014,846,6,0.0,0.0,0.0,36.8,True,True
ST014,847,6,0.0,0.0,0.0,36.7,True,True
ST014,848,6,0.0,0.0,0.0,48.2,True,True
ST014,849,6,0.0,0.0,0.0,51.1,True,False
ST014,850,6,0.0,0.0,0.0,33.4,True,True
ST014,851,6,0.0,0.0,0.0,36.0,True,True
ST014,852,6,0.0,0.0,0.0,43.7,True,True
ST014,853,6,0.0,0.0,0.0,35.6,True,True
ST014,854,6,0.0,0.0,0.0,51.1,True,False
ST014,855,6,0.0,0.0,0.0,46.6,True,True
ST014,856,6,0.0,0.0,0.0,48.4,True,True
ST014,857,6,0.0,0.0,0.0,46.6,True,True
ST014,858,6,0.0,0.0,0.0,42.6,True,True
ST014,859,6,0.0,0.0,0.0,40.6,True,True
ST014,860,6,0.0,0.0,0.0,38.1,True,True
ST014,861,6,0.0,0.0,0.0,48.9,True,True
ST014,862,6,0.0,0.0,0.0,38.3,True,True
ST014,863,6,0.0,0.0,0.0,35.5,True,True
ST014,864,6,0.0,0.0,0.0,36.4,True,True
ST014,865,6,0.0,0.0,0.0,41.2,True,True
ST014,866,6,0.0,0.0,0.0,33.3,True,True
ST014,867,6,0.0,0.0,0.0,47.0,True,True
ST014,868,6,0.0,0.0,0.0,50.3,True,False
ST014,869,6,0.0,0.0,0.0,38.2,True,True
ST014,870,6,0.0,0.0,0.0,47.8,True,True
ST014,871,6,0.0,0.0,0.0,41.0,True,True
ST014,872,6,0.0,0.0,0.0,50.2,True,False
ST014,873,6,0.0,0.0,0.0,36.0,True,True
ST014,874,6,0.0,0.0,0.0,44.1,True,True
ST014,875,6,0.0,0.0,0.0,35.6,True,True
ST014,876,6,0.0,0.0,0.0,42.2,True,True
ST014,877,6,0.0,0.0,0.0,43.7,True,True
ST014,878,6,0.0,0.0,0.0,38.0,True,True
ST014,879,6,0.0,0.0,0.0,38.0,True,True
ST014,880,6,0.0,0.0,0.0,42.2,True,True
ST014,881,6,0.0,0.0,0.0,34.9,True,True
ST014,882,6,0.0,0.0,0.0,42.8,True,True
ST014,883,6,0.0,0.0,0.0,37.7,True,True
ST014,884,6,0.0,0.0,0.0,36.3,True,True
ST014,885,6,0.0,0.0,0.0,47.0,True,True
ST014,886,6,0.0,0.0,0.0,35.0,True,True
ST014,887,6,0.0,0.0,0.0,37.4,True,True
ST014,888,6,0.0,0.0,0.0,48.8,True,True
ST014,889,6,0.0,0.0,0.0,44.5,True,True
ST014,890,6,0.0,0.0,0.0,42.5,True,True
ST014,891,6,0.0,0.0,0.0,40.8,True,True
ST014,892,6,0.0,0.0,0.0,38.8,True,True
ST014,893,6,0.0,0.0,0.0,33.2,True,True
ST014,894,6,0.0,0.0,0.0,42.1,True,True
ST014,895,6,0.0,0.0,0.0,35.7,True,True
ST014,896,6,0.0,0.0,0.0,45.7,True,True
ST014,897,6,0.0,0.0,0.0,35.7,True,True
ST014,898,6,0.0,0.0,0.0,36.7,True,True
ST014,899,6,0.0,0.0,0.0,43.1,True,True
ST014,900,6,0.0,0.0,0.0,40.5,True,True
ST014,901,6,0.0,0.0,0.0,47.5,True,True
ST014,902,6,0.0,0.0,0.0,38.6,True,True
ST014,903,6,0.0,0.0,0.0,48.1,True,True
ST014,904,6,0.0,0.0,0.0,35.3,True,True
ST014,905,6,0.0,0.0,0.0,48.0,True,True
ST014,906,6,0.0,0.0,0.0,44.7,True,True
ST014,907,6,0.0,0.0,0.0,51.3,True,False
ST014,908,6,0.0,0.0,0.0,40.2,True,True
ST014,909,6,0.0,0.0,0.0,33.7,True,True
ST014,910,6,0.0,0.0,0.0,43.1,True,True
ST014,911,6,0.0,0.0,0.0,43.2,True,True
ST014,912,6,0.0,0.0,0.0,37.0,True,True
ST014,913,6,0.0,0.0,0.0,34.6,True,True
ST014,914,6,0.0,0.0,0.0,48.9,True,True
ST014,915,6,0.0,0.0,0.0,44.2,True,True
ST014,916,6,0.0,0.0,0.0,40.4,True,True
ST014,917,6,0.0,0.0,0.0,34.7,True,True
ST014,918,6,0.0,0.0,0.0,44.7,True,True
ST014,919,6,0.0,0.0,0.0,36.4,True,True
ST014,920,6,0.0,0.0,0.0,50.8,True,False
ST014,921,6,0.0,0.0,0.0,36.9,True,True
ST014,922,6,0.0,0.0,0.0,35.4,True,True
ST014,923,6,0.0,0.0,0.0,40.0,True,True
ST014,924,6,0.0,0.0,0.0,43.7,True,True
ST014,925,6,0.0,0.0,0.0,37.9,True,True
ST014,926,6,0.0,0.0,0.0,42.7,True,True
ST014,927,6,0.0,0.0,0.0,47.3,True,True
ST014,928,6,0.0,0.0,0.0,44.1,True,True
ST014,929,6,0.0,0.0,0.0,38.8,True,True
ST014,930,6,0.0,0.0,0.0,45.9,True,True
ST014,931,6,0.0,0.0,0.0,33.3,True,True
ST014,932,6,0.0,0.0,0.0,37.1,True,True
ST014,933,6,0.0,0.0,0.0,35.5,True,True
ST014,934,6,0.0,0.0,0.0,50.1,True,False
ST014,935,6,0.0,0.0,0.0,45.4,True,True
ST014,936,6,0.0,0.0,0.0,36.8,True,True
ST014,937,6,0.0,0.0,0.0,52.3,True,False
ST014,938,6,0.0,0.0,0.0,47.4,True,True
ST014,939,6,0.0,0.0,0.0,40.2,True,True
ST014,940,6,0.0,0.0,0.0,34.7,True,True
ST014,941,6,0.0,0.0,0.0,35.1,True,True
ST014,942,6,0.0,0.0,0.0,36.5,True,True
ST014,943,6,0.0,0.0,0.0,38.4,True,True
ST014,944,6,0.0,0.0,0.0,38.9,True,True
ST014,945,6,0.0,0.0,0.0,37.6,True,True
ST014,946,6,0.0,0.0,0.0,37.6,True,True
ST014,947,6,0.0,0.0,0.0,49.2,True,True
ST014,948,6,0.0,0.0,0.0,44.2,True,True
ST014,949,6,0.0,0.0,0.0,43.2,True,True
ST014,950,6,0.0,0.0,0.0,40.4,True,True
ST014,951,6,0.0,0.0,0.0,41.2,True,True
ST014,952,6,0.0,0.0,0.0,33.0,True,True
ST014,953,6,0.0,0.0,0.0,39.6,True,True
ST014,954,6,0.0,0.0,0.0,36.6,True,True
ST014,955,6,0.0,0.0,0.0,49.0,True,True
ST014,956,6,0.0,0.0,0.0,39.8,True,True
ST014,957,6,0.0,0.0,0.0,44.0,True,True
ST014,958,6,0.0,0.0,0.0,31.8,True,True
ST014,959,6,0.0,0.0,0.0,35.9,True,True
ST014,960,6,0.0,0.0,0.0,35.4,True,True
ST014,961,6,0.0,0.0,0.0,39.0,True,True
ST014,962,6,0.0,0.0,0.0,37.5,True,True
ST014,963,6,0.0,0.0,0.0,34.9,True,True
ST014,964,6,0.0,0.0,0.0,39.8,True,True
ST014,965,6,0.0,0.0,0.0,42.7,True,True
ST014,966,6,0.0,0.0,0.0,34.8,True,True
ST014,967,6,0.0,0.0,0.0,33.6,True,True
ST014,968,6,0.0,0.0,0.0,39.5,True,True
ST014,969,6,0.0,0.0,0.0,31.5,True,True
ST014,970,6,0.0,0.0,0.0,47.7,True,True
ST014,971,6,0.0,0.0,0.0,43.7,True,True
ST014,972,6,0.0,0.0,0.0,48.1,True,True
ST014,973,6,0.0,0.0,0.0,36.7,True,True
ST014,974,6,0.0,0.0,0.0,43.2,True,True
ST014,975,6,0.0,0.0,0.0,41.4,True,True
ST014,976,6,0.0,0.0,0.0,42.5,True,True
ST014,977,6,0.0,0.0,0.0,35.3,True,True
ST014,978,6,0.0,0.0,0.0,44.8,True,True
ST014,979,6,0.0,0.0,0.0,41.7,True,True
ST014,980,6,0.0,0.0,0.0,53.5,True,False
ST014,981,6,0.0,0.0,0.0,44.6,True,True
ST014,982,6,0.0,0.0,0.0,36.1,True,True
ST014,983,6,0.0,0.0,0.0,31.9,True,True
ST014,984,6,0.0,0.0,0.0,40.7,True,True
ST014,985,6,0.0,0.0,0.0,42.9,True,True
ST014,986,6,0.0,0.0,0.0,45.2,True,True
ST014,987,6,0.0,0.0,0.0,38.6,True,True
ST014,988,6,0.0,0.0,0.0,35.1,True,True
ST014,989,6,0.0,0.0,0.0,39.5,True,True
ST014,990,6,0.0,0.0,0.0,33.4,True,True
ST014,991,6,0.0,0.0,0.0,50.0,True,False
ST014,992,6,0.0,0.0,0.0,32.4,True,True
ST014,993,6,0.0,0.0,0.0,39.4,True,True
ST014,994,6,0.0,0.0,0.0,41.0,True,True
ST014,995,6,0.0,0.0,0.0,41.6,True,True
ST014,996,6,0.0,0.0,0.0,40.6,True,True
ST014,997,6,0.0,0.0,0.0,35.7,True,True
ST014,998,6,0.0,0.0,0.0,39.4,True,True
ST014,999,6,0.0,0.0,0.0,46.3,True,True
ST014,1000,6,0.0,0.0,0.0,35.7,True,True
ST015,1,6,0.0,0.0,0.0,46.0,True,True
ST015,2,6,0.0,0.0,0.0,35.7,True,True
ST015,3,6,0.0,0.0,0.0,47.9,True,True
ST015,4,6,0.0,0.0,0.0,38.5,True,True
ST015,5,6,0.0,0.0,0.0,50.0,True,False
ST015,6,6,0.0,0.0,0.0,46.5,True,True
ST015,7,6,0.0,0.0,0.0,40.8,True,True
ST015,8,6,0.0,0.0,0.0,50.0,True,False
ST015,9,6,0.0,0.0,0.0,44.2,True,True
ST015,10,6,0.0,0.0,0.0,39.5,True,True
ST015,11,6,0.0,0.0,0.0,53.3,True,False
ST015,12,6,0.0,0.0,0.0,50.7,True,False
ST015,13,6,0.0,0.0,0.0,39.0,True,True
ST015,14,6,0.0,0.0,0.0,39.3,True,True
ST015,15,6,0.0,0.0,0.0,49.4,True,True
ST015,16,6,0.0,0.0,0.0,47.5,True,True
ST015,17,6,0.0,0.0,0.0,41.3,True,True
ST015,18,6,0.0,0.0,0.0,50.5,True,False
ST015,19,6,0.0,0.0,0.0,45.5,True,True
ST015,20,6,0.0,0.0,0.0,37.3,True,True
ST015,21,6,0.0,0.0,0.0,56.5,True,False
ST015,22,6,0.0,0.0,0.0,39.5,True,True
ST015,23,6,0.0,0.0,0.0,42.1,True,True
ST015,24,6,0.0,0.0,0.0,39.5,True,True
ST015,25,6,0.0,0.0,0.0,52.1,True,False
ST015,26,6,0.0,0.0,0.0,48.2,True,True
ST015,27,6,0.0,0.0,0.0,50.7,True,False
ST015,28,6,0.0,0.0,0.0,49.7,True,True
ST015,29,6,0.0,0.0,0.0,48.1,True,True
ST015,30,6,0.0,0.0,0.0,49.4,True,True
ST015,31,6,0.0,0.0,0.0,38.7,True,True
ST015,32,6,0.0,0.0,0.0,51.2,True,False
ST015,33,6,0.0,0.0,0.0,52.2,True,False
ST015,34,6,0.0,0.0,0.0,39.7,True,True
ST015,35,6,0.0,0.0,0.0,43.3,True,True
ST015,36,6,0.0,0.0,0.0,42.4,True,True
ST015,37,6,0.0,0.0,0.0,46.3,True,True
ST015,38,6,0.0,0.0,0.0,48.6,True,True
ST015,39,6,0.0,0.0,0.0,49.0,True,True
ST015,40,6,0.0,0.0,0.0,47.7,True,True
ST015,41,6,0.0,0.0,0.0,51.1,True,False
ST015,42,6,0.0,0.0,0.0,46.9,True,True
ST015,43,6,0.0,0.0,0.0,46.8,True,True
ST015,44,6,0.0,0.0,0.0,42.8,True,True
ST015,45,6,0.0,0.0,0.0,41.6,True,True
ST015,46,6,0.0,0.0,0.0,51.5,True,False
ST015,47,6,0.0,0.0,0.0,49.8,True,True
ST015,48,6,0.0,0.0,0.0,51.5,True,False
ST015,49,6,0.0,0.0,0.0,52.4,True,False
ST015,50,6,0.0,0.0,0.0,47.2,True,True
ST015,51,6,0.0,0.0,0.0,43.4,True,True
ST015,52,6,0.0,0.0,0.0,49.5,True,True
ST015,53,6,0.0,0.0,0.0,55.2,True,False
ST015,54,6,0.0,0.0,0.0,45.6,True,True
ST015,55,6,0.0,0.0,0.0,54.2,True,False
ST015,56,6,0.0,0.0,0.0,48.2,True,True
ST015,57,6,0.0,0.0,0.0,48.7,True,True
ST015,58,6,0.0,0.0,0.0,43.8,True,True
ST015,59,6,0.0,0.0,0.0,53.5,True,False
ST015,60,6,0.0,0.0,0.0,49.9,True,True
ST015,61,6,0.0,0.0,0.0,39.5,True,True
ST015,62,6,0.0,0.0,0.0,49.3,True,True
ST015,63,6,0.0,0.0,0.0,45.1,True,True
ST015,64,6,0.0,0.0,0.0,44.9,True,True
ST015,65,6,0.0,0.0,0.0,58.4,True,False
ST015,66,6,0.0,0.0,0.0,49.4,True,True
ST015,67,6,0.0,0.0,0.0,50.4,True,False
ST015,68,6,0.0,0.0,0.0,45.9,True,True
ST015,69,6,0.0,0.0,0.0,47.4,True,True
ST015,70,6,0.0,0.0,0.0,54.5,True,False
ST015,71,6,0.0,0.0,0.0,45.2,True,True
ST015,72,6,0.0,0.0,0.0,52.1,True,False
ST015,73,6,0.0,0.0,0.0,37.3,True,True
ST015,74,6,0.0,0.0,0.0,43.6,True,True
ST015,75,6,0.0,0.0,0.0,53.5,True,False
ST015,76,6,0.0,0.0,0.0,51.4,True,False
ST015,77,6,0.0,0.0,0.0,57.1,True,False
ST015,78,6,0.0,0.0,0.0,44.4,True,True
ST015,79,6,0.0,0.0,0.0,37.1,True,True
ST015,80,6,0.0,0.0,0.0,45.7,True,True
ST015,81,6,0.0,0.0,0.0,47.4,True,True
ST015,82,6,0.0,0.0,0.0,57.0,True,False
ST015,83,6,0.0,0.0,0.0,54.7,True,False
ST015,84,6,0.0,0.0,0.0,51.3,True,False
ST015,85,6,0.0,0.0,0.0,52.1,True,False
ST015,86,6,0.0,0.0,0.0,36.0,True,True
ST015,87,6,0.0,0.0,0.0,43.5,True,True
ST015,88,6,0.0,0.0,0.0,49.0,True,True
ST015,89,6,0.0,0.0,0.0,47.1,True,True
ST015,90,6,0.0,0.0,0.0,41.7,True,True
ST015,91,6,0.0,0.0,0.0,54.2,True,False
ST015,92,6,0.0,0.0,0.0,38.0,True,True
ST015,93,6,0.0,0.0,0.0,37.8,True,True
ST015,94,6,0.0,0.0,0.0,45.9,True,True
ST015,95,6,0.0,0.0,0.0,46.7,True,True
ST015,96,6,0.0,0.0,0.0,45.2,True,True
ST015,97,6,0.0,0.0,0.0,51.9,True,False
ST015,98,6,0.0,0.0,0.0,54.4,True,False
ST015,99,6,0.0,0.0,0.0,45.7,True,True
ST015,100,6,0.0,0.0,0.0,51.0,True,False
ST015,101,6,0.0,0.0,0.0,39.7,True,True
ST015,102,6,0.0,0.0,0.0,39.8,True,True
ST015,103,6,0.0,0.0,0.0,46.8,True,True
ST015,104,6,0.0,0.0,0.0,55.9,True,False
ST015,105,6,0.0,0.0,0.0,44.6,True,True
ST015,106,6,0.0,0.0,0.0,52.2,True,False
ST015,107,6,0.0,0.0,0.0,38.0,True,True
ST015,108,6,0.0,0.0,0.0,52.4,True,False
ST015,109,6,0.0,0.0,0.0,45.7,True,True
ST015,110,6,0.0,0.0,0.0,52.5,True,False
ST015,111,6,0.0,0.0,0.0,45.2,True,True
ST015,112,6,0.0,0.0,0.0,44.6,True,True
ST015,113,6,0.0,0.0,0.0,41.2,True,True
ST015,114,6,0.0,0.0,0.0,43.9,True,True
ST015,115,6,0.0,0.0,0.0,51.0,True,False
ST015,116,6,0.0,0.0,0.0,45.4,True,True
ST015,117,6,0.0,0.0,0.0,47.4,True,True
ST015,118,6,0.0,0.0,0.0,50.6,True,False
ST015,119,6,0.0,0.0,0.0,46.4,True,True
ST015,120,6,0.0,0.0,0.0,37.7,True,True
ST015,121,6,0.0,0.0,0.0,49.7,True,True
ST015,122,6,0.0,0.0,0.0,41.1,True,True
ST015,123,6,0.0,0.0,0.0,50.4,True,False
ST015,124,6,0.0,0.0,0.0,37.0,True,True
ST015,125,6,0.0,0.0,0.0,48.7,True,True
ST015,126,6,0.0,0.0,0.0,46.2,True,True
ST015,127,6,0.0,0.0,0.0,45.8,True,True
ST015,128,6,0.0,0.0,0.0,49.5,True,True
ST015,129,6,0.0,0.0,0.0,45.4,True,True
ST015,130,6,0.0,0.0,0.0,40.9,True,True
ST015,131,6,0.0,0.0,0.0,36.8,True,True
ST015,132,6,0.0,0.0,0.0,33.1,True,True
ST015,133,6,0.0,0.0,0.0,46.8,True,True
ST015,134,6,0.0,0.0,0.0,47.9,True,True
ST015,135,6,0.0,0.0,0.0,42.7,True,True
ST015,136,6,0.0,0.0,0.0,44.6,True,True
ST015,137,6,0.0,0.0,0.0,45.6,True,True
ST015,138,6,0.0,0.0,0.0,48.3,True,True
ST015,139,6,0.0,0.0,0.0,53.5,True,False
ST015,140,6,0.0,0.0,0.0,52.7,True,False
ST015,141,6,0.0,0.0,0.0,47.4,True,True
ST015,142,6,0.0,0.0,0.0,44.7,True,True
ST015,143,6,0.0,0.0,0.0,48.5,True,True
ST015,144,6,0.0,0.0,0.0,36.8,True,True
ST015,145,6,0.0,0.0,0.0,40.7,True,True
ST015,146,6,0.0,0.0,0.0,46.0,True,True
ST015,147,6,0.0,0.0,0.0,46.7,True,True
ST015,148,6,0.0,0.0,0.0,53.5,True,False
ST015,149,6,0.0,0.0,0.0,43.9,True,True
ST015,150,6,0.0,0.0,0.0,47.9,True,True
ST015,151,6,0.0,0.0,0.0,42.3,True,True
ST015,152,6,0.0,0.0,0.0,44.7,True,True
ST015,153,6,0.0,0.0,0.0,47.7,True,True
ST015,154,6,0.0,0.0,0.0,43.0,True,True
ST015,155,6,0.0,0.0,0.0,55.4,True,False
ST015,156,6,0.0,0.0,0.0,43.2,True,True
ST015,157,6,0.0,0.0,0.0,50.3,True,False
ST015,158,6,0.0,0.0,0.0,45.0,True,True
ST015,159,6,0.0,0.0,0.0,50.1,True,False
ST015,160,6,0.0,0.0,0.0,47.2,True,True
ST015,161,6,0.0,0.0,0.0,44.1,True,True
ST015,162,6,0.0,0.0,0.0,44.2,True,True
ST015,163,6,0.0,0.0,0.0,47.7,True,True
ST015,164,6,0.0,0.0,0.0,39.8,True,True
ST015,165,6,0.0,0.0,0.0,46.4,True,True
ST015,166,6,0.0,0.0,0.0,46.1,True,True
ST015,167,6,0.0,0.0,0.0,54.1,True,False
ST015,168,6,0.0,0.0,0.0,54.1,True,False
ST015,169,6,0.0,0.0,0.0,47.8,True,True
ST015,170,6,0.0,0.0,0.0,39.4,True,True
ST015,171,6,0.0,0.0,0.0,44.6,True,True
ST015,172,6,0.0,0.0,0.0,45.2,True,True
ST015,173,6,0.0,0.0,0.0,49.0,True,True
ST015,174,6,0.0,0.0,0.0,43.2,True,True
ST015,175,6,0.0,0.0,0.0,48.3,True,True
ST015,176,6,0.0,0.0,0.0,50.8,True,False
ST015,177,6,0.0,0.0,0.0,49.3,True,True
ST015,178,6,0.0,0.0,0.0,52.8,True,False
ST015,179,6,0.0,0.0,0.0,51.9,True,False
ST015,180,6,0.0,0.0,0.0,44.2,True,True
ST015,181,6,0.0,0.0,0.0,49.1,True,True
ST015,182,6,0.0,0.0,0.0,46.8,True,True
ST015,183,6,0.0,0.0,0.0,44.2,True,True
ST015,184,6,0.0,0.0,0.0,45.6,True,True
ST015,185,6,0.0,0.0,0.0,49.1,True,True
ST015,186,6,0.0,0.0,0.0,53.9,True,False
ST015,187,6,0.0,0.0,0.0,40.4,True,True
ST015,188,6,0.0,0.0,0.0,46.3,True,True
ST015,189,6,0.0,0.0,0.0,41.5,True,True
ST015,190,6,0.0,0.0,0.0,55.1,True,False
ST015,191,6,0.0,0.0,0.0,45.9,True,True
ST015,192,6,0.0,0.0,0.0,53.1,True,False
ST015,193,6,0.0,0.0,0.0,47.4,True,True
ST015,194,6,0.0,0.0,0.0,47.0,True,True
ST015,195,6,0.0,0.0,0.0,37.9,True,True
ST015,196,6,0.0,0.0,0.0,49.2,True,True
ST015,197,6,0.0,0.0,0.0,45.8,True,True
ST015,198,6,0.0,0.0,0.0,43.5,True,True
ST015,199,6,0.0,0.0,0.0,42.7,True,True
ST015,200,6,0.0,0.0,0.0,40.2,True,True
ST015,201,6,0.0,0.0,0.0,45.1,True,True
ST015,202,6,0.0,0.0,0.0,50.1,True,False
ST015,203,6,0.0,0.0,0.0,45.3,True,True
ST015,204,6,0.0,0.0,0.0,40.8,True,True
ST015,205,6,0.0,0.0,0.0,45.3,True,True
ST015,206,6,0.0,0.0,0.0,43.0,True,True
ST015,207,6,0.0,0.0,0.0,47.4,True,True
ST015,208,6,0.0,0.0,0.0,47.8,True,True
ST015,209,6,0.0,0.0,0.0,50.1,True,False
ST015,210,6,0.0,0.0,0.0,46.1,True,True
ST015,211,6,0.0,0.0,0.0,42.5,True,True
ST015,212,6,0.0,0.0,0.0,45.5,True,True
ST015,213,6,0.0,0.0,0.0,44.4,True,True
ST015,214,6,0.0,0.0,0.0,45.4,True,True
ST015,215,6,0.0,0.0,0.0,49.9,True,True
ST015,216,6,0.0,0.0,0.0,47.0,True,True
ST015,217,6,0.0,0.0,0.0,49.8,True,True
ST015,218,6,0.0,0.0,0.0,44.6,True,True
ST015,219,6,0.0,0.0,0.0,55.4,True,False
ST015,220,6,0.0,0.0,0.0,47.4,True,True
ST015,221,6,0.0,0.0,0.0,50.3,True,False
ST015,222,6,0.0,0.0,0.0,47.5,True,True
ST015,223,6,0.0,0.0,0.0,40.0,True,True
ST015,224,6,0.0,0.0,0.0,42.3,True,True
ST015,225,6,0.0,0.0,0.0,51.1,True,False
ST015,226,6,0.0,0.0,0.0,51.1,True,False
ST015,227,6,0.0,0.0,0.0,44.5,True,True
ST015,228,6,0.0,0.0,0.0,43.0,True,True
ST015,229,6,0.0,0.0,0.0,44.2,True,True
ST015,230,6,0.0,0.0,0.0,43.0,True,True
ST015,231,6,0.0,0.0,0.0,46.5,True,True
ST015,232,6,0.0,0.0,0.0,49.9,True,True
ST015,233,6,0.0,0.0,0.0,45.4,True,True
ST015,234,6,0.0,0.0,0.0,40.3,True,True
ST015,235,6,0.0,0.0,0.0,49.1,True,True
ST015,236,6,0.0,0.0,0.0,47.0,True,True
ST015,237,6,0.0,0.0,0.0,47.4,True,True
ST015,238,6,0.0,0.0,0.0,52.0,True,False
ST015,239,6,0.0,0.0,0.0,37.8,True,True
ST015,240,6,0.0,0.0,0.0,55.7,True,False
ST015,241,6,0.0,0.0,0.0,46.4,True,True
ST015,242,6,0.0,0.0,0.0,49.3,True,True
ST015,243,6,0.0,0.0,0.0,51.0,True,False
ST015,244,6,0.0,0.0,0.0,40.8,True,True
ST015,245,6,0.0,0.0,0.0,49.0,True,True
ST015,246,6,0.0,0.0,0.0,44.3,True,True
ST015,247,6,0.0,0.0,0.0,47.7,True,True
ST015,248,6,0.0,0.0,0.0,41.1,True,True
ST015,249,6,0.0,0.0,0.0,42.0,True,True
ST015,250,6,0.0,0.0,0.0,46.3,True,True
ST015,251,6,0.0,0.0,0.0,49.7,True,True
ST015,252,6,0.0,0.0,0.0,49.6,True,True
ST015,253,6,0.0,0.0,0.0,38.8,True,True
ST015,254,6,0.0,0.0,0.0,41.3,True,True
ST015,255,6,0.0,0.0,0.0,53.1,True,False
ST015,256,6,0.0,0.0,0.0,56.0,True,False
ST015,257,6,0.0,0.0,0.0,46.4,True,True
ST015,258,6,0.0,0.0,0.0,40.0,True,True
ST015,259,6,0.0,0.0,0.0,41.8,True,True
ST015,260,6,0.0,0.0,0.0,46.5,True,True
ST015,261,6,0.0,0.0,0.0,42.8,True,True
ST015,262,6,0.0,0.0,0.0,42.3,True,True
ST015,263,6,0.0,0.0,0.0,52.1,True,False
ST015,264,6,0.0,0.0,0.0,49.8,True,True
ST015,265,6,0.0,0.0,0.0,38.0,True,True
ST015,266,6,0.0,0.0,0.0,54.5,True,False
ST015,267,6,0.0,0.0,0.0,44.8,True,True
ST015,268,6,0.0,0.0,0.0,49.4,True,True
ST015,269,6,0.0,0.0,0.0,42.3,True,True
ST015,270,6,0.0,0.0,0.0,45.9,True,True
ST015,271,6,0.0,0.0,0.0,40.5,True,True
ST015,272,6,0.0,0.0,0.0,43.7,True,True
ST015,273,6,0.0,0.0,0.0,49.0,True,True
ST015,274,6,0.0,0.0,0.0,42.5,True,True
ST015,275,6,0.0,0.0,0.0,42.3,True,True
ST015,276,6,0.0,0.0,0.0,53.2,True,False
ST015,277,6,0.0,0.0,0.0,45.9,True,True
ST015,278,6,0.0,0.0,0.0,51.0,True,False
ST015,279,6,0.0,0.0,0.0,54.1,True,False
ST015,280,6,0.0,0.0,0.0,46.6,True,True
ST015,281,6,0.0,0.0,0.0,48.8,True,True
ST015,282,6,0.0,0.0,0.0,50.0,True,False
ST015,283,6,0.0,0.0,0.0,47.9,True,True
ST015,284,6,0.0,0.0,0.0,48.1,True,True
ST015,285,6,0.0,0.0,0.0,43.8,True,True
ST015,286,6,0.0,0.0,0.0,47.4,True,True
ST015,287,6,0.0,0.0,0.0,43.9,True,True
ST015,288,6,0.0,0.0,0.0,43.4,True,True
ST015,289,6,0.0,0.0,0.0,55.9,True,False
ST015,290,6,0.0,0.0,0.0,49.7,True,True
ST015,291,6,0.0,0.0,0.0,46.8,True,True
ST015,292,6,0.0,0.0,0.0,56.2,True,False
ST015,293,6,0.0,0.0,0.0,45.1,True,True
ST015,294,6,0.0,0.0,0.0,41.2,True,True
ST015,295,6,0.0,0.0,0.0,50.3,True,False
ST015,296,6,0.0,0.0,0.0,37.4,True,True
ST015,297,6,0.0,0.0,0.0,44.0,True,True
ST015,298,6,0.0,0.0,0.0,39.6,True,True
ST015,299,6,0.0,0.0,0.0,45.0,True,True
ST015,300,6,0.0,0.0,0.0,34.0,True,True
ST015,301,6,0.0,0.0,0.0,49.1,True,True
ST015,302,6,0.0,0.0,0.0,43.4,True,True
ST015,303,6,0.0,0.0,0.0,40.6,True,True
ST015,304,6,0.0,0.0,0.0,34.8,True,True
ST015,305,6,0.0,0.0,0.0,47.0,True,True
ST015,306,6,0.0,0.0,0.0,53.5,True,False
ST015,307,6,0.0,0.0,0.0,54.5,True,False
ST015,308,6,0.0,0.0,0.0,43.2,True,True
ST015,309,6,0.0,0.0,0.0,47.0,True,True
ST015,310,6,0.0,0.0,0.0,43.1,True,True
ST015,311,6,0.0,0.0,0.0,48.8,True,True
ST015,312,6,0.0,0.0,0.0,46.8,True,True
ST015,313,6,0.0,0.0,0.0,46.3,True,True
ST015,314,6,0.0,0.0,0.0,38.3,True,True
ST015,315,6,0.0,0.0,0.0,53.4,True,False
ST015,316,6,0.0,0.0,0.0,50.3,True,False
ST015,317,6,0.0,0.0,0.0,41.0,True,True
ST015,318,6,0.0,0.0,0.0,38.4,True,True
ST015,319,6,0.0,0.0,0.0,42.3,True,True
ST015,320,6,0.0,0.0,0.0,42.7,True,True
ST015,321,6,0.0,0.0,0.0,45.8,True,True
ST015,322,6,0.0,0.0,0.0,41.6,True,True
ST015,323,6,0.0,0.0,0.0,38.4,True,True
ST015,324,6,0.0,0.0,0.0,48.2,True,True
ST015,325,6,0.0,0.0,0.0,42.5,True,True
ST015,326,6,0.0,0.0,0.0,43.2,True,True
ST015,327,6,0.0,0.0,0.0,39.4,True,True
ST015,328,6,0.0,0.0,0.0,41.6,True,True
ST015,329,6,0.0,0.0,0.0,46.7,True,True
ST015,330,6,0.0,0.0,0.0,46.8,True,True
ST015,331,6,0.0,0.0,0.0,40.5,True,True
ST015,332,6,0.0,0.0,0.0,47.3,True,True
ST015,333,6,0.0,0.0,0.0,37.2,True,True
ST015,334,6,0.0,0.0,0.0,36.2,True,True
ST015,335,6,0.0,0.0,0.0,43.4,True,True
ST015,336,6,0.0,0.0,0.0,47.7,True,True
ST015,337,6,0.0,0.0,0.0,49.2,True,True
ST015,338,6,0.0,0.0,0.0,44.6,True,True
ST015,339,6,0.0,0.0,0.0,44.6,True,True
ST015,340,6,0.0,0.0,0.0,53.0,True,False
ST015,341,6,0.0,0.0,0.0,49.0,True,True
ST015,342,6,0.0,0.0,0.0,46.7,True,True
ST015,343,6,0.0,0.0,0.0,45.3,True,True
ST015,344,6,0.0,0.0,0.0,47.0,True,True
ST015,345,6,0.0,0.0,0.0,49.5,True,True
ST015,346,6,0.0,0.0,0.0,41.7,True,True
ST015,347,6,0.0,0.0,0.0,43.2,True,True
ST015,348,6,0.0,0.0,0.0,47.1,True,True
ST015,349,6,0.0,0.0,0.0,46.5,True,True
ST015,350,6,0.0,0.0,0.0,49.4,True,True
ST015,351,6,0.0,0.0,0.0,44.8,True,True
ST015,352,6,0.0,0.0,0.0,45.1,True,True
ST015,353,6,0.0,0.0,0.0,44.5,True,True
ST015,354,6,0.0,0.0,0.0,46.6,True,True
ST015,355,6,0.0,0.0,0.0,45.4,True,True
ST015,356,6,0.0,0.0,0.0,50.9,True,False
ST015,357,6,0.0,0.0,0.0,42.6,True,True
ST015,358,6,0.0,0.0,0.0,49.4,True,True
ST015,359,6,0.0,0.0,0.0,47.5,True,True
ST015,360,6,0.0,0.0,0.0,47.9,True,True
ST015,361,6,0.0,0.0,0.0,46.2,True,True
ST015,362,6,0.0,0.0,0.0,47.4,True,True
ST015,363,6,0.0,0.0,0.0,55.6,True,False
ST015,364,6,0.0,0.0,0.0,50.7,True,False
ST015,365,6,0.0,0.0,0.0,47.4,True,True
ST015,366,6,0.0,0.0,0.0,50.4,True,False
ST015,367,6,0.0,0.0,0.0,46.6,True,True
ST015,368,6,0.0,0.0,0.0,45.1,True,True
ST015,369,6,0.0,0.0,0.0,48.2,True,True
ST015,370,6,0.0,0.0,0.0,47.4,True,True
ST015,371,6,0.0,0.0,0.0,42.2,True,True
ST015,372,6,0.0,0.0,0.0,51.8,True,False
ST015,373,6,0.0,0.0,0.0,51.2,True,False
ST015,374,6,0.0,0.0,0.0,44.9,True,True
ST015,375,6,0.0,0.0,0.0,42.0,True,True
ST015,376,6,0.0,0.0,0.0,52.6,True,False
ST015,377,6,0.0,0.0,0.0,53.9,True,False
ST015,378,6,0.0,0.0,0.0,54.0,True,False
ST015,379,6,0.0,0.0,0.0,37.5,True,True
ST015,380,6,0.0,0.0,0.0,41.4,True,True
ST015,381,6,0.0,0.0,0.0,45.2,True,True
ST015,382,6,0.0,0.0,0.0,51.6,True,False
ST015,383,6,0.0,0.0,0.0,49.4,True,True
ST015,384,6,0.0,0.0,0.0,45.2,True,True
ST015,385,6,0.0,0.0,0.0,43.1,True,True
ST015,386,6,0.0,0.0,0.0,49.3,True,True
ST015,387,6,0.0,0.0,0.0,42.1,True,True
ST015,388,6,0.0,0.0,0.0,48.7,True,True
ST015,389,6,0.0,0.0,0.0,40.4,True,True
ST015,390,6,0.0,0.0,0.0,57.6,True,False
ST015,391,6,0.0,0.0,0.0,57.2,True,False
ST015,392,6,0.0,0.0,0.0,50.1,True,False
ST015,393,6,0.0,0.0,0.0,47.0,True,True
ST015,394,6,0.0,0.0,0.0,48.5,True,True
ST015,395,6,0.0,0.0,0.0,44.3,True,True
ST015,396,6,0.0,0.0,0.0,45.6,True,True
ST015,397,6,0.0,0.0,0.0,36.5,True,True
ST015,398,6,0.0,0.0,0.0,40.4,True,True
ST015,399,6,0.0,0.0,0.0,46.2,True,True
ST015,400,6,0.0,0.0,0.0,43.0,True,True
ST015,401,6,0.0,0.0,0.0,50.4,True,False
ST015,402,6,0.0,0.0,0.0,43.4,True,True
ST015,403,6,0.0,0.0,0.0,50.8,True,False
ST015,404,6,0.0,0.0,0.0,46.2,True,True
ST015,405,6,0.0,0.0,0.0,43.1,True,True
ST015,406,6,0.0,0.0,0.0,48.9,True,True
ST015,407,6,0.0,0.0,0.0,53.5,True,False
ST015,408,6,0.0,0.0,0.0,51.4,True,False
ST015,409,6,0.0,0.0,0.0,35.8,True,True
ST015,410,6,0.0,0.0,0.0,44.1,True,True
ST015,411,6,0.0,0.0,0.0,53.6,True,False
ST015,412,6,0.0,0.0,0.0,43.0,True,True
ST015,413,6,0.0,0.0,0.0,45.7,True,True
ST015,414,6,0.0,0.0,0.0,44.9,True,True
ST015,415,6,0.0,0.0,0.0,41.8,True,True
ST015,416,6,0.0,0.0,0.0,47.4,True,True
ST015,417,6,0.0,0.0,0.0,49.3,True,True
ST015,418,6,0.0,0.0,0.0,49.4,True,True
ST015,419,6,0.0,0.0,0.0,53.3,True,False
ST015,420,6,0.0,0.0,0.0,43.7,True,True
ST015,421,6,0.0,0.0,0.0,47.9,True,True
ST015,422,6,0.0,0.0,0.0,44.5,True,True
ST015,423,6,0.0,0.0,0.0,48.0,True,True
ST015,424,6,0.0,0.0,0.0,38.6,True,True
ST015,425,6,0.0,0.0,0.0,55.6,True,False
ST015,426,6,0.0,0.0,0.0,49.9,True,True
ST015,427,6,0.0,0.0,0.0,32.2,True,True
ST015,428,6,0.0,0.0,0.0,42.7,True,True
ST015,429,6,0.0,0.0,0.0,40.0,True,True
ST015,430,6,0.0,0.0,0.0,44.1,True,True
ST015,431,6,0.0,0.0,0.0,43.1,True,True
ST015,432,6,0.0,0.0,0.0,34.6,True,True
ST015,433,6,0.0,0.0,0.0,53.7,True,False
ST015,434,6,0.0,0.0,0.0,48.4,True,True
ST015,435,6,0.0,0.0,0.0,36.5,True,True
ST015,436,6,0.0,0.0,0.0,40.6,True,True
ST015,437,6,0.0,0.0,0.0,48.8,True,True
ST015,438,6,0.0,0.0,0.0,50.9,True,False
ST015,439,6,0.0,0.0,0.0,50.6,True,False
ST015,440,6,0.0,0.0,0.0,51.2,True,False
ST015,441,6,0.0,0.0,0.0,59.4,True,False
ST015,442,6,0.0,0.0,0.0,41.3,True,True
ST015,443,6,0.0,0.0,0.0,53.0,True,False
ST015,444,6,0.0,0.0,0.0,47.6,True,True
ST015,445,6,0.0,0.0,0.0,47.7,True,True
ST015,446,6,0.0,0.0,0.0,39.5,True,True
ST015,447,6,0.0,0.0,0.0,38.5,True,True
ST015,448,6,0.0,0.0,0.0,44.4,True,True
ST015,449,6,0.0,0.0,0.0,38.8,True,True
ST015,450,6,0.0,0.0,0.0,52.1,True,False
ST015,451,6,0.0,0.0,0.0,47.9,True,True
ST015,452,6,0.0,0.0,0.0,39.3,True,True
ST015,453,6,0.0,0.0,0.0,42.9,True,True
ST015,454,6,0.0,0.0,0.0,48.0,True,True
ST015,455,6,0.0,0.0,0.0,55.4,True,False
ST015,456,6,0.0,0.0,0.0,43.3,True,True
ST015,457,6,0.0,0.0,0.0,39.7,True,True
ST015,458,6,0.0,0.0,0.0,52.1,True,False
ST015,459,6,0.0,0.0,0.0,51.7,True,False
ST015,460,6,0.0,0.0,0.0,49.7,True,True
ST015,461,6,0.0,0.0,0.0,41.0,True,True
ST015,462,6,0.0,0.0,0.0,41.6,True,True
ST015,463,6,0.0,0.0,0.0,53.7,True,False
ST015,464,6,0.0,0.0,0.0,40.3,True,True
ST015,465,6,0.0,0.0,0.0,51.0,True,False
ST015,466,6,0.0,0.0,0.0,54.0,True,False
ST015,467,6,0.0,0.0,0.0,50.7,True,False
ST015,468,6,0.0,0.0,0.0,54.3,True,False
ST015,469,6,0.0,0.0,0.0,49.0,True,True
ST015,470,6,0.0,0.0,0.0,48.6,True,True
ST015,471,6,0.0,0.0,0.0,49.4,True,True
ST015,472,6,0.0,0.0,0.0,44.0,True,True
ST015,473,6,0.0,0.0,0.0,44.1,True,True
ST015,474,6,0.0,0.0,0.0,47.5,True,True
ST015,475,6,0.0,0.0,0.0,54.2,True,False
ST015,476,6,0.0,0.0,0.0,46.0,True,True
ST015,477,6,0.0,0.0,0.0,40.1,True,True
ST015,478,6,0.0,0.0,0.0,46.3,True,True
ST015,479,6,0.0,0.0,0.0,48.0,True,True
ST015,480,6,0.0,0.0,0.0,42.4,True,True
ST015,481,6,0.0,0.0,0.0,48.1,True,True
ST015,482,6,0.0,0.0,0.0,40.5,True,True
ST015,483,6,0.0,0.0,0.0,42.8,True,True
ST015,484,6,0.0,0.0,0.0,48.4,True,True
ST015,485,6,0.0,0.0,0.0,54.0,True,False
ST015,486,6,0.0,0.0,0.0,44.7,True,True
ST015,487,6,0.0,0.0,0.0,34.0,True,True
ST015,488,6,0.0,0.0,0.0,46.4,True,True
ST015,489,6,0.0,0.0,0.0,39.9,True,True
ST015,490,6,0.0,0.0,0.0,49.4,True,True
ST015,491,6,0.0,0.0,0.0,48.0,True,True
ST015,492,6,0.0,0.0,0.0,46.2,True,True
ST015,493,6,0.0,0.0,0.0,48.2,True,True
ST015,494,6,0.0,0.0,0.0,49.3,True,True
ST015,495,6,0.0,0.0,0.0,42.2,True,True
ST015,496,6,0.0,0.0,0.0,45.3,True,True
ST015,497,6,0.0,0.0,0.0,45.8,True,True
ST015,498,6,0.0,0.0,0.0,36.7,True,True
ST015,499,6,0.0,0.0,0.0,45.5,True,True
ST015,500,6,0.0,0.0,0.0,41.4,True,True
ST015,501,6,0.0,0.0,0.0,45.0,True,True
ST015,502,6,0.0,0.0,0.0,48.2,True,True
ST015,503,6,0.0,0.0,0.0,54.5,True,False
ST015,504,6,0.0,0.0,0.0,47.7,True,True
ST015,505,6,0.0,0.0,0.0,52.2,True,False
ST015,506,6,0.0,0.0,0.0,51.9,True,False
ST015,507,6,0.0,0.0,0.0,39.4,True,True
ST015,508,6,0.0,0.0,0.0,34.6,True,True
ST015,509,6,0.0,0.0,0.0,49.5,True,True
ST015,510,6,0.0,0.0,0.0,39.3,True,True
ST015,511,6,0.0,0.0,0.0,52.8,True,False
ST015,512,6,0.0,0.0,0.0,38.6,True,True
ST015,513,6,0.0,0.0,0.0,49.8,True,True
ST015,514,6,0.0,0.0,0.0,49.7,True,True
ST015,515,6,0.0,0.0,0.0,44.9,True,True
ST015,516,6,0.0,0.0,0.0,45.1,True,True
ST015,517,6,0.0,0.0,0.0,40.3,True,True
ST015,518,6,0.0,0.0,0.0,50.7,True,False
ST015,519,6,0.0,0.0,0.0,47.6,True,True
ST015,520,6,0.0,0.0,0.0,48.9,True,True
ST015,521,6,0.0,0.0,0.0,61.1,True,False
ST015,522,6,0.0,0.0,0.0,57.5,True,False
ST015,523,6,0.0,0.0,0.0,46.0,True,True
ST015,524,6,0.0,0.0,0.0,43.6,True,True
ST015,525,6,0.0,0.0,0.0,52.3,True,False
ST015,526,6,0.0,0.0,0.0,50.5,True,False
ST015,527,6,0.0,0.0,0.0,47.0,True,True
ST015,528,6,0.0,0.0,0.0,49.4,True,True
ST015,529,6,0.0,0.0,0.0,50.3,True,False
ST015,530,6,0.0,0.0,0.0,51.3,True,False
ST015,531,6,0.0,0.0,0.0,41.1,True,True
ST015,532,6,0.0,0.0,0.0,45.2,True,True
ST015,533,6,0.0,0.0,0.0,50.9,True,False
ST015,534,6,0.0,0.0,0.0,45.6,True,True
ST015,535,6,0.0,0.0,0.0,55.6,True,False
ST015,536,6,0.0,0.0,0.0,51.6,True,False
ST015,537,6,0.0,0.0,0.0,42.1,True,True
ST015,538,6,0.0,0.0,0.0,38.6,True,True
ST015,539,6,0.0,0.0,0.0,53.2,True,False
ST015,540,6,0.0,0.0,0.0,50.6,True,False
ST015,541,6,0.0,0.0,0.0,43.2,True,True
ST015,542,6,0.0,0.0,0.0,54.9,True,False
ST015,543,6,0.0,0.0,0.0,48.4,True,True
ST015,544,6,0.0,0.0,0.0,47.8,True,True
ST015,545,6,0.0,0.0,0.0,44.9,True,True
ST015,546,6,0.0,0.0,0.0,46.6,True,True
ST015,547,6,0.0,0.0,0.0,46.0,True,True
ST015,548,6,0.0,0.0,0.0,38.4,True,True
ST015,549,6,0.0,0.0,0.0,44.8,True,True
ST015,550,6,0.0,0.0,0.0,46.5,True,True
ST015,551,6,0.0,0.0,0.0,42.7,True,True
ST015,552,6,0.0,0.0,0.0,52.9,True,False
ST015,553,6,0.0,0.0,0.0,40.7,True,True
ST015,554,6,0.0,0.0,0.0,54.5,True,False
ST015,555,6,0.0,0.0,0.0,45.3,True,True
ST015,556,6,0.0,0.0,0.0,48.2,True,True
ST015,557,6,0.0,0.0,0.0,42.3,True,True
ST015,558,6,0.0,0.0,0.0,41.2,True,True
ST015,559,6,0.0,0.0,0.0,41.3,True,True
ST015,560,6,0.0,0.0,0.0,51.3,True,False
ST015,561,6,0.0,0.0,0.0,47.9,True,True
ST015,562,6,0.0,0.0,0.0,45.0,True,True
ST015,563,6,0.0,0.0,0.0,43.9,True,True
ST015,564,6,0.0,0.0,0.0,38.7,True,True
ST015,565,6,0.0,0.0,0.0,46.5,True,True
ST015,566,6,0.0,0.0,0.0,41.0,True,True
ST015,567,6,0.0,0.0,0.0,55.4,True,False
ST015,568,6,0.0,0.0,0.0,49.2,True,True
ST015,569,6,0.0,0.0,0.0,44.7,True,True
ST015,570,6,0.0,0.0,0.0,42.0,True,True
ST015,571,6,0.0,0.0,0.0,54.7,True,False
ST015,572,6,0.0,0.0,0.0,52.5,True,False
ST015,573,6,0.0,0.0,0.0,48.2,True,True
ST015,574,6,0.0,0.0,0.0,41.8,True,True
ST015,575,6,0.0,0.0,0.0,53.5,True,False
ST015,576,6,0.0,0.0,0.0,46.0,True,True
ST015,577,6,0.0,0.0,0.0,52.3,True,False
ST015,578,6,0.0,0.0,0.0,42.7,True,True
ST015,579,6,0.0,0.0,0.0,51.9,True,False
ST015,580,6,0.0,0.0,0.0,44.1,True,True
ST015,581,6,0.0,0.0,0.0,51.9,True,False
ST015,582,6,0.0,0.0,0.0,40.4,True,True
ST015,583,6,0.0,0.0,0.0,43.1,True,True
ST015,584,6,0.0,0.0,0.0,52.4,True,False
ST015,585,6,0.0,0.0,0.0,59.4,True,False
ST015,586,6,0.0,0.0,0.0,47.6,True,True
ST015,587,6,0.0,0.0,0.0,47.9,True,True
ST015,588,6,0.0,0.0,0.0,40.8,True,True
ST015,589,6,0.0,0.0,0.0,52.9,True,False
ST015,590,6,0.0,0.0,0.0,40.9,True,True
ST015,591,6,0.0,0.0,0.0,46.0,True,True
ST015,592,6,0.0,0.0,0.0,42.7,True,True
ST015,593,6,0.0,0.0,0.0,38.2,True,True
ST015,594,6,0.0,0.0,0.0,51.1,True,False
ST015,595,6,0.0,0.0,0.0,41.4,True,True
ST015,596,6,0.0,0.0,0.0,47.9,True,True
ST015,597,6,0.0,0.0,0.0,47.9,True,True
ST015,598,6,0.0,0.0,0.0,42.6,True,True
ST015,599,6,0.0,0.0,0.0,45.9,True,True
ST015,600,6,0.0,0.0,0.0,45.4,True,True
ST015,601,6,0.0,0.0,0.0,47.5,True,True
ST015,602,6,0.0,0.0,0.0,57.9,True,False
ST015,603,6,0.0,0.0,0.0,39.9,True,True
ST015,604,6,0.0,0.0,0.0,45.6,True,True
ST015,605,6,0.0,0.0,0.0,48.8,True,True
ST015,606,6,0.0,0.0,0.0,47.3,True,True
ST015,607,6,0.0,0.0,0.0,50.7,True,False
ST015,608,6,0.0,0.0,0.0,47.6,True,True
ST015,609,6,0.0,0.0,0.0,46.3,True,True
ST015,610,6,0.0,0.0,0.0,49.8,True,True
ST015,611,6,0.0,0.0,0.0,46.5,True,True
ST015,612,6,0.0,0.0,0.0,38.6,True,True
ST015,613,6,0.0,0.0,0.0,39.8,True,True
ST015,614,6,0.0,0.0,0.0,42.7,True,True
ST015,615,6,0.0,0.0,0.0,52.5,True,False
ST015,616,6,0.0,0.0,0.0,51.4,True,False
ST015,617,6,0.0,0.0,0.0,45.4,True,True
ST015,618,6,0.0,0.0,0.0,39.0,True,True
ST015,619,6,0.0,0.0,0.0,42.9,True,True
ST015,620,6,0.0,0.0,0.0,35.2,True,True
ST015,621,6,0.0,0.0,0.0,45.3,True,True
ST015,622,6,0.0,0.0,0.0,54.1,True,False
ST015,623,6,0.0,0.0,0.0,44.3,True,True
ST015,624,6,0.0,0.0,0.0,37.7,True,True
ST015,625,6,0.0,0.0,0.0,46.1,True,True
ST015,626,6,0.0,0.0,0.0,37.3,True,True
ST015,627,6,0.0,0.0,0.0,53.0,True,False
ST015,628,6,0.0,0.0,0.0,58.9,True,False
ST015,629,6,0.0,0.0,0.0,40.6,True,True
ST015,630,6,0.0,0.0,0.0,41.5,True,True
ST015,631,6,0.0,0.0,0.0,56.8,True,False
ST015,632,6,0.0,0.0,0.0,45.5,True,True
ST015,633,6,0.0,0.0,0.0,45.9,True,True
ST015,634,6,0.0,0.0,0.0,41.0,True,True
ST015,635,6,0.0,0.0,0.0,44.5,True,True
ST015,636,6,0.0,0.0,0.0,37.8,True,True
ST015,637,6,0.0,0.0,0.0,40.7,True,True
ST015,638,6,0.0,0.0,0.0,45.4,True,True
ST015,639,6,0.0,0.0,0.0,51.7,True,False
ST015,640,6,0.0,0.0,0.0,47.7,True,True
ST015,641,6,0.0,0.0,0.0,56.5,True,False
ST015,642,6,0.0,0.0,0.0,41.1,True,True
ST015,643,6,0.0,0.0,0.0,48.5,True,True
ST015,644,6,0.0,0.0,0.0,55.3,True,False
ST015,645,6,0.0,0.0,0.0,44.4,True,True
ST015,646,6,0.0,0.0,0.0,52.7,True,False
ST015,647,6,0.0,0.0,0.0,34.6,True,True
ST015,648,6,0.0,0.0,0.0,43.9,True,True
ST015,649,6,0.0,0.0,0.0,51.0,True,False
ST015,650,6,0.0,0.0,0.0,41.4,True,True
ST015,651,6,0.0,0.0,0.0,47.5,True,True
ST015,652,6,0.0,0.0,0.0,43.5,True,True
ST015,653,6,0.0,0.0,0.0,48.6,True,True
ST015,654,6,0.0,0.0,0.0,34.8,True,True
ST015,655,6,0.0,0.0,0.0,43.0,True,True
ST015,656,6,0.0,0.0,0.0,43.5,True,True
ST015,657,6,0.0,0.0,0.0,40.2,True,True
ST015,658,6,0.0,0.0,0.0,43.9,True,True
ST015,659,6,0.0,0.0,0.0,43.5,True,True
ST015,660,6,0.0,0.0,0.0,43.9,True,True
ST015,661,6,0.0,0.0,0.0,46.7,True,True
ST015,662,6,0.0,0.0,0.0,43.3,True,True
ST015,663,6,0.0,0.0,0.0,42.4,True,True
ST015,664,6,0.0,0.0,0.0,46.4,True,True
ST015,665,6,0.0,0.0,0.0,45.2,True,True
ST015,666,6,0.0,0.0,0.0,44.0,True,True
ST015,667,6,0.0,0.0,0.0,43.2,True,True
ST015,668,6,0.0,0.0,0.0,44.2,True,True
ST015,669,6,0.0,0.0,0.0,44.1,True,True
ST015,670,6,0.0,0.0,0.0,50.9,True,False
ST015,671,6,0.0,0.0,0.0,34.9,True,True
ST015,672,6,0.0,0.0,0.0,40.3,True,True
ST015,673,6,0.0,0.0,0.0,44.3,True,True
ST015,674,6,0.0,0.0,0.0,48.8,True,True
ST015,675,6,0.0,0.0,0.0,54.9,True,False
ST015,676,6,0.0,0.0,0.0,38.3,True,True
ST015,677,6,0.0,0.0,0.0,48.6,True,True
ST015,678,6,0.0,0.0,0.0,50.4,True,False
ST015,679,6,0.0,0.0,0.0,40.4,True,True
ST015,680,6,0.0,0.0,0.0,37.7,True,True
ST015,681,6,0.0,0.0,0.0,33.9,True,True
ST015,682,6,0.0,0.0,0.0,52.5,True,False
ST015,683,6,0.0,0.0,0.0,43.4,True,True
ST015,684,6,0.0,0.0,0.0,39.7,True,True
ST015,685,6,0.0,0.0,0.0,50.4,True,False
ST015,686,6,0.0,0.0,0.0,46.4,True,True
ST015,687,6,0.0,0.0,0.0,36.2,True,True
ST015,688,6,0.0,0.0,0.0,44.7,True,True
ST015,689,6,0.0,0.0,0.0,48.9,True,True
ST015,690,6,0.0,0.0,0.0,52.0,True,False
ST015,691,6,0.0,0.0,0.0,43.5,True,True
ST015,692,6,0.0,0.0,0.0,41.0,True,True
ST015,693,6,0.0,0.0,0.0,38.9,True,True
ST015,694,6,0.0,0.0,0.0,41.0,True,True
ST015,695,6,0.0,0.0,0.0,39.4,True,True
ST015,696,6,0.0,0.0,0.0,52.7,True,False
ST015,697,6,0.0,0.0,0.0,52.6,True,False
ST015,698,6,0.0,0.0,0.0,47.0,True,True
ST015,699,6,0.0,0.0,0.0,48.0,True,True
ST015,700,6,0.0,0.0,0.0,46.2,True,True
ST015,701,6,0.0,0.0,0.0,49.3,True,True
ST015,702,6,0.0,0.0,0.0,56.3,True,False
ST015,703,6,0.0,0.0,0.0,50.1,True,False
ST015,704,6,0.0,0.0,0.0,45.4,True,True
ST015,705,6,0.0,0.0,0.0,45.9,True,True
ST015,706,6,0.0,0.0,0.0,45.4,True,True
ST015,707,6,0.0,0.0,0.0,50.1,True,False
ST015,708,6,0.0,0.0,0.0,51.2,True,False
ST015,709,6,0.0,0.0,0.0,51.8,True,False
ST015,710,6,0.0,0.0,0.0,47.2,True,True
ST015,711,6,0.0,0.0,0.0,47.1,True,True
ST015,712,6,0.0,0.0,0.0,51.6,True,False
ST015,713,6,0.0,0.0,0.0,50.3,True,False
ST015,714,6,0.0,0.0,0.0,43.8,True,True
ST015,715,6,0.0,0.0,0.0,48.0,True,True
ST015,716,6,0.0,0.0,0.0,42.4,True,True
ST015,717,6,0.0,0.0,0.0,42.0,True,True
ST015,718,6,0.0,0.0,0.0,50.4,True,False
ST015,719,6,0.0,0.0,0.0,48.1,True,True
ST015,720,6,0.0,0.0,0.0,52.6,True,False
ST015,721,6,0.0,0.0,0.0,50.3,True,False
ST015,722,6,0.0,0.0,0.0,39.0,True,True
ST015,723,6,0.0,0.0,0.0,37.5,True,True
ST015,724,6,0.0,0.0,0.0,46.2,True,True
ST015,725,6,0.0,0.0,0.0,55.2,True,False
ST015,726,6,0.0,0.0,0.0,42.2,True,True
ST015,727,6,0.0,0.0,0.0,47.1,True,True
ST015,728,6,0.0,0.0,0.0,46.6,True,True
ST015,729,6,0.0,0.0,0.0,34.4,True,True
ST015,730,6,0.0,0.0,0.0,40.9,True,True
ST015,731,6,0.0,0.0,0.0,50.3,True,False
ST015,732,6,0.0,0.0,0.0,39.9,True,True
ST015,733,6,0.0,0.0,0.0,52.6,True,False
ST015,734,6,0.0,0.0,0.0,42.4,True,True
ST015,735,6,0.0,0.0,0.0,48.8,True,True
ST015,736,6,0.0,0.0,0.0,48.1,True,True
ST015,737,6,0.0,0.0,0.0,37.1,True,True
ST015,738,6,0.0,0.0,0.0,38.7,True,True
ST015,739,6,0.0,0.0,0.0,49.9,True,True
ST015,740,6,0.0,0.0,0.0,42.0,True,True
ST015,741,6,0.0,0.0,0.0,45.9,True,True
ST015,742,6,0.0,0.0,0.0,53.3,True,False
ST015,743,6,0.0,0.0,0.0,56.4,True,False
ST015,744,6,0.0,0.0,0.0,45.7,True,True
ST015,745,6,0.0,0.0,0.0,45.6,True,True
ST015,746,6,0.0,0.0,0.0,57.7,True,False
ST015,747,6,0.0,0.0,0.0,56.6,True,False
ST015,748,6,0.0,0.0,0.0,46.5,True,True
ST015,749,6,0.0,0.0,0.0,50.2,True,False
ST015,750,6,0.0,0.0,0.0,45.2,True,True
ST015,751,6,0.0,0.0,0.0,45.9,True,True
ST015,752,6,0.0,0.0,0.0,50.7,True,False
ST015,753,6,0.0,0.0,0.0,49.8,True,True
ST015,754,6,0.0,0.0,0.0,45.8,True,True
ST015,755,6,0.0,0.0,0.0,48.9,True,True
ST015,756,6,0.0,0.0,0.0,49.2,True,True
ST015,757,6,0.0,0.0,0.0,52.5,True,False
ST015,758,6,0.0,0.0,0.0,44.6,True,True
ST015,759,6,0.0,0.0,0.0,52.7,True,False
ST015,760,6,0.0,0.0,0.0,53.7,True,False
ST015,761,6,0.0,0.0,0.0,51.3,True,False
ST015,762,6,0.0,0.0,0.0,45.1,True,True
ST015,763,6,0.0,0.0,0.0,37.3,True,True
ST015,764,6,0.0,0.0,0.0,49.7,True,True
ST015,765,6,0.0,0.0,0.0,43.5,True,True
ST015,766,6,0.0,0.0,0.0,53.3,True,False
ST015,767,6,0.0,0.0,0.0,47.1,True,True
ST015,768,6,0.0,0.0,0.0,44.5,True,True
ST015,769,6,0.0,0.0,0.0,51.0,True,False
ST015,770,6,0.0,0.0,0.0,48.9,True,True
ST015,771,6,0.0,0.0,0.0,51.2,True,False
ST015,772,6,0.0,0.0,0.0,38.2,True,True
ST015,773,6,0.0,0.0,0.0,41.1,True,True
ST015,774,6,0.0,0.0,0.0,50.5,True,False
ST015,775,6,0.0,0.0,0.0,50.4,True,False
ST015,776,6,0.0,0.0,0.0,48.8,True,True
ST015,777,6,0.0,0.0,0.0,51.6,True,False
ST015,778,6,0.0,0.0,0.0,42.9,True,True
ST015,779,6,0.0,0.0,0.0,43.7,True,True
ST015,780,6,0.0,0.0,0.0,43.5,True,True
ST015,781,6,0.0,0.0,0.0,41.7,True,True
ST015,782,6,0.0,0.0,0.0,49.7,True,True
ST015,783,6,0.0,0.0,0.0,46.0,True,True
ST015,784,6,0.0,0.0,0.0,48.6,True,True
ST015,785,6,0.0,0.0,0.0,45.9,True,True
ST015,786,6,0.0,0.0,0.0,43.1,True,True
ST015,787,6,0.0,0.0,0.0,45.3,True,True
ST015,788,6,0.0,0.0,0.0,44.5,True,True
ST015,789,6,0.0,0.0,0.0,51.2,True,False
ST015,790,6,0.0,0.0,0.0,51.8,True,False
ST015,791,6,0.0,0.0,0.0,50.7,True,False
ST015,792,6,0.0,0.0,0.0,39.2,True,True
ST015,793,6,0.0,0.0,0.0,43.9,True,True
ST015,794,6,0.0,0.0,0.0,43.8,True,True
ST015,795,6,0.0,0.0,0.0,46.9,True,True
ST015,796,6,0.0,0.0,0.0,46.6,True,True
ST015,797,6,0.0,0.0,0.0,48.8,True,True
ST015,798,6,0.0,0.0,0.0,60.0,True,False
ST015,799,6,0.0,0.0,0.0,44.0,True,True
ST015,800,6,0.0,0.0,0.0,47.4,True,True
ST015,801,6,0.0,0.0,0.0,45.2,True,True
ST015,802,6,0.0,0.0,0.0,42.2,True,True
ST015,803,6,0.0,0.0,0.0,46.5,True,True
ST015,804,6,0.0,0.0,0.0,42.3,True,True
ST015,805,6,0.0,0.0,0.0,48.4,True,True
ST015,806,6,0.0,0.0,0.0,50.7,True,False
ST015,807,6,0.0,0.0,0.0,40.2,True,True
ST015,808,6,0.0,0.0,0.0,40.3,True,True
ST015,809,6,0.0,0.0,0.0,44.0,True,True
ST015,810,6,0.0,0.0,0.0,50.5,True,False
ST015,811,6,0.0,0.0,0.0,45.3,True,True
ST015,812,6,0.0,0.0,0.0,50.1,True,False
ST015,813,6,0.0,0.0,0.0,47.5,True,True
ST015,814,6,0.0,0.0,0.0,50.1,True,False
ST015,815,6,0.0,0.0,0.0,51.9,True,False
ST015,816,6,0.0,0.0,0.0,42.6,True,True
ST015,817,6,0.0,0.0,0.0,48.9,True,True
ST015,818,6,0.0,0.0,0.0,41.7,True,True
ST015,819,6,0.0,0.0,0.0,58.9,True,False
ST015,820,6,0.0,0.0,0.0,50.7,True,False
ST015,821,6,0.0,0.0,0.0,41.7,True,True
ST015,822,6,0.0,0.0,0.0,57.0,True,False
ST015,823,6,0.0,0.0,0.0,42.6,True,True
ST015,824,6,0.0,0.0,0.0,49.6,True,True
ST015,825,6,0.0,0.0,0.0,46.2,True,True
ST015,826,6,0.0,0.0,0.0,47.1,True,True
ST015,827,6,0.0,0.0,0.0,37.3,True,True
ST015,828,6,0.0,0.0,0.0,52.3,True,False
ST015,829,6,0.0,0.0,0.0,52.4,True,False
ST015,830,6,0.0,0.0,0.0,46.8,True,True
ST015,831,6,0.0,0.0,0.0,48.1,True,True
ST015,832,6,0.0,0.0,0.0,46.9,True,True
ST015,833,6,0.0,0.0,0.0,50.4,True,False
ST015,834,6,0.0,0.0,0.0,41.6,True,True
ST015,835,6,0.0,0.0,0.0,49.1,True,True
ST015,836,6,0.0,0.0,0.0,36.7,True,True
ST015,837,6,0.0,0.0,0.0,49.9,True,True
ST015,838,6,0.0,0.0,0.0,47.2,True,True
ST015,839,6,0.0,0.0,0.0,48.6,True,True
ST015,840,6,0.0,0.0,0.0,38.0,True,True
ST015,841,6,0.0,0.0,0.0,51.6,True,False
ST015,842,6,0.0,0.0,0.0,46.2,True,True
ST015,843,6,0.0,0.0,0.0,45.7,True,True
ST015,844,6,0.0,0.0,0.0,47.0,True,True
ST015,845,6,0.0,0.0,0.0,44.7,True,True
ST015,846,6,0.0,0.0,0.0,47.8,True,True
ST015,847,6,0.0,0.0,0.0,42.0,True,True
ST015,848,6,0.0,0.0,0.0,41.4,True,True
ST015,849,6,0.0,0.0,0.0,43.4,True,True
ST015,850,6,0.0,0.0,0.0,43.7,True,True
ST015,851,6,0.0,0.0,0.0,56.7,True,False
ST015,852,6,0.0,0.0,0.0,47.8,True,True
ST015,853,6,0.0,0.0,0.0,53.1,True,False
ST015,854,6,0.0,0.0,0.0,48.6,True,True
ST015,855,6,0.0,0.0,0.0,42.5,True,True
ST015,856,6,0.0,0.0,0.0,48.3,True,True
ST015,857,6,0.0,0.0,0.0,51.9,True,False
ST015,858,6,0.0,0.0,0.0,49.7,True,True
ST015,859,6,0.0,0.0,0.0,44.2,True,True
ST015,860,6,0.0,0.0,0.0,49.9,True,True
ST015,861,6,0.0,0.0,0.0,48.9,True,True
ST015,862,6,0.0,0.0,0.0,46.9,True,True
ST015,863,6,0.0,0.0,0.0,41.6,True,True
ST015,864,6,0.0,0.0,0.0,42.0,True,True
ST015,865,6,0.0,0.0,0.0,41.0,True,True
ST015,866,6,0.0,0.0,0.0,53.5,True,False
ST015,867,6,0.0,0.0,0.0,42.3,True,True
ST015,868,6,0.0,0.0,0.0,40.2,True,True
ST015,869,6,0.0,0.0,0.0,46.3,True,True
ST015,870,6,0.0,0.0,0.0,58.3,True,False
ST015,871,6,0.0,0.0,0.0,44.0,True,True
ST015,872,6,0.0,0.0,0.0,38.2,True,True
ST015,873,6,0.0,0.0,0.0,43.9,True,True
ST015,874,6,0.0,0.0,0.0,38.8,True,True
ST015,875,6,0.0,0.0,0.0,43.5,True,True
ST015,876,6,0.0,0.0,0.0,49.1,True,True
ST015,877,6,0.0,0.0,0.0,46.8,True,True
ST015,878,6,0.0,0.0,0.0,50.1,True,False
ST015,879,6,0.0,0.0,0.0,38.2,True,True
ST015,880,6,0.0,0.0,0.0,51.7,True,False
ST015,881,6,0.0,0.0,0.0,50.9,True,False
ST015,882,6,0.0,0.0,0.0,48.8,True,True
ST015,883,6,0.0,0.0,0.0,47.9,True,True
ST015,884,6,0.0,0.0,0.0,42.4,True,True
ST015,885,6,0.0,0.0,0.0,48.5,True,True
ST015,886,6,0.0,0.0,0.0,49.3,True,True
ST015,887,6,0.0,0.0,0.0,46.0,True,True
ST015,888,6,0.0,0.0,0.0,46.1,True,True
ST015,889,6,0.0,0.0,0.0,47.2,True,True
ST015,890,6,0.0,0.0,0.0,43.3,True,True
ST015,891,6,0.0,0.0,0.0,48.4,True,True
ST015,892,6,0.0,0.0,0.0,45.9,True,True
ST015,893,6,0.0,0.0,0.0,50.1,True,False
ST015,894,6,0.0,0.0,0.0,42.8,True,True
ST015,895,6,0.0,0.0,0.0,43.8,True,True
ST015,896,6,0.0,0.0,0.0,44.8,True,True
ST015,897,6,0.0,0.0,0.0,41.1,True,True
ST015,898,6,0.0,0.0,0.0,41.4,True,True
ST015,899,6,0.0,0.0,0.0,45.5,True,True
ST015,900,6,0.0,0.0,0.0,43.4,True,True
ST015,901,6,0.0,0.0,0.0,43.9,True,True
ST015,902,6,0.0,0.0,0.0,43.8,True,True
ST015,903,6,0.0,0.0,0.0,52.9,True,False
ST015,904,6,0.0,0.0,0.0,45.7,True,True
ST015,905,6,0.0,0.0,0.0,48.6,True,True
ST015,906,6,0.0,0.0,0.0,55.1,True,False
ST015,907,6,0.0,0.0,0.0,48.6,True,True
ST015,908,6,0.0,0.0,0.0,48.6,True,True
ST015,909,6,0.0,0.0,0.0,40.4,True,True
ST015,910,6,0.0,0.0,0.0,43.5,True,True
ST015,911,6,0.0,0.0,0.0,50.9,True,False
ST015,912,6,0.0,0.0,0.0,47.0,True,True
ST015,913,6,0.0,0.0,0.0,45.5,True,True
ST015,914,6,0.0,0.0,0.0,52.1,True,False
ST015,915,6,0.0,0.0,0.0,46.4,True,True
ST015,916,6,0.0,0.0,0.0,45.4,True,True
ST015,917,6,0.0,0.0,0.0,38.1,True,True
ST015,918,6,0.0,0.0,0.0,36.4,True,True
ST015,919,6,0.0,0.0,0.0,43.1,True,True
ST015,920,6,0.0,0.0,0.0,44.2,True,True
ST015,921,6,0.0,0.0,0.0,46.6,True,True
ST015,922,6,0.0,0.0,0.0,49.8,True,True
ST015,923,6,0.0,0.0,0.0,40.0,True,True
ST015,924,6,0.0,0.0,0.0,46.7,True,True
ST015,925,6,0.0,0.0,0.0,40.2,True,True
ST015,926,6,0.0,0.0,0.0,53.1,True,False
ST015,927,6,0.0,0.0,0.0,41.0,True,True
ST015,928,6,0.0,0.0,0.0,43.1,True,True
ST015,929,6,0.0,0.0,0.0,55.5,True,False
ST015,930,6,0.0,0.0,0.0,55.7,True,False
ST015,931,6,0.0,0.0,0.0,42.5,True,True
ST015,932,6,0.0,0.0,0.0,40.6,True,True
ST015,933,6,0.0,0.0,0.0,49.3,True,True
ST015,934,6,0.0,0.0,0.0,53.3,True,False
ST015,935,6,0.0,0.0,0.0,52.6,True,False
ST015,936,6,0.0,0.0,0.0,48.7,True,True
ST015,937,6,0.0,0.0,0.0,48.1,True,True
ST015,938,6,0.0,0.0,0.0,54.4,True,False
ST015,939,6,0.0,0.0,0.0,52.6,True,False
ST015,940,6,0.0,0.0,0.0,40.3,True,True
ST015,941,6,0.0,0.0,0.0,45.0,True,True
ST015,942,6,0.0,0.0,0.0,50.2,True,False
ST015,943,6,0.0,0.0,0.0,55.1,True,False
ST015,944,6,0.0,0.0,0.0,42.9,True,True
ST015,945,6,0.0,0.0,0.0,58.6,True,False
ST015,946,6,0.0,0.0,0.0,52.4,True,False
ST015,947,6,0.0,0.0,0.0,44.4,True,True
ST015,948,6,0.0,0.0,0.0,46.1,True,True
ST015,949,6,0.0,0.0,0.0,49.7,True,True
ST015,950,6,0.0,0.0,0.0,46.2,True,True
ST015,951,6,0.0,0.0,0.0,42.9,True,True
ST015,952,6,0.0,0.0,0.0,47.7,True,True
ST015,953,6,0.0,0.0,0.0,52.9,True,False
ST015,954,6,0.0,0.0,0.0,49.2,True,True
ST015,955,6,0.0,0.0,0.0,45.0,True,True
ST015,956,6,0.0,0.0,0.0,35.8,True,True
ST015,957,6,0.0,0.0,0.0,44.5,True,True
ST015,958,6,0.0,0.0,0.0,50.0,True,False
ST015,959,6,0.0,0.0,0.0,41.9,True,True
ST015,960,6,0.0,0.0,0.0,55.2,True,False
ST015,961,6,0.0,0.0,0.0,42.9,True,True
ST015,962,6,0.0,0.0,0.0,40.7,True,True
ST015,963,6,0.0,0.0,0.0,53.4,True,False
ST015,964,6,0.0,0.0,0.0,55.5,True,False
ST015,965,6,0.0,0.0,0.0,40.3,True,True
ST015,966,6,0.0,0.0,0.0,43.1,True,True
ST015,967,6,0.0,0.0,0.0,58.3,True,False
ST015,968,6,0.0,0.0,0.0,40.0,True,True
ST015,969,6,0.0,0.0,0.0,42.5,True,True
ST015,970,6,0.0,0.0,0.0,41.3,True,True
ST015,971,6,0.0,0.0,0.0,43.0,True,True
ST015,972,6,0.0,0.0,0.0,55.3,True,False
ST015,973,6,0.0,0.0,0.0,37.7,True,True
ST015,974,6,0.0,0.0,0.0,50.9,True,False
ST015,975,6,0.0,0.0,0.0,53.5,True,False
ST015,976,6,0.0,0.0,0.0,51.4,True,False
ST015,977,6,0.0,0.0,0.0,41.4,True,True
ST015,978,6,0.0,0.0,0.0,49.5,True,True
ST015,979,6,0.0,0.0,0.0,56.7,True,False
ST015,980,6,0.0,0.0,0.0,40.9,True,True
ST015,981,6,0.0,0.0,0.0,44.8,True,True
ST015,982,6,0.0,0.0,0.0,45.4,True,True
ST015,983,6,0.0,0.0,0.0,41.5,True,True
ST015,984,6,0.0,0.0,0.0,47.2,True,True
ST015,985,6,0.0,0.0,0.0,46.6,True,True
ST015,986,6,0.0,0.0,0.0,41.4,True,True
ST015,987,6,0.0,0.0,0.0,37.4,True,True
ST015,988,6,0.0,0.0,0.0,51.6,True,False
ST015,989,6,0.0,0.0,0.0,43.5,True,True
ST015,990,6,0.0,0.0,0.0,44.4,True,True
ST015,991,6,0.0,0.0,0.0,43.7,True,True
ST015,992,6,0.0,0.0,0.0,43.0,True,True
ST015,993,6,0.0,0.0,0.0,53.5,True,False
ST015,994,6,0.0,0.0,0.0,45.9,True,True
ST015,995,6,0.0,0.0,0.0,42.9,True,True
ST015,996,6,0.0,0.0,0.0,53.4,True,False
ST015,997,6,0.0,0.0,0.0,45.4,True,True
ST015,998,6,0.0,0.0,0.0,43.1,True,True
ST015,999,6,0.0,0.0,0.0,35.4,True,True
ST015,1000,6,0.0,0.0,0.0,58.6,True,False
ST016,1,6,0.0,0.0,0.0,47.2,True,True
ST016,2,6,0.0,0.0,0.0,47.8,True,True
ST016,3,6,0.0,0.0,0.0,43.8,True,True
ST016,4,6,0.0,0.0,0.0,50.3,True,False
ST016,5,6,0.0,0.0,0.0,47.9,True,True
ST016,6,6,0.0,0.0,0.0,55.2,True,False
ST016,7,6,0.0,0.0,0.0,49.9,True,True
ST016,8,6,0.0,0.0,0.0,48.3,True,True
ST016,9,6,0.0,0.0,0.0,54.5,True,False
ST016,10,6,0.0,0.0,0.0,55.6,True,False
ST016,11,6,0.0,0.0,0.0,53.4,True,False
ST016,12,6,0.0,0.0,0.0,46.7,True,True
ST016,13,6,0.0,0.0,0.0,52.4,True,False
ST016,14,6,0.0,0.0,0.0,54.8,True,False
ST016,15,6,0.0,0.0,0.0,57.0,True,False
ST016,16,6,0.0,0.0,0.0,58.2,True,False
ST016,17,6,0.0,0.0,0.0,48.3,True,True
ST016,18,6,0.0,0.0,0.0,49.3,True,True
ST016,19,6,0.0,0.0,0.0,57.9,True,False
ST016,20,6,0.0,0.0,0.0,52.2,True,False
ST016,21,6,0.0,0.0,0.0,48.7,True,True
ST016,22,6,0.0,0.0,0.0,50.2,True,False
ST016,23,6,0.0,0.0,0.0,44.8,True,True
ST016,24,6,0.0,0.0,0.0,54.6,True,False
ST016,25,6,0.0,0.0,0.0,57.6,True,False
ST016,26,6,0.0,0.0,0.0,54.2,True,False
ST016,27,6,0.0,0.0,0.0,56.0,True,False
ST016,28,6,0.0,0.0,0.0,44.0,True,True
ST016,29,6,0.0,0.0,0.0,52.9,True,False
ST016,30,6,0.0,0.0,0.0,49.6,True,True
ST016,31,6,0.0,0.0,0.0,50.0,True,False
ST016,32,6,0.0,0.0,0.0,47.1,True,True
ST016,33,6,0.0,0.0,0.0,49.5,True,True
ST016,34,6,0.0,0.0,0.0,52.0,True,False
ST016,35,6,0.0,0.0,0.0,54.7,True,False
ST016,36,6,0.0,0.0,0.0,50.6,True,False
ST016,37,6,0.0,0.0,0.0,53.5,True,False
ST016,38,6,0.0,0.0,0.0,51.1,True,False
ST016,39,6,0.0,0.0,0.0,45.1,True,True
ST016,40,6,0.0,0.0,0.0,52.1,True,False
ST016,41,6,0.0,0.0,0.0,45.0,True,True
ST016,42,6,0.0,0.0,0.0,50.7,True,False
ST016,43,6,0.0,0.0,0.0,51.0,True,False
ST016,44,6,0.0,0.0,0.0,53.4,True,False
ST016,45,6,0.0,0.0,0.0,48.1,True,True
ST016,46,6,0.0,0.0,0.0,52.5,True,False
ST016,47,6,0.0,0.0,0.0,47.4,True,True
ST016,48,6,0.0,0.0,0.0,49.2,True,True
ST016,49,6,0.0,0.0,0.0,56.5,True,False
ST016,50,6,0.0,0.0,0.0,54.4,True,False
ST016,51,6,0.0,0.0,0.0,61.1,True,False
ST016,52,6,0.0,0.0,0.0,49.4,True,True
ST016,53,6,0.0,0.0,0.0,57.8,True,False
ST016,54,6,0.0,0.0,0.0,46.2,True,True
ST016,55,6,0.0,0.0,0.0,47.6,True,True
ST016,56,6,0.0,0.0,0.0,44.3,True,True
ST016,57,6,0.0,0.0,0.0,59.7,True,False
ST016,58,6,0.0,0.0,0.0,58.2,True,False
ST016,59,6,0.0,0.0,0.0,51.3,True,False
ST016,60,6,0.0,0.0,0.0,57.3,True,False
ST016,61,6,0.0,0.0,0.0,54.9,True,False
ST016,62,6,0.0,0.0,0.0,44.5,True,True
ST016,63,6,0.0,0.0,0.0,57.1,True,False
ST016,64,6,0.0,0.0,0.0,57.0,True,False
ST016,65,6,0.0,0.0,0.0,52.1,True,False
ST016,66,6,0.0,0.0,0.0,52.1,True,False
ST016,67,6,0.0,0.0,0.0,53.9,True,False
ST016,68,6,0.0,0.0,0.0,54.8,True,False
ST016,69,6,0.0,0.0,0.0,54.4,True,False
ST016,70,6,0.0,0.0,0.0,54.5,True,False
ST016,71,6,0.0,0.0,0.0,52.8,True,False
ST016,72,6,0.0,0.0,0.0,49.5,True,True
ST016,73,6,0.0,0.0,0.0,48.1,True,True
ST016,74,6,0.0,0.0,0.0,54.5,True,False
ST016,75,6,0.0,0.0,0.0,53.7,True,False
ST016,76,6,0.0,0.0,0.0,55.2,True,False
ST016,77,6,0.0,0.0,0.0,56.5,True,False
ST016,78,6,0.0,0.0,0.0,60.9,True,False
ST016,79,6,0.0,0.0,0.0,54.8,True,False
ST016,80,6,0.0,0.0,0.0,53.7,True,False
ST016,81,6,0.0,0.0,0.0,50.5,True,False
ST016,82,6,0.0,0.0,0.0,54.3,True,False
ST016,83,6,0.0,0.0,0.0,42.2,True,True
ST016,84,6,0.0,0.0,0.0,52.6,True,False
ST016,85,6,0.0,0.0,0.0,49.5,True,True
ST016,86,6,0.0,0.0,0.0,54.8,True,False
ST016,87,6,0.0,0.0,0.0,51.1,True,False
ST016,88,6,0.0,0.0,0.0,52.8,True,False
ST016,89,6,0.0,0.0,0.0,60.8,True,False
ST016,90,6,0.0,0.0,0.0,53.5,True,False
ST016,91,6,0.0,0.0,0.0,47.5,True,True
ST016,92,6,0.0,0.0,0.0,49.8,True,True
ST016,93,6,0.0,0.0,0.0,41.1,True,True
ST016,94,6,0.0,0.0,0.0,47.6,True,True
ST016,95,6,0.0,0.0,0.0,58.3,True,False
ST016,96,6,0.0,0.0,0.0,54.6,True,False
ST016,97,6,0.0,0.0,0.0,54.9,True,False
ST016,98,6,0.0,0.0,0.0,47.4,True,True
ST016,99,6,0.0,0.0,0.0,44.8,True,True
ST016,100,6,0.0,0.0,0.0,54.1,True,False
ST016,101,6,0.0,0.0,0.0,54.7,True,False
ST016,102,6,0.0,0.0,0.0,55.6,True,False
ST016,103,6,0.0,0.0,0.0,47.4,True,True
ST016,104,6,0.0,0.0,0.0,49.8,True,True
ST016,105,6,0.0,0.0,0.0,53.2,True,False
ST016,106,6,0.0,0.0,0.0,56.9,True,False
ST016,107,6,0.0,0.0,0.0,51.8,True,False
ST016,108,6,0.0,0.0,0.0,51.5,True,False
ST016,109,6,0.0,0.0,0.0,58.4,True,False
ST016,110,6,0.0,0.0,0.0,59.8,True,False
ST016,111,6,0.0,0.0,0.0,57.2,True,False
ST016,112,6,0.0,0.0,0.0,53.7,True,False
ST016,113,6,0.0,0.0,0.0,51.6,True,False
ST016,114,6,0.0,0.0,0.0,53.9,True,False
ST016,115,6,0.0,0.0,0.0,52.0,True,False
ST016,116,6,0.0,0.0,0.0,48.8,True,True
ST016,117,6,0.0,0.0,0.0,54.9,True,False
ST016,118,6,0.0,0.0,0.0,48.2,True,True
ST016,119,6,0.0,0.0,0.0,55.1,True,False
ST016,120,6,0.0,0.0,0.0,43.8,True,True
ST016,121,6,0.0,0.0,0.0,51.9,True,False
ST016,122,6,0.0,0.0,0.0,56.1,True,False
ST016,123,6,0.0,0.0,0.0,52.9,True,False
ST016,124,6,0.0,0.0,0.0,56.5,True,False
ST016,125,6,0.0,0.0,0.0,57.9,True,False
ST016,126,6,0.0,0.0,0.0,49.0,True,True
ST016,127,6,0.0,0.0,0.0,51.7,True,False
ST016,128,6,0.0,0.0,0.0,53.0,True,False
ST016,129,6,0.0,0.0,0.0,54.7,True,False
ST016,130,6,0.0,0.0,0.0,58.8,True,False
ST016,131,6,0.0,0.0,0.0,54.3,True,False
ST016,132,6,0.0,0.0,0.0,52.1,True,False
ST016,133,6,0.0,0.0,0.0,51.6,True,False
ST016,134,6,0.0,0.0,0.0,57.2,True,False
ST016,135,6,0.0,0.0,0.0,47.4,True,True
ST016,136,6,0.0,0.0,0.0,48.5,True,True
ST016,137,6,0.0,0.0,0.0,53.6,True,False
ST016,138,6,0.0,0.0,0.0,50.4,True,False
ST016,139,6,0.0,0.0,0.0,55.4,True,False
ST016,140,6,0.0,0.0,0.0,47.7,True,True
ST016,141,6,0.0,0.0,0.0,49.4,True,True
ST016,142,6,0.0,0.0,0.0,50.1,True,False
ST016,143,6,0.0,0.0,0.0,58.3,True,False
ST016,144,6,0.0,0.0,0.0,49.5,True,True
ST016,145,6,0.0,0.0,0.0,57.7,True,False
ST016,146,6,0.0,0.0,0.0,43.8,True,True
ST016,147,6,0.0,0.0,0.0,47.5,True,True
ST016,148,6,0.0,0.0,0.0,57.9,True,False
ST016,149,6,0.0,0.0,0.0,50.1,True,False
ST016,150,6,0.0,0.0,0.0,55.2,True,False
ST016,151,6,0.0,0.0,0.0,54.6,True,False
ST016,152,6,0.0,0.0,0.0,56.5,True,False
ST016,153,6,0.0,0.0,0.0,53.2,True,False
ST016,154,6,0.0,0.0,0.0,47.2,True,True
ST016,155,6,0.0,0.0,0.0,55.8,True,False
ST016,156,6,0.0,0.0,0.0,55.8,True,False
ST016,157,6,0.0,0.0,0.0,48.6,True,True
ST016,158,6,0.0,0.0,0.0,46.1,True,True
ST016,159,6,0.0,0.0,0.0,55.2,True,False
ST016,160,6,0.0,0.0,0.0,56.7,True,False
ST016,161,6,0.0,0.0,0.0,57.7,True,False
ST016,162,6,0.0,0.0,0.0,45.4,True,True
ST016,163,6,0.0,0.0,0.0,57.2,True,False
ST016,164,6,0.0,0.0,0.0,54.1,True,False
ST016,165,6,0.0,0.0,0.0,52.9,True,False
ST016,166,6,0.0,0.0,0.0,56.9,True,False
ST016,167,6,0.0,0.0,0.0,48.7,True,True
ST016,168,6,0.0,0.0,0.0,51.0,True,False
ST016,169,6,0.0,0.0,0.0,62.8,True,False
ST016,170,6,0.0,0.0,0.0,51.7,True,False
ST016,171,6,0.0,0.0,0.0,61.5,True,False
ST016,172,6,0.0,0.0,0.0,56.0,True,False
ST016,173,6,0.0,0.0,0.0,53.0,True,False
ST016,174,6,0.0,0.0,0.0,56.7,True,False
ST016,175,6,0.0,0.0,0.0,57.5,True,False
ST016,176,6,0.0,0.0,0.0,46.4,True,True
ST016,177,6,0.0,0.0,0.0,48.2,True,True
ST016,178,6,0.0,0.0,0.0,59.0,True,False
ST016,179,6,0.0,0.0,0.0,54.6,True,False
ST016,180,6,0.0,0.0,0.0,44.7,True,True
ST016,181,6,0.0,0.0,0.0,53.2,True,False
ST016,182,6,0.0,0.0,0.0,50.8,True,False
ST016,183,6,0.0,0.0,0.0,47.9,True,True
ST016,184,6,0.0,0.0,0.0,54.7,True,False
ST016,185,6,0.0,0.0,0.0,50.0,True,False
ST016,186,6,0.0,0.0,0.0,55.5,True,False
ST016,187,6,0.0,0.0,0.0,51.9,True,False
ST016,188,6,0.0,0.0,0.0,42.7,True,True
ST016,189,6,0.0,0.0,0.0,53.9,True,False
ST016,190,6,0.0,0.0,0.0,56.8,True,False
ST016,191,6,0.0,0.0,0.0,59.7,True,False
ST016,192,6,0.0,0.0,0.0,55.1,True,False
ST016,193,6,0.0,0.0,0.0,54.4,True,False
ST016,194,6,0.0,0.0,0.0,55.2,True,False
ST016,195,6,0.0,0.0,0.0,47.6,True,True
ST016,196,6,0.0,0.0,0.0,51.9,True,False
ST016,197,6,0.0,0.0,0.0,53.1,True,False
ST016,198,6,0.0,0.0,0.0,50.9,True,False
ST016,199,6,0.0,0.0,0.0,53.1,True,False
ST016,200,6,0.0,0.0,0.0,52.9,True,False
ST016,201,6,0.0,0.0,0.0,53.4,True,False
ST016,202,6,0.0,0.0,0.0,48.3,True,True
ST016,203,6,0.0,0.0,0.0,51.0,True,False
ST016,204,6,0.0,0.0,0.0,47.0,True,True
ST016,205,6,0.0,0.0,0.0,50.3,True,False
ST016,206,6,0.0,0.0,0.0,55.0,True,False
ST016,207,6,0.0,0.0,0.0,50.7,True,False
ST016,208,6,0.0,0.0,0.0,52.9,True,False
ST016,209,6,0.0,0.0,0.0,52.8,True,False
ST016,210,6,0.0,0.0,0.0,55.8,True,False
ST016,211,6,0.0,0.0,0.0,61.1,True,False
ST016,212,6,0.0,0.0,0.0,58.4,True,False
ST016,213,6,0.0,0.0,0.0,49.9,True,True
ST016,214,6,0.0,0.0,0.0,53.2,True,False
ST016,215,6,0.0,0.0,0.0,51.3,True,False
ST016,216,6,0.0,0.0,0.0,46.9,True,True
ST016,217,6,0.0,0.0,0.0,58.7,True,False
ST016,218,6,0.0,0.0,0.0,48.7,True,True
ST016,219,6,0.0,0.0,0.0,52.1,True,False
ST016,220,6,0.0,0.0,0.0,54.2,True,False
ST016,221,6,0.0,0.0,0.0,53.9,True,False
ST016,222,6,0.0,0.0,0.0,58.2,True,False
ST016,223,6,0.0,0.0,0.0,49.3,True,True
ST016,224,6,0.0,0.0,0.0,59.3,True,False
ST016,225,6,0.0,0.0,0.0,47.2,True,True
ST016,226,6,0.0,0.0,0.0,49.8,True,True
ST016,227,6,0.0,0.0,0.0,46.2,True,True
ST016,228,6,0.0,0.0,0.0,52.5,True,False
ST016,229,6,0.0,0.0,0.0,53.7,True,False
ST016,230,6,0.0,0.0,0.0,51.9,True,False
ST016,231,6,0.0,0.0,0.0,55.3,True,False
ST016,232,6,0.0,0.0,0.0,48.0,True,True
ST016,233,6,0.0,0.0,0.0,51.8,True,False
ST016,234,6,0.0,0.0,0.0,49.1,True,True
ST016,235,6,0.0,0.0,0.0,60.4,True,False
ST016,236,6,0.0,0.0,0.0,49.4,True,True
ST016,237,6,0.0,0.0,0.0,46.2,True,True
ST016,238,6,0.0,0.0,0.0,59.4,True,False
ST016,239,6,0.0,0.0,0.0,46.0,True,True
ST016,240,6,0.0,0.0,0.0,55.5,True,False
ST016,241,6,0.0,0.0,0.0,59.4,True,False
ST016,242,6,0.0,0.0,0.0,52.1,True,False
ST016,243,6,0.0,0.0,0.0,52.6,True,False
ST016,244,6,0.0,0.0,0.0,53.2,True,False
ST016,245,6,0.0,0.0,0.0,47.6,True,True
ST016,246,6,0.0,0.0,0.0,51.5,True,False
ST016,247,6,0.0,0.0,0.0,51.7,True,False
ST016,248,6,0.0,0.0,0.0,58.2,True,False
ST016,249,6,0.0,0.0,0.0,51.6,True,False
ST016,250,6,0.0,0.0,0.0,53.8,True,False
ST016,251,6,0.0,0.0,0.0,50.2,True,False
ST016,252,6,0.0,0.0,0.0,45.7,True,True
ST016,253,6,0.0,0.0,0.0,54.5,True,False
ST016,254,6,0.0,0.0,0.0,52.1,True,False
ST016,255,6,0.0,0.0,0.0,62.1,True,False
ST016,256,6,0.0,0.0,0.0,45.7,True,True
ST016,257,6,0.0,0.0,0.0,56.9,True,False
ST016,258,6,0.0,0.0,0.0,57.2,True,False
ST016,259,6,0.0,0.0,0.0,46.7,True,True
ST016,260,6,0.0,0.0,0.0,45.5,True,True
ST016,261,6,0.0,0.0,0.0,41.6,True,True
ST016,262,6,0.0,0.0,0.0,46.2,True,True
ST016,263,6,0.0,0.0,0.0,49.5,True,True
ST016,264,6,0.0,0.0,0.0,59.3,True,False
ST016,265,6,0.0,0.0,0.0,45.0,True,True
ST016,266,6,0.0,0.0,0.0,56.1,True,False
ST016,267,6,0.0,0.0,0.0,51.7,True,False
ST016,268,6,0.0,0.0,0.0,52.5,True,False
ST016,269,6,0.0,0.0,0.0,45.0,True,True
ST016,270,6,0.0,0.0,0.0,50.4,True,False
ST016,271,6,0.0,0.0,0.0,60.4,True,False
ST016,272,6,0.0,0.0,0.0,47.2,True,True
ST016,273,6,0.0,0.0,0.0,53.9,True,False
ST016,274,6,0.0,0.0,0.0,55.8,True,False
ST016,275,6,0.0,0.0,0.0,50.7,True,False
ST016,276,6,0.0,0.0,0.0,49.4,True,True
ST016,277,6,0.0,0.0,0.0,55.2,True,False
ST016,278,6,0.0,0.0,0.0,52.8,True,False
ST016,279,6,0.0,0.0,0.0,47.2,True,True
ST016,280,6,0.0,0.0,0.0,61.1,True,False
ST016,281,6,0.0,0.0,0.0,47.7,True,True
ST016,282,6,0.0,0.0,0.0,53.1,True,False
ST016,283,6,0.0,0.0,0.0,50.0,True,False
ST016,284,6,0.0,0.0,0.0,54.2,True,False
ST016,285,6,0.0,0.0,0.0,50.8,True,False
ST016,286,6,0.0,0.0,0.0,47.2,True,True
ST016,287,6,0.0,0.0,0.0,53.5,True,False
ST016,288,6,0.0,0.0,0.0,55.1,True,False
ST016,289,6,0.0,0.0,0.0,46.4,True,True
ST016,290,6,0.0,0.0,0.0,55.1,True,False
ST016,291,6,0.0,0.0,0.0,53.9,True,False
ST016,292,6,0.0,0.0,0.0,52.8,True,False
ST016,293,6,0.0,0.0,0.0,60.2,True,False
ST016,294,6,0.0,0.0,0.0,47.7,True,True
ST016,295,6,0.0,0.0,0.0,55.4,True,False
ST016,296,6,0.0,0.0,0.0,54.0,True,False
ST016,297,6,0.0,0.0,0.0,51.5,True,False
ST016,298,6,0.0,0.0,0.0,57.8,True,False
ST016,299,6,0.0,0.0,0.0,53.6,True,False
ST016,300,6,0.0,0.0,0.0,58.0,True,False
ST016,301,6,0.0,0.0,0.0,51.2,True,False
ST016,302,6,0.0,0.0,0.0,58.6,True,False
ST016,303,6,0.0,0.0,0.0,54.5,True,False
ST016,304,6,0.0,0.0,0.0,48.6,True,True
ST016,305,6,0.0,0.0,0.0,51.6,True,False
ST016,306,6,0.0,0.0,0.0,44.6,True,True
ST016,307,6,0.0,0.0,0.0,41.7,True,True
ST016,308,6,0.0,0.0,0.0,45.6,True,True
ST016,309,6,0.0,0.0,0.0,55.2,True,False
ST016,310,6,0.0,0.0,0.0,57.1,True,False
ST016,311,6,0.0,0.0,0.0,53.5,True,False
ST016,312,6,0.0,0.0,0.0,55.3,True,False
ST016,313,6,0.0,0.0,0.0,55.5,True,False
ST016,314,6,0.0,0.0,0.0,47.2,True,True
ST016,315,6,0.0,0.0,0.0,53.3,True,False
ST016,316,6,0.0,0.0,0.0,46.5,True,True
ST016,317,6,0.0,0.0,0.0,48.0,True,True
ST016,318,6,0.0,0.0,0.0,52.7,True,False
ST016,319,6,0.0,0.0,0.0,48.4,True,True
ST016,320,6,0.0,0.0,0.0,44.0,True,True
ST016,321,6,0.0,0.0,0.0,52.8,True,False
ST016,322,6,0.0,0.0,0.0,55.2,True,False
ST016,323,6,0.0,0.0,0.0,50.4,True,False
ST016,324,6,0.0,0.0,0.0,55.1,True,False
ST016,325,6,0.0,0.0,0.0,47.4,True,True
ST016,326,6,0.0,0.0,0.0,45.9,True,True
ST016,327,6,0.0,0.0,0.0,46.1,True,True
ST016,328,6,0.0,0.0,0.0,52.5,True,False
ST016,329,6,0.0,0.0,0.0,50.3,True,False
ST016,330,6,0.0,0.0,0.0,53.0,True,False
ST016,331,6,0.0,0.0,0.0,56.4,True,False
ST016,332,6,0.0,0.0,0.0,47.5,True,True
ST016,333,6,0.0,0.0,0.0,47.6,True,True
ST016,334,6,0.0,0.0,0.0,54.6,True,False
ST016,335,6,0.0,0.0,0.0,45.3,True,True
ST016,336,6,0.0,0.0,0.0,54.1,True,False
ST016,337,6,0.0,0.0,0.0,56.5,True,False
ST016,338,6,0.0,0.0,0.0,53.8,True,False
ST016,339,6,0.0,0.0,0.0,62.3,True,False
ST016,340,6,0.0,0.0,0.0,45.3,True,True
ST016,341,6,0.0,0.0,0.0,52.3,True,False
ST016,342,6,0.0,0.0,0.0,48.3,True,True
ST016,343,6,0.0,0.0,0.0,51.7,True,False
ST016,344,6,0.0,0.0,0.0,45.0,True,True
ST016,345,6,0.0,0.0,0.0,51.8,True,False
ST016,346,6,0.0,0.0,0.0,53.5,True,False
ST016,347,6,0.0,0.0,0.0,51.1,True,False
ST016,348,6,0.0,0.0,0.0,45.1,True,True
ST016,349,6,0.0,0.0,0.0,50.1,True,False
ST016,350,6,0.0,0.0,0.0,51.1,True,False
ST016,351,6,0.0,0.0,0.0,49.1,True,True
ST016,352,6,0.0,0.0,0.0,59.0,True,False
ST016,353,6,0.0,0.0,0.0,51.8,True,False
ST016,354,6,0.0,0.0,0.0,48.1,True,True
ST016,355,6,0.0,0.0,0.0,48.9,True,True
ST016,356,6,0.0,0.0,0.0,59.0,True,False
ST016,357,6,0.0,0.0,0.0,57.4,True,False
ST016,358,6,0.0,0.0,0.0,52.2,True,False
ST016,359,6,0.0,0.0,0.0,53.3,True,False
ST016,360,6,0.0,0.0,0.0,51.3,True,False
ST016,361,6,0.0,0.0,0.0,59.4,True,False
ST016,362,6,0.0,0.0,0.0,49.3,True,True
ST016,363,6,0.0,0.0,0.0,47.2,True,True
ST016,364,6,0.0,0.0,0.0,57.1,True,False
ST016,365,6,0.0,0.0,0.0,58.2,True,False
ST016,366,6,0.0,0.0,0.0,50.0,True,False
ST016,367,6,0.0,0.0,0.0,56.2,True,False
ST016,368,6,0.0,0.0,0.0,41.1,True,True
ST016,369,6,0.0,0.0,0.0,46.9,True,True
ST016,370,6,0.0,0.0,0.0,51.6,True,False
ST016,371,6,0.0,0.0,0.0,47.4,True,True
ST016,372,6,0.0,0.0,0.0,57.4,True,False
ST016,373,6,0.0,0.0,0.0,46.8,True,True
ST016,374,6,0.0,0.0,0.0,59.1,True,False
ST016,375,6,0.0,0.0,0.0,57.1,True,False
ST016,376,6,0.0,0.0,0.0,46.9,True,True
ST016,377,6,0.0,0.0,0.0,50.5,True,False
ST016,378,6,0.0,0.0,0.0,51.5,True,False
ST016,379,6,0.0,0.0,0.0,50.0,True,False
ST016,380,6,0.0,0.0,0.0,51.6,True,False
ST016,381,6,0.0,0.0,0.0,49.5,True,True
ST016,382,6,0.0,0.0,0.0,48.8,True,True
ST016,383,6,0.0,0.0,0.0,54.5,True,False
ST016,384,6,0.0,0.0,0.0,60.3,True,False
ST016,385,6,0.0,0.0,0.0,44.4,True,True
ST016,386,6,0.0,0.0,0.0,54.5,True,False
ST016,387,6,0.0,0.0,0.0,54.7,True,False
ST016,388,6,0.0,0.0,0.0,51.2,True,False
ST016,389,6,0.0,0.0,0.0,60.8,True,False
ST016,390,6,0.0,0.0,0.0,57.6,True,False
ST016,391,6,0.0,0.0,0.0,59.1,True,False
ST016,392,6,0.0,0.0,0.0,57.0,True,False
ST016,393,6,0.0,0.0,0.0,52.5,True,False
ST016,394,6,0.0,0.0,0.0,55.2,True,False
ST016,395,6,0.0,0.0,0.0,49.8,True,True
ST016,396,6,0.0,0.0,0.0,52.9,True,False
ST016,397,6,0.0,0.0,0.0,52.5,True,False
ST016,398,6,0.0,0.0,0.0,52.8,True,False
ST016,399,6,0.0,0.0,0.0,56.3,True,False
ST016,400,6,0.0,0.0,0.0,50.0,True,False
ST016,401,6,0.0,0.0,0.0,59.9,True,False
ST016,402,6,0.0,0.0,0.0,55.8,True,False
ST016,403,6,0.0,0.0,0.0,54.2,True,False
ST016,404,6,0.0,0.0,0.0,52.9,True,False
ST016,405,6,0.0,0.0,0.0,57.8,True,False
ST016,406,6,0.0,0.0,0.0,58.3,True,False
ST016,407,6,0.0,0.0,0.0,55.9,True,False
ST016,408,6,0.0,0.0,0.0,53.1,True,False
ST016,409,6,0.0,0.0,0.0,59.0,True,False
ST016,410,6,0.0,0.0,0.0,53.6,True,False
ST016,411,6,0.0,0.0,0.0,61.5,True,False
ST016,412,6,0.0,0.0,0.0,52.8,True,False
ST016,413,6,0.0,0.0,0.0,51.5,True,False
ST016,414,6,0.0,0.0,0.0,51.5,True,False
ST016,415,6,0.0,0.0,0.0,52.5,True,False
ST016,416,6,0.0,0.0,0.0,50.6,True,False
ST016,417,6,0.0,0.0,0.0,45.6,True,True
ST016,418,6,0.0,0.0,0.0,49.6,True,True
ST016,419,6,0.0,0.0,0.0,57.3,True,False
ST016,420,6,0.0,0.0,0.0,58.2,True,False
ST016,421,6,0.0,0.0,0.0,56.8,True,False
ST016,422,6,0.0,0.0,0.0,57.0,True,False
ST016,423,6,0.0,0.0,0.0,53.5,True,False
ST016,424,6,0.0,0.0,0.0,62.8,True,False
ST016,425,6,0.0,0.0,0.0,60.0,True,False
ST016,426,6,0.0,0.0,0.0,56.6,True,False
ST016,427,6,0.0,0.0,0.0,48.9,True,True
ST016,428,6,0.0,0.0,0.0,52.1,True,False
ST016,429,6,0.0,0.0,0.0,51.3,True,False
ST016,430,6,0.0,0.0,0.0,58.0,True,False
ST016,431,6,0.0,0.0,0.0,53.8,True,False
ST016,432,6,0.0,0.0,0.0,50.4,True,False
ST016,433,6,0.0,0.0,0.0,48.9,True,True
ST016,434,6,0.0,0.0,0.0,48.0,True,True
ST016,435,6,0.0,0.0,0.0,49.6,True,True
ST016,436,6,0.0,0.0,0.0,55.3,True,False
ST016,437,6,0.0,0.0,0.0,55.7,True,False
ST016,438,6,0.0,0.0,0.0,49.3,True,True
ST016,439,6,0.0,0.0,0.0,48.4,True,True
ST016,440,6,0.0,0.0,0.0,48.2,True,True
ST016,441,6,0.0,0.0,0.0,59.9,True,False
ST016,442,6,0.0,0.0,0.0,56.1,True,False
ST016,443,6,0.0,0.0,0.0,54.8,True,False
ST016,444,6,0.0,0.0,0.0,50.3,True,False
ST016,445,6,0.0,0.0,0.0,48.3,True,True
ST016,446,6,0.0,0.0,0.0,55.3,True,False
ST016,447,6,0.0,0.0,0.0,52.3,True,False
ST016,448,6,0.0,0.0,0.0,50.8,True,False
ST016,449,6,0.0,0.0,0.0,57.6,True,False
ST016,450,6,0.0,0.0,0.0,54.4,True,False
ST016,451,6,0.0,0.0,0.0,53.8,True,False
ST016,452,6,0.0,0.0,0.0,53.4,True,False
ST016,453,6,0.0,0.0,0.0,50.2,True,False
ST016,454,6,0.0,0.0,0.0,50.5,True,False
ST016,455,6,0.0,0.0,0.0,50.1,True,False
ST016,456,6,0.0,0.0,0.0,51.8,True,False
ST016,457,6,0.0,0.0,0.0,48.4,True,True
ST016,458,6,0.0,0.0,0.0,47.7,True,True
ST016,459,6,0.0,0.0,0.0,61.1,True,False
ST016,460,6,0.0,0.0,0.0,49.7,True,True
ST016,461,6,0.0,0.0,0.0,51.1,True,False
ST016,462,6,0.0,0.0,0.0,56.0,True,False
ST016,463,6,0.0,0.0,0.0,50.1,True,False
ST016,464,6,0.0,0.0,0.0,49.4,True,True
ST016,465,6,0.0,0.0,0.0,46.3,True,True
ST016,466,6,0.0,0.0,0.0,55.7,True,False
ST016,467,6,0.0,0.0,0.0,48.7,True,True
ST016,468,6,0.0,0.0,0.0,47.9,True,True
ST016,469,6,0.0,0.0,0.0,48.3,True,True
ST016,470,6,0.0,0.0,0.0,48.0,True,True
ST016,471,6,0.0,0.0,0.0,51.4,True,False
ST016,472,6,0.0,0.0,0.0,50.4,True,False
ST016,473,6,0.0,0.0,0.0,49.1,True,True
ST016,474,6,0.0,0.0,0.0,47.0,True,True
ST016,475,6,0.0,0.0,0.0,48.2,True,True
ST016,476,6,0.0,0.0,0.0,53.6,True,False
ST016,477,6,0.0,0.0,0.0,49.5,True,True
ST016,478,6,0.0,0.0,0.0,50.1,True,False
ST016,479,6,0.0,0.0,0.0,53.0,True,False
ST016,480,6,0.0,0.0,0.0,60.2,True,False
ST016,481,6,0.0,0.0,0.0,51.5,True,False
ST016,482,6,0.0,0.0,0.0,47.3,True,True
ST016,483,6,0.0,0.0,0.0,54.7,True,False
ST016,484,6,0.0,0.0,0.0,52.7,True,False
ST016,485,6,0.0,0.0,0.0,50.2,True,False
ST016,486,6,0.0,0.0,0.0,57.6,True,False
ST016,487,6,0.0,0.0,0.0,54.0,True,False
ST016,488,6,0.0,0.0,0.0,60.3,True,False
ST016,489,6,0.0,0.0,0.0,59.2,True,False
ST016,490,6,0.0,0.0,0.0,51.9,True,False
ST016,491,6,0.0,0.0,0.0,51.5,True,False
ST016,492,6,0.0,0.0,0.0,52.5,True,False
ST016,493,6,0.0,0.0,0.0,57.3,True,False
ST016,494,6,0.0,0.0,0.0,52.1,True,False
ST016,495,6,0.0,0.0,0.0,45.3,True,True
ST016,496,6,0.0,0.0,0.0,57.6,True,False
ST016,497,6,0.0,0.0,0.0,61.7,True,False
ST016,498,6,0.0,0.0,0.0,58.2,True,False
ST016,499,6,0.0,0.0,0.0,55.3,True,False
ST016,500,6,0.0,0.0,0.0,55.8,True,False
ST016,501,6,0.0,0.0,0.0,49.4,True,True
ST016,502,6,0.0,0.0,0.0,49.2,True,True
ST016,503,6,0.0,0.0,0.0,54.5,True,False
ST016,504,6,0.0,0.0,0.0,49.2,True,True
ST016,505,6,0.0,0.0,0.0,52.1,True,False
ST016,506,6,0.0,0.0,0.0,58.1,True,False
ST016,507,6,0.0,0.0,0.0,54.1,True,False
ST016,508,6,0.0,0.0,0.0,53.5,True,False
ST016,509,6,0.0,0.0,0.0,53.1,True,False
ST016,510,6,0.0,0.0,0.0,50.4,True,False
ST016,511,6,0.0,0.0,0.0,53.7,True,False
ST016,512,6,0.0,0.0,0.0,47.4,True,True
ST016,513,6,0.0,0.0,0.0,53.0,True,False
ST016,514,6,0.0,0.0,0.0,50.1,True,False
ST016,515,6,0.0,0.0,0.0,50.6,True,False
ST016,516,6,0.0,0.0,0.0,51.7,True,False
ST016,517,6,0.0,0.0,0.0,51.5,True,False
ST016,518,6,0.0,0.0,0.0,50.0,True,False
ST016,519,6,0.0,0.0,0.0,57.0,True,False
ST016,520,6,0.0,0.0,0.0,44.3,True,True
ST016,521,6,0.0,0.0,0.0,50.2,True,False
ST016,522,6,0.0,0.0,0.0,58.5,True,False
ST016,523,6,0.0,0.0,0.0,52.4,True,False
ST016,524,6,0.0,0.0,0.0,56.0,True,False
ST016,525,6,0.0,0.0,0.0,48.5,True,True
ST016,526,6,0.0,0.0,0.0,54.4,True,False
ST016,527,6,0.0,0.0,0.0,53.6,True,False
ST016,528,6,0.0,0.0,0.0,46.9,True,True
ST016,529,6,0.0,0.0,0.0,48.1,True,True
ST016,530,6,0.0,0.0,0.0,52.4,True,False
ST016,531,6,0.0,0.0,0.0,54.3,True,False
ST016,532,6,0.0,0.0,0.0,51.0,True,False
ST016,533,6,0.0,0.0,0.0,58.8,True,False
ST016,534,6,0.0,0.0,0.0,51.6,True,False
ST016,535,6,0.0,0.0,0.0,56.2,True,False
ST016,536,6,0.0,0.0,0.0,45.8,True,True
ST016,537,6,0.0,0.0,0.0,51.3,True,False
ST016,538,6,0.0,0.0,0.0,47.2,True,True
ST016,539,6,0.0,0.0,0.0,52.9,True,False
ST016,540,6,0.0,0.0,0.0,56.2,True,False
ST016,541,6,0.0,0.0,0.0,49.9,True,True
ST016,542,6,0.0,0.0,0.0,50.9,True,False
ST016,543,6,0.0,0.0,0.0,50.0,True,False
ST016,544,6,0.0,0.0,0.0,51.4,True,False
ST016,545,6,0.0,0.0,0.0,57.7,True,False
ST016,546,6,0.0,0.0,0.0,60.3,True,False
ST016,547,6,0.0,0.0,0.0,52.6,True,False
ST016,548,6,0.0,0.0,0.0,52.3,True,False
ST016,549,6,0.0,0.0,0.0,54.4,True,False
ST016,550,6,0.0,0.0,0.0,49.5,True,True
ST016,551,6,0.0,0.0,0.0,50.8,True,False
ST016,552,6,0.0,0.0,0.0,57.5,True,False
ST016,553,6,0.0,0.0,0.0,52.7,True,False
ST016,554,6,0.0,0.0,0.0,54.8,True,False
ST016,555,6,0.0,0.0,0.0,53.8,True,False
ST016,556,6,0.0,0.0,0.0,52.7,True,False
ST016,557,6,0.0,0.0,0.0,58.9,True,False
ST016,558,6,0.0,0.0,0.0,46.2,True,True
ST016,559,6,0.0,0.0,0.0,55.2,True,False
ST016,560,6,0.0,0.0,0.0,46.6,True,True
ST016,561,6,0.0,0.0,0.0,56.0,True,False
ST016,562,6,0.0,0.0,0.0,48.5,True,True
ST016,563,6,0.0,0.0,0.0,51.7,True,False
ST016,564,6,0.0,0.0,0.0,48.3,True,True
ST016,565,6,0.0,0.0,0.0,55.0,True,False
ST016,566,6,0.0,0.0,0.0,53.0,True,False
ST016,567,6,0.0,0.0,0.0,55.7,True,False
ST016,568,6,0.0,0.0,0.0,54.1,True,False
ST016,569,6,0.0,0.0,0.0,52.2,True,False
ST016,570,6,0.0,0.0,0.0,53.3,True,False
ST016,571,6,0.0,0.0,0.0,52.7,True,False
ST016,572,6,0.0,0.0,0.0,52.8,True,False
ST016,573,6,0.0,0.0,0.0,61.3,True,False
ST016,574,6,0.0,0.0,0.0,52.4,True,False
ST016,575,6,0.0,0.0,0.0,51.0,True,False
ST016,576,6,0.0,0.0,0.0,47.4,True,True
ST016,577,6,0.0,0.0,0.0,57.9,True,False
ST016,578,6,0.0,0.0,0.0,49.9,True,True
ST016,579,6,0.0,0.0,0.0,45.6,True,True
ST016,580,6,0.0,0.0,0.0,51.0,True,False
ST016,581,6,0.0,0.0,0.0,61.4,True,False
ST016,582,6,0.0,0.0,0.0,47.2,True,True
ST016,583,6,0.0,0.0,0.0,49.7,True,True
ST016,584,6,0.0,0.0,0.0,48.9,True,True
ST016,585,6,0.0,0.0,0.0,54.7,True,False
ST016,586,6,0.0,0.0,0.0,55.0,True,False
ST016,587,6,0.0,0.0,0.0,55.7,True,False
ST016,588,6,0.0,0.0,0.0,53.1,True,False
ST016,589,6,0.0,0.0,0.0,48.2,True,True
ST016,590,6,0.0,0.0,0.0,52.1,True,False
ST016,591,6,0.0,0.0,0.0,47.9,True,True
ST016,592,6,0.0,0.0,0.0,52.1,True,False
ST016,593,6,0.0,0.0,0.0,53.8,True,False
ST016,594,6,0.0,0.0,0.0,50.9,True,False
ST016,595,6,0.0,0.0,0.0,53.4,True,False
ST016,596,6,0.0,0.0,0.0,45.8,True,True
ST016,597,6,0.0,0.0,0.0,50.6,True,False
ST016,598,6,0.0,0.0,0.0,50.8,True,False
ST016,599,6,0.0,0.0,0.0,53.0,True,False
ST016,600,6,0.0,0.0,0.0,58.2,True,False
ST016,601,6,0.0,0.0,0.0,40.6,True,True
ST016,602,6,0.0,0.0,0.0,48.2,True,True
ST016,603,6,0.0,0.0,0.0,49.7,True,True
ST016,604,6,0.0,0.0,0.0,45.8,True,True
ST016,605,6,0.0,0.0,0.0,49.9,True,True
ST016,606,6,0.0,0.0,0.0,52.5,True,False
ST016,607,6,0.0,0.0,0.0,58.6,True,False
ST016,608,6,0.0,0.0,0.0,57.4,True,False
ST016,609,6,0.0,0.0,0.0,64.6,True,False
ST016,610,6,0.0,0.0,0.0,55.1,True,False
ST016,611,6,0.0,0.0,0.0,44.2,True,True
ST016,612,6,0.0,0.0,0.0,54.7,True,False
ST016,613,6,0.0,0.0,0.0,51.6,True,False
ST016,614,6,0.0,0.0,0.0,48.9,True,True
ST016,615,6,0.0,0.0,0.0,61.4,True,False
ST016,616,6,0.0,0.0,0.0,50.4,True,False
ST016,617,6,0.0,0.0,0.0,55.8,True,False
ST016,618,6,0.0,0.0,0.0,52.5,True,False
ST016,619,6,0.0,0.0,0.0,47.7,True,True
ST016,620,6,0.0,0.0,0.0,56.5,True,False
ST016,621,6,0.0,0.0,0.0,54.0,True,False
ST016,622,6,0.0,0.0,0.0,45.0,True,True
ST016,623,6,0.0,0.0,0.0,42.7,True,True
ST016,624,6,0.0,0.0,0.0,49.8,True,True
ST016,625,6,0.0,0.0,0.0,48.2,True,True
ST016,626,6,0.0,0.0,0.0,52.5,True,False
ST016,627,6,0.0,0.0,0.0,60.4,True,False
ST016,628,6,0.0,0.0,0.0,42.1,True,True
ST016,629,6,0.0,0.0,0.0,56.2,True,False
ST016,630,6,0.0,0.0,0.0,53.9,True,False
ST016,631,6,0.0,0.0,0.0,50.1,True,False
ST016,632,6,0.0,0.0,0.0,50.4,True,False
ST016,633,6,0.0,0.0,0.0,45.6,True,True
ST016,634,6,0.0,0.0,0.0,51.6,True,False
ST016,635,6,0.0,0.0,0.0,45.6,True,True
ST016,636,6,0.0,0.0,0.0,57.6,True,False
ST016,637,6,0.0,0.0,0.0,50.9,True,False
ST016,638,6,0.0,0.0,0.0,52.0,True,False
ST016,639,6,0.0,0.0,0.0,48.4,True,True
ST016,640,6,0.0,0.0,0.0,56.1,True,False
ST016,641,6,0.0,0.0,0.0,50.9,True,False
ST016,642,6,0.0,0.0,0.0,51.5,True,False
ST016,643,6,0.0,0.0,0.0,53.0,True,False
ST016,644,6,0.0,0.0,0.0,48.1,True,True
ST016,645,6,0.0,0.0,0.0,53.4,True,False
ST016,646,6,0.0,0.0,0.0,49.6,True,True
ST016,647,6,0.0,0.0,0.0,52.8,True,False
ST016,648,6,0.0,0.0,0.0,48.6,True,True
ST016,649,6,0.0,0.0,0.0,53.5,True,False
ST016,650,6,0.0,0.0,0.0,47.1,True,True
ST016,651,6,0.0,0.0,0.0,50.1,True,False
ST016,652,6,0.0,0.0,0.0,58.9,True,False
ST016,653,6,0.0,0.0,0.0,52.3,True,False
ST016,654,6,0.0,0.0,0.0,55.9,True,False
ST016,655,6,0.0,0.0,0.0,44.1,True,True
ST016,656,6,0.0,0.0,0.0,54.5,True,False
ST016,657,6,0.0,0.0,0.0,40.2,True,True
ST016,658,6,0.0,0.0,0.0,51.0,True,False
ST016,659,6,0.0,0.0,0.0,46.4,True,True
ST016,660,6,0.0,0.0,0.0,52.2,True,False
ST016,661,6,0.0,0.0,0.0,51.7,True,False
ST016,662,6,0.0,0.0,0.0,51.8,True,False
ST016,663,6,0.0,0.0,0.0,50.6,True,False
ST016,664,6,0.0,0.0,0.0,55.2,True,False
ST016,665,6,0.0,0.0,0.0,58.6,True,False
ST016,666,6,0.0,0.0,0.0,45.9,True,True
ST016,667,6,0.0,0.0,0.0,56.7,True,False
ST016,668,6,0.0,0.0,0.0,50.6,True,False
ST016,669,6,0.0,0.0,0.0,57.2,True,False
ST016,670,6,0.0,0.0,0.0,58.2,True,False
ST016,671,6,0.0,0.0,0.0,58.3,True,False
ST016,672,6,0.0,0.0,0.0,56.4,True,False
ST016,673,6,0.0,0.0,0.0,54.3,True,False
ST016,674,6,0.0,0.0,0.0,53.3,True,False
ST016,675,6,0.0,0.0,0.0,52.1,True,False
ST016,676,6,0.0,0.0,0.0,49.0,True,True
ST016,677,6,0.0,0.0,0.0,59.8,True,False
ST016,678,6,0.0,0.0,0.0,62.5,True,False
ST016,679,6,0.0,0.0,0.0,60.1,True,False
ST016,680,6,0.0,0.0,0.0,49.0,True,True
ST016,681,6,0.0,0.0,0.0,51.7,True,False
ST016,682,6,0.0,0.0,0.0,54.8,True,False
ST016,683,6,0.0,0.0,0.0,50.0,True,False
ST016,684,6,0.0,0.0,0.0,50.6,True,False
ST016,685,6,0.0,0.0,0.0,55.3,True,False
ST016,686,6,0.0,0.0,0.0,51.8,True,False
ST016,687,6,0.0,0.0,0.0,53.2,True,False
ST016,688,6,0.0,0.0,0.0,58.8,True,False
ST016,689,6,0.0,0.0,0.0,49.0,True,True
ST016,690,6,0.0,0.0,0.0,55.5,True,False
ST016,691,6,0.0,0.0,0.0,55.3,True,False
ST016,692,6,0.0,0.0,0.0,52.2,True,False
ST016,693,6,0.0,0.0,0.0,46.8,True,True
ST016,694,6,0.0,0.0,0.0,49.0,True,True
ST016,695,6,0.0,0.0,0.0,56.1,True,False
ST016,696,6,0.0,0.0,0.0,58.0,True,False
ST016,697,6,0.0,0.0,0.0,52.4,True,False
ST016,698,6,0.0,0.0,0.0,52.8,True,False
ST016,699,6,0.0,0.0,0.0,53.8,True,False
ST016,700,6,0.0,0.0,0.0,55.8,True,False
ST016,701,6,0.0,0.0,0.0,49.2,True,True
ST016,702,6,0.0,0.0,0.0,52.5,True,False
ST016,703,6,0.0,0.0,0.0,56.4,True,False
ST016,704,6,0.0,0.0,0.0,45.1,True,True
ST016,705,6,0.0,0.0,0.0,59.6,True,False
ST016,706,6,0.0,0.0,0.0,49.5,True,True
ST016,707,6,0.0,0.0,0.0,55.3,True,False
ST016,708,6,0.0,0.0,0.0,46.1,True,True
ST016,709,6,0.0,0.0,0.0,62.0,True,False
ST016,710,6,0.0,0.0,0.0,54.0,True,False
ST016,711,6,0.0,0.0,0.0,49.0,True,True
ST016,712,6,0.0,0.0,0.0,50.4,True,False
ST016,713,6,0.0,0.0,0.0,49.6,True,True
ST016,714,6,0.0,0.0,0.0,54.5,True,False
ST016,715,6,0.0,0.0,0.0,55.9,True,False
ST016,716,6,0.0,0.0,0.0,56.5,True,False
ST016,717,6,0.0,0.0,0.0,45.1,True,True
ST016,718,6,0.0,0.0,0.0,48.1,True,True
ST016,719,6,0.0,0.0,0.0,53.2,True,False
ST016,720,6,0.0,0.0,0.0,58.4,True,False
ST016,721,6,0.0,0.0,0.0,55.6,True,False
ST016,722,6,0.0,0.0,0.0,46.0,True,True
ST016,723,6,0.0,0.0,0.0,46.1,True,True
ST016,724,6,0.0,0.0,0.0,46.8,True,True
ST016,725,6,0.0,0.0,0.0,47.5,True,True
ST016,726,6,0.0,0.0,0.0,42.3,True,True
ST016,727,6,0.0,0.0,0.0,49.1,True,True
ST016,728,6,0.0,0.0,0.0,56.6,True,False
ST016,729,6,0.0,0.0,0.0,55.3,True,False
ST016,730,6,0.0,0.0,0.0,57.5,True,False
ST016,731,6,0.0,0.0,0.0,52.1,True,False
ST016,732,6,0.0,0.0,0.0,56.2,True,False
ST016,733,6,0.0,0.0,0.0,55.6,True,False
ST016,734,6,0.0,0.0,0.0,55.4,True,False
ST016,735,6,0.0,0.0,0.0,51.9,True,False
ST016,736,6,0.0,0.0,0.0,51.5,True,False
ST016,737,6,0.0,0.0,0.0,49.9,True,True
ST016,738,6,0.0,0.0,0.0,48.7,True,True
ST016,739,6,0.0,0.0,0.0,57.5,True,False
ST016,740,6,0.0,0.0,0.0,55.1,True,False
ST016,741,6,0.0,0.0,0.0,55.3,True,False
ST016,742,6,0.0,0.0,0.0,55.2,True,False
ST016,743,6,0.0,0.0,0.0,48.5,True,True
ST016,744,6,0.0,0.0,0.0,48.4,True,True
ST016,745,6,0.0,0.0,0.0,53.8,True,False
ST016,746,6,0.0,0.0,0.0,55.7,True,False
ST016,747,6,0.0,0.0,0.0,54.5,True,False
ST016,748,6,0.0,0.0,0.0,50.7,True,False
ST016,749,6,0.0,0.0,0.0,55.6,True,False
ST016,750,6,0.0,0.0,0.0,51.3,True,False
ST016,751,6,0.0,0.0,0.0,56.4,True,False
ST016,752,6,0.0,0.0,0.0,54.1,True,False
ST016,753,6,0.0,0.0,0.0,60.5,True,False
ST016,754,6,0.0,0.0,0.0,54.7,True,False
ST016,755,6,0.0,0.0,0.0,52.4,True,False
ST016,756,6,0.0,0.0,0.0,61.5,True,False
ST016,757,6,0.0,0.0,0.0,52.3,True,False
ST016,758,6,0.0,0.0,0.0,54.3,True,False
ST016,759,6,0.0,0.0,0.0,57.0,True,False
ST016,760,6,0.0,0.0,0.0,53.9,True,False
ST016,761,6,0.0,0.0,0.0,56.6,True,False
ST016,762,6,0.0,0.0,0.0,51.9,True,False
ST016,763,6,0.0,0.0,0.0,60.0,True,False
ST016,764,6,0.0,0.0,0.0,62.0,True,False
ST016,765,6,0.0,0.0,0.0,51.8,True,False
ST016,766,6,0.0,0.0,0.0,48.0,True,True
ST016,767,6,0.0,0.0,0.0,52.8,True,False
ST016,768,6,0.0,0.0,0.0,50.8,True,False
ST016,769,6,0.0,0.0,0.0,55.2,True,False
ST016,770,6,0.0,0.0,0.0,53.8,True,False
ST016,771,6,0.0,0.0,0.0,46.9,True,True
ST016,772,6,0.0,0.0,0.0,49.1,True,True
ST016,773,6,0.0,0.0,0.0,56.6,True,False
ST016,774,6,0.0,0.0,0.0,54.3,True,False
ST016,775,6,0.0,0.0,0.0,61.2,True,False
ST016,776,6,0.0,0.0,0.0,48.7,True,True
ST016,777,6,0.0,0.0,0.0,51.8,True,False
ST016,778,6,0.0,0.0,0.0,51.4,True,False
ST016,779,6,0.0,0.0,0.0,53.6,True,False
ST016,780,6,0.0,0.0,0.0,50.0,True,False
ST016,781,6,0.0,0.0,0.0,44.1,True,True
ST016,782,6,0.0,0.0,0.0,46.9,True,True
ST016,783,6,0.0,0.0,0.0,52.3,True,False
ST016,784,6,0.0,0.0,0.0,51.1,True,False
ST016,785,6,0.0,0.0,0.0,50.3,True,False
ST016,786,6,0.0,0.0,0.0,49.3,True,True
ST016,787,6,0.0,0.0,0.0,49.6,True,True
ST016,788,6,0.0,0.0,0.0,52.6,True,False
ST016,789,6,0.0,0.0,0.0,58.5,True,False
ST016,790,6,0.0,0.0,0.0,54.8,True,False
ST016,791,6,0.0,0.0,0.0,48.3,True,True
ST016,792,6,0.0,0.0,0.0,52.3,True,False
ST016,793,6,0.0,0.0,0.0,58.7,True,False
ST016,794,6,0.0,0.0,0.0,59.2,True,False
ST016,795,6,0.0,0.0,0.0,61.7,True,False
ST016,796,6,0.0,0.0,0.0,55.3,True,False
ST016,797,6,0.0,0.0,0.0,43.3,True,True
ST016,798,6,0.0,0.0,0.0,56.5,True,False
ST016,799,6,0.0,0.0,0.0,54.1,True,False
ST016,800,6,0.0,0.0,0.0,51.5,True,False
ST016,801,6,0.0,0.0,0.0,54.5,True,False
ST016,802,6,0.0,0.0,0.0,59.3,True,False
ST016,803,6,0.0,0.0,0.0,47.9,True,True
ST016,804,6,0.0,0.0,0.0,47.1,True,True
ST016,805,6,0.0,0.0,0.0,47.2,True,True
ST016,806,6,0.0,0.0,0.0,56.8,True,False
ST016,807,6,0.0,0.0,0.0,50.0,True,False
ST016,808,6,0.0,0.0,0.0,51.6,True,False
ST016,809,6,0.0,0.0,0.0,52.9,True,False
ST016,810,6,0.0,0.0,0.0,53.4,True,False
ST016,811,6,0.0,0.0,0.0,58.5,True,False
ST016,812,6,0.0,0.0,0.0,53.7,True,False
ST016,813,6,0.0,0.0,0.0,51.9,True,False
ST016,814,6,0.0,0.0,0.0,54.4,True,False
ST016,815,6,0.0,0.0,0.0,49.2,True,True
ST016,816,6,0.0,0.0,0.0,48.9,True,True
ST016,817,6,0.0,0.0,0.0,50.5,True,False
ST016,818,6,0.0,0.0,0.0,52.2,True,False
ST016,819,6,0.0,0.0,0.0,55.6,True,False
ST016,820,6,0.0,0.0,0.0,53.9,True,False
ST016,821,6,0.0,0.0,0.0,52.1,True,False
ST016,822,6,0.0,0.0,0.0,52.0,True,False
ST016,823,6,0.0,0.0,0.0,50.9,True,False
ST016,824,6,0.0,0.0,0.0,46.2,True,True
ST016,825,6,0.0,0.0,0.0,52.0,True,False
ST016,826,6,0.0,0.0,0.0,57.4,True,False
ST016,827,6,0.0,0.0,0.0,55.4,True,False
ST016,828,6,0.0,0.0,0.0,50.9,True,False
ST016,829,6,0.0,0.0,0.0,47.0,True,True
ST016,830,6,0.0,0.0,0.0,44.6,True,True
ST016,831,6,0.0,0.0,0.0,50.7,True,False
ST016,832,6,0.0,0.0,0.0,57.6,True,False
ST016,833,6,0.0,0.0,0.0,52.9,True,False
ST016,834,6,0.0,0.0,0.0,51.3,True,False
ST016,835,6,0.0,0.0,0.0,55.2,True,False
ST016,836,6,0.0,0.0,0.0,58.8,True,False
ST016,837,6,0.0,0.0,0.0,54.0,True,False
ST016,838,6,0.0,0.0,0.0,56.7,True,False
ST016,839,6,0.0,0.0,0.0,54.1,True,False
ST016,840,6,0.0,0.0,0.0,47.6,True,True
ST016,841,6,0.0,0.0,0.0,60.4,True,False
ST016,842,6,0.0,0.0,0.0,45.2,True,True
ST016,843,6,0.0,0.0,0.0,54.8,True,False
ST016,844,6,0.0,0.0,0.0,57.7,True,False
ST016,845,6,0.0,0.0,0.0,58.8,True,False
ST016,846,6,0.0,0.0,0.0,55.1,True,False
ST016,847,6,0.0,0.0,0.0,56.3,True,False
ST016,848,6,0.0,0.0,0.0,42.5,True,True
ST016,849,6,0.0,0.0,0.0,51.8,True,False
ST016,850,6,0.0,0.0,0.0,58.0,True,False
ST016,851,6,0.0,0.0,0.0,55.6,True,False
ST016,852,6,0.0,0.0,0.0,55.9,True,False
ST016,853,6,0.0,0.0,0.0,52.6,True,False
ST016,854,6,0.0,0.0,0.0,48.2,True,True
ST016,855,6,0.0,0.0,0.0,48.7,True,True
ST016,856,6,0.0,0.0,0.0,53.7,True,False
ST016,857,6,0.0,0.0,0.0,48.0,True,True
ST016,858,6,0.0,0.0,0.0,53.4,True,False
ST016,859,6,0.0,0.0,0.0,54.8,True,False
ST016,860,6,0.0,0.0,0.0,51.4,True,False
ST016,861,6,0.0,0.0,0.0,52.4,True,False
ST016,862,6,0.0,0.0,0.0,45.4,True,True
ST016,863,6,0.0,0.0,0.0,55.6,True,False
ST016,864,6,0.0,0.0,0.0,46.0,True,True
ST016,865,6,0.0,0.0,0.0,49.0,True,True
ST016,866,6,0.0,0.0,0.0,55.1,True,False
ST016,867,6,0.0,0.0,0.0,46.4,True,True
ST016,868,6,0.0,0.0,0.0,51.8,True,False
ST016,869,6,0.0,0.0,0.0,58.2,True,False
ST016,870,6,0.0,0.0,0.0,52.2,True,False
ST016,871,6,0.0,0.0,0.0,56.1,True,False
ST016,872,6,0.0,0.0,0.0,53.1,True,False
ST016,873,6,0.0,0.0,0.0,56.6,True,False
ST016,874,6,0.0,0.0,0.0,48.3,True,True
ST016,875,6,0.0,0.0,0.0,50.0,True,False
ST016,876,6,0.0,0.0,0.0,56.0,True,False
ST016,877,6,0.0,0.0,0.0,54.1,True,False
ST016,878,6,0.0,0.0,0.0,52.1,True,False
ST016,879,6,0.0,0.0,0.0,51.3,True,False
ST016,880,6,0.0,0.0,0.0,65.7,True,False
ST016,881,6,0.0,0.0,0.0,55.8,True,False
ST016,882,6,0.0,0.0,0.0,44.2,True,True
ST016,883,6,0.0,0.0,0.0,52.6,True,False
ST016,884,6,0.0,0.0,0.0,59.9,True,False
ST016,885,6,0.0,0.0,0.0,52.3,True,False
ST016,886,6,0.0,0.0,0.0,47.7,True,True
ST016,887,6,0.0,0.0,0.0,64.4,True,False
ST016,888,6,0.0,0.0,0.0,52.3,True,False
ST016,889,6,0.0,0.0,0.0,49.8,True,True
ST016,890,6,0.0,0.0,0.0,57.1,True,False
ST016,891,6,0.0,0.0,0.0,58.7,True,False
ST016,892,6,0.0,0.0,0.0,49.9,True,True
ST016,893,6,0.0,0.0,0.0,49.6,True,True
ST016,894,6,0.0,0.0,0.0,51.1,True,False
ST016,895,6,0.0,0.0,0.0,55.6,True,False
ST016,896,6,0.0,0.0,0.0,43.7,True,True
ST016,897,6,0.0,0.0,0.0,51.7,True,False
ST016,898,6,0.0,0.0,0.0,51.3,True,False
ST016,899,6,0.0,0.0,0.0,51.4,True,False
ST016,900,6,0.0,0.0,0.0,53.8,True,False
ST016,901,6,0.0,0.0,0.0,53.5,True,False
ST016,902,6,0.0,0.0,0.0,47.2,True,True
ST016,903,6,0.0,0.0,0.0,54.6,True,False
ST016,904,6,0.0,0.0,0.0,55.2,True,False
ST016,905,6,0.0,0.0,0.0,53.4,True,False
ST016,906,6,0.0,0.0,0.0,51.8,True,False
ST016,907,6,0.0,0.0,0.0,53.3,True,False
ST016,908,6,0.0,0.0,0.0,49.7,True,True
ST016,909,6,0.0,0.0,0.0,52.2,True,False
ST016,910,6,0.0,0.0,0.0,55.1,True,False
ST016,911,6,0.0,0.0,0.0,55.5,True,False
ST016,912,6,0.0,0.0,0.0,47.0,True,True
ST016,913,6,0.0,0.0,0.0,50.4,True,False
ST016,914,6,0.0,0.0,0.0,42.7,True,True
ST016,915,6,0.0,0.0,0.0,48.7,True,True
ST016,916,6,0.0,0.0,0.0,55.3,True,False
ST016,917,6,0.0,0.0,0.0,59.2,True,False
ST016,918,6,0.0,0.0,0.0,43.3,True,True
ST016,919,6,0.0,0.0,0.0,52.7,True,False
ST016,920,6,0.0,0.0,0.0,43.5,True,True
ST016,921,6,0.0,0.0,0.0,47.7,True,True
ST016,922,6,0.0,0.0,0.0,49.9,True,True
ST016,923,6,0.0,0.0,0.0,56.5,True,False
ST016,924,6,0.0,0.0,0.0,57.1,True,False
ST016,925,6,0.0,0.0,0.0,52.5,True,False
ST016,926,6,0.0,0.0,0.0,51.5,True,False
ST016,927,6,0.0,0.0,0.0,58.7,True,False
ST016,928,6,0.0,0.0,0.0,49.6,True,True
ST016,929,6,0.0,0.0,0.0,59.3,True,False
ST016,930,6,0.0,0.0,0.0,48.1,True,True
ST016,931,6,0.0,0.0,0.0,51.6,True,False
ST016,932,6,0.0,0.0,0.0,48.7,True,True
ST016,933,6,0.0,0.0,0.0,57.8,True,False
ST016,934,6,0.0,0.0,0.0,53.6,True,False
ST016,935,6,0.0,0.0,0.0,60.9,True,False
ST016,936,6,0.0,0.0,0.0,56.8,True,False
ST016,937,6,0.0,0.0,0.0,49.2,True,True
ST016,938,6,0.0,0.0,0.0,51.8,True,False
ST016,939,6,0.0,0.0,0.0,58.6,True,False
ST016,940,6,0.0,0.0,0.0,52.8,True,False
ST016,941,6,0.0,0.0,0.0,49.1,True,True
ST016,942,6,0.0,0.0,0.0,48.0,True,True
ST016,943,6,0.0,0.0,0.0,41.1,True,True
ST016,944,6,0.0,0.0,0.0,57.5,True,False
ST016,945,6,0.0,0.0,0.0,55.3,True,False
ST016,946,6,0.0,0.0,0.0,43.5,True,True
ST016,947,6,0.0,0.0,0.0,56.7,True,False
ST016,948,6,0.0,0.0,0.0,52.9,True,False
ST016,949,6,0.0,0.0,0.0,54.5,True,False
ST016,950,6,0.0,0.0,0.0,51.8,True,False
ST016,951,6,0.0,0.0,0.0,50.6,True,False
ST016,952,6,0.0,0.0,0.0,53.4,True,False
ST016,953,6,0.0,0.0,0.0,59.4,True,False
ST016,954,6,0.0,0.0,0.0,55.6,True,False
ST016,955,6,0.0,0.0,0.0,56.3,True,False
ST016,956,6,0.0,0.0,0.0,63.2,True,False
ST016,957,6,0.0,0.0,0.0,55.1,True,False
ST016,958,6,0.0,0.0,0.0,44.7,True,True
ST016,959,6,0.0,0.0,0.0,59.5,True,False
ST016,960,6,0.0,0.0,0.0,44.7,True,True
ST016,961,6,0.0,0.0,0.0,57.8,True,False
ST016,962,6,0.0,0.0,0.0,51.3,True,False
ST016,963,6,0.0,0.0,0.0,49.5,True,True
ST016,964,6,0.0,0.0,0.0,48.4,True,True
ST016,965,6,0.0,0.0,0.0,51.9,True,False
ST016,966,6,0.0,0.0,0.0,49.6,True,True
ST016,967,6,0.0,0.0,0.0,55.4,True,False
ST016,968,6,0.0,0.0,0.0,50.4,True,False
ST016,969,6,0.0,0.0,0.0,57.1,True,False
ST016,970,6,0.0,0.0,0.0,58.1,True,False
ST016,971,6,0.0,0.0,0.0,58.4,True,False
ST016,972,6,0.0,0.0,0.0,54.5,True,False
ST016,973,6,0.0,0.0,0.0,45.5,True,True
ST016,974,6,0.0,0.0,0.0,47.9,True,True
ST016,975,6,0.0,0.0,0.0,47.1,True,True
ST016,976,6,0.0,0.0,0.0,52.9,True,False
ST016,977,6,0.0,0.0,0.0,46.8,True,True
ST016,978,6,0.0,0.0,0.0,51.1,True,False
ST016,979,6,0.0,0.0,0.0,53.7,True,False
ST016,980,6,0.0,0.0,0.0,48.1,True,True
ST016,981,6,0.0,0.0,0.0,54.7,True,False
ST016,982,6,0.0,0.0,0.0,52.7,True,False
ST016,983,6,0.0,0.0,0.0,59.7,True,False
ST016,984,6,0.0,0.0,0.0,53.2,True,False
ST016,985,6,0.0,0.0,0.0,49.7,True,True
ST016,986,6,0.0,0.0,0.0,48.8,True,True
ST016,987,6,0.0,0.0,0.0,51.8,True,False
ST016,988,6,0.0,0.0,0.0,49.7,True,True
ST016,989,6,0.0,0.0,0.0,52.9,True,False
ST016,990,6,0.0,0.0,0.0,55.0,True,False
ST016,991,6,0.0,0.0,0.0,57.6,True,False
ST016,992,6,0.0,0.0,0.0,57.1,True,False
ST016,993,6,0.0,0.0,0.0,50.6,True,False
ST016,994,6,0.0,0.0,0.0,48.9,True,True
ST016,995,6,0.0,0.0,0.0,49.3,True,True
ST016,996,6,0.0,0.0,0.0,61.3,True,False
ST016,997,6,0.0,0.0,0.0,45.1,True,True
ST016,998,6,0.0,0.0,0.0,51.7,True,False
ST016,999,6,0.0,0.0,0.0,54.8,True,False
ST016,1000,6,0.0,0.0,0.0,49.8,True,True
ST017,1,6,1487575.97,16.57,14.4,82.6,False,False
ST017,2,6,1156113.42,6.18,6.18,66.5,False,False
ST017,3,6,1277989.38,8.75,8.43,68.8,False,False
ST017,4,6,1281326.42,9.35,9.35,67.9,False,False
ST017,5,6,1363728.43,10.36,10.36,72.8,False,False
ST017,6,6,1376702.33,11.04,11.04,71.6,False,False
ST017,7,6,1248419.67,9.07,9.07,62.1,False,False
ST017,8,6,1288221.75,9.77,9.77,71.5,False,False
ST017,9,6,1298178.39,7.86,7.86,61.4,False,False
ST017,10,6,1178814.67,6.91,6.91,57.6,False,False
ST017,11,6,1390472.02,12.58,12.58,76.6,False,False
ST017,12,6,1581476.61,19.21,19.21,76.5,False,False
ST017,13,6,1292300.75,7.83,7.83,59.9,False,False
ST017,14,6,1519713.28,13.65,13.65,71.5,False,False
ST017,15,6,1315860.79,7.46,7.46,60.3,False,False
ST017,16,6,1259938.97,10.21,10.19,77.8,False,False
ST017,17,6,1647580.4,30.35,19.35,78.1,False,False
ST017,18,6,1270012.63,6.79,6.79,63.1,False,False
ST017,19,6,1103655.63,5.66,5.66,52.0,False,False
ST017,20,6,1536101.49,14.95,14.95,75.8,False,False
ST017,21,6,1242343.2,7.62,7.62,59.6,False,False
ST017,22,6,1303706.82,6.9,6.9,64.7,False,False
ST017,23,6,1531660.38,15.66,15.66,89.7,False,False
ST017,24,6,1260329.42,8.44,8.44,61.3,False,False
ST017,25,6,1342435.84,10.26,10.26,63.0,False,False
ST017,26,6,1458633.78,15.39,14.25,75.2,False,False
ST017,27,6,1024646.22,4.28,4.28,49.9,False,True
ST017,28,6,1196208.79,6.33,6.33,69.8,False,False
ST017,29,6,1427989.5,11.26,11.26,72.9,False,False
ST017,30,6,1542685.08,19.26,17.6,81.5,False,False
ST017,31,6,1582000.33,23.61,19.76,84.2,False,False
ST017,32,6,1598135.27,19.82,19.76,81.7,False,False
ST017,33,6,1181045.95,6.24,6.24,51.5,False,False
ST017,34,6,1196526.16,6.78,6.78,74.4,False,False
ST017,35,6,1456232.67,13.66,13.66,83.1,False,False
ST017,36,6,1144238.86,7.9,7.75,62.9,False,False
ST017,37,6,1160140.61,6.28,6.28,68.9,False,False
ST017,38,6,1343791.72,8.27,8.27,66.3,False,False
ST017,39,6,1399519.8,9.65,9.65,73.8,False,False
ST017,40,6,1064679.89,5.44,5.44,62.3,False,False
ST017,41,6,1295135.53,9.67,9.67,60.9,False,False
ST017,42,6,1152531.01,7.18,7.15,53.5,False,False
ST017,43,6,1248490.95,8.07,8.07,63.8,False,False
ST017,44,6,1441600.38,16.77,14.48,82.8,False,False
ST017,45,6,1281221.27,10.87,9.79,66.3,False,False
ST017,46,6,1389991.84,9.25,9.25,65.1,False,False
ST017,47,6,1240047.06,6.11,6.11,68.7,False,False
ST017,48,6,1025904.56,4.05,4.05,50.1,False,False
ST017,49,6,1295359.6,10.4,9.96,64.6,False,False
ST017,50,6,1229650.43,7.15,7.15,54.0,False,False
ST017,51,6,1476215.2,11.61,11.61,66.3,False,False
ST017,52,6,1527876.98,17.19,17.19,82.4,False,False
ST017,53,6,1439823.84,14.06,13.37,80.9,False,False
ST017,54,6,1214450.67,7.78,7.78,72.8,False,False
ST017,55,6,1347025.91,10.3,10.3,62.2,False,False
ST017,56,6,1225597.04,7.34,7.34,69.1,False,False
ST017,57,6,1412008.98,10.02,10.02,68.9,False,False
ST017,58,6,1580786.23,20.91,20.64,78.0,False,False
ST017,59,6,1604026.67,19.65,19.65,75.1,False,False
ST017,60,6,1210065.4,7.02,7.02,59.9,False,False
ST017,61,6,1609736.85,28.88,20.64,75.9,False,False
ST017,62,6,1377326.3,10.61,10.61,76.9,False,False
ST017,63,6,1253954.07,6.99,6.99,62.9,False,False
ST017,64,6,1543307.55,16.82,16.82,84.8,False,False
ST017,65,6,1288318.74,12.07,11.4,69.6,False,False
ST017,66,6,1562823.12,20.65,18.38,77.9,False,False
ST017,67,6,1308619.48,8.48,8.48,74.2,False,False
ST017,68,6,1201441.44,7.98,7.75,57.4,False,False
ST017,69,6,1235511.57,9.5,8.87,66.3,False,False
ST017,70,6,1602338.69,23.78,20.64,81.9,False,False
ST017,71,6,1269773.58,8.52,8.52,61.3,False,False
ST017,72,6,1268185.22,9.95,9.95,69.9,False,False
ST017,73,6,1373006.53,11.12,11.12,67.0,False,False
ST017,74,6,1086839.46,4.65,4.65,65.3,False,False
ST017,75,6,1428120.98,11.5,11.5,72.9,False,False
ST017,76,6,1569822.77,18.43,18.43,82.9,False,False
ST017,77,6,1266346.04,7.7,7.7,66.6,False,False
ST017,78,6,1269293.53,7.66,7.66,57.2,False,False
ST017,79,6,1003510.66,4.02,4.02,61.6,False,False
ST017,80,6,1417398.38,14.71,13.69,74.6,False,False
ST017,81,6,1521299.11,17.21,17.21,83.3,False,False
ST017,82,6,1226440.2,8.86,8.86,71.0,False,False
ST017,83,6,1365400.11,9.95,9.95,76.9,False,False
ST017,84,6,1297434.37,9.14,9.06,72.1,False,False
ST017,85,6,1290007.55,8.66,8.66,59.3,False,False
ST017,86,6,1456612.93,17.12,14.51,78.5,False,False
ST017,87,6,1335246.93,11.71,11.1,75.6,False,False
ST017,88,6,1268281.08,6.38,6.38,61.0,False,False
ST017,89,6,1379231.59,9.9,9.9,71.7,False,False
ST017,90,6,1269910.44,6.96,6.96,53.5,False,False
ST017,91,6,1506180.43,16.58,16.58,77.4,False,False
ST017,92,6,1393606.15,11.91,11.91,72.6,False,False
ST017,93,6,1210392.24,7.98,7.82,61.8,False,False
ST017,94,6,1393505.14,12.37,12.13,75.4,False,False
ST017,95,6,1146178.23,5.24,5.24,68.1,False,False
ST017,96,6,1259507.38,8.24,8.24,70.4,False,False
ST017,97,6,1046807.85,5.5,5.5,64.6,False,False
ST017,98,6,1036110.86,4.46,4.46,58.8,False,False
ST017,99,6,1326850.21,8.75,8.75,67.4,False,False
ST017,100,6,1220153.37,6.87,6.87,64.1,False,False
ST017,101,6,1266492.59,7.94,7.94,78.1,False,False
ST017,102,6,1424618.15,12.59,11.72,66.6,False,False
ST017,103,6,1413510.68,11.07,11.07,65.3,False,False
ST017,104,6,1271498.29,6.72,6.72,60.3,False,False
ST017,105,6,1021201.34,4.17,4.17,54.6,False,False
ST017,106,6,1033480.75,4.54,4.54,57.1,False,False
ST017,107,6,1097975.12,5.41,5.41,63.5,False,False
ST017,108,6,1011948.59,3.99,3.99,53.3,False,False
ST017,109,6,1286144.86,8.8,8.8,63.9,False,False
ST017,110,6,1261029.73,8.34,8.34,73.1,False,False
ST017,111,6,1361137.04,9.39,9.39,67.4,False,False
ST017,112,6,1271825.49,7.39,7.39,72.8,False,False
ST017,113,6,1463463.4,11.8,11.8,72.5,False,False
ST017,114,6,1461072.05,12.43,12.43,72.8,False,False
ST017,115,6,1292349.73,7.7,7.7,58.3,False,False
ST017,116,6,1266433.59,7.24,7.24,63.2,False,False
ST017,117,6,1321254.89,9.31,9.31,69.8,False,False
ST017,118,6,1209403.56,6.29,6.29,59.1,False,False
ST017,119,6,1324495.61,10.36,9.79,66.8,False,False
ST017,120,6,1243469.63,9.21,9.21,69.3,False,False
ST017,121,6,1482506.23,18.53,16.29,89.6,False,False
ST017,122,6,1360120.34,10.08,10.08,64.9,False,False
ST017,123,6,1433109.41,10.55,10.55,75.5,False,False
ST017,124,6,1470216.81,13.4,12.43,75.3,False,False
ST017,125,6,1359358.78,12.34,10.79,73.5,False,False
ST017,126,6,1329913.13,8.1,8.1,64.2,False,False
ST017,127,6,1454461.49,11.54,11.54,64.3,False,False
ST017,128,6,1338638.18,9.53,9.05,66.0,False,False
ST017,129,6,1288499.85,9.64,9.55,68.6,False,False
ST017,130,6,1569002.56,19.22,17.47,87.1,False,False
ST017,131,6,1276886.53,6.86,6.86,69.6,False,False
ST017,132,6,1363054.81,8.96,8.96,68.5,False,False
ST017,133,6,1271353.51,7.78,7.78,58.0,False,False
ST017,134,6,1326992.5,8.51,8.51,73.1,False,False
ST017,135,6,1281318.92,6.92,6.92,67.7,False,False
ST017,136,6,1316139.03,7.46,7.46,57.2,False,False
ST017,137,6,1386876.18,9.62,9.62,69.7,False,False
ST017,138,6,1355769.0,10.23,10.23,69.9,False,False
ST017,139,6,1401010.34,14.56,13.52,71.0,False,False
ST017,140,6,1455523.36,12.26,12.26,73.0,False,False
ST017,141,6,1369252.54,10.39,10.39,72.4,False,False
ST017,142,6,1212143.27,6.61,6.61,52.1,False,False
ST017,143,6,1324078.4,8.52,8.52,59.4,False,False
ST017,144,6,1373931.47,9.24,9.24,70.3,False,False
ST017,145,6,1462113.65,11.77,11.77,84.0,False,False
ST017,146,6,1277238.56,8.16,8.16,55.7,False,False
ST017,147,6,1356346.19,9.61,9.61,72.9,False,False
ST017,148,6,1427024.56,13.99,13.04,79.1,False,False
ST017,149,6,1265209.79,8.97,8.97,68.4,False,False
ST017,150,6,1295185.55,9.76,9.76,63.4,False,False
ST017,151,6,1315446.93,9.16,9.16,64.6,False,False
ST017,152,6,1299545.25,9.72,9.72,67.6,False,False
ST017,153,6,1527489.82,13.66,13.66,75.2,False,False
ST017,154,6,1330444.46,8.68,8.68,56.5,False,False
ST017,155,6,1281344.14,7.94,7.94,67.2,False,False
ST017,156,6,1372911.74,10.06,10.06,59.0,False,False
ST017,157,6,1131767.05,7.17,7.11,60.4,False,False
ST017,158,6,1183891.75,5.9,5.9,63.4,False,False
ST017,159,6,1345045.54,9.3,9.3,69.7,False,False
ST017,160,6,1150905.15,5.52,5.52,52.7,False,False
ST017,161,6,1549508.44,17.63,17.63,68.5,False,False
ST017,162,6,1392674.6,12.37,12.37,77.9,False,False
ST017,163,6,1407778.61,12.85,12.05,67.9,False,False
ST017,164,6,1105098.85,4.92,4.92,54.7,False,False
ST017,165,6,1197862.17,6.37,6.37,57.1,False,False
ST017,166,6,1509672.48,18.13,15.33,76.5,False,False
ST017,167,6,1341926.62,9.92,9.37,75.0,False,False
ST017,168,6,1344855.0,11.13,11.13,65.7,False,False
ST017,169,6,1317647.8,10.88,10.39,71.4,False,False
ST017,170,6,1279734.49,11.19,10.33,70.8,False,False
ST017,171,6,1221374.03,6.49,6.49,60.2,False,False
ST017,172,6,1403505.42,10.92,10.92,64.5,False,False
ST017,173,6,1130769.41,7.0,6.93,61.5,False,False
ST017,174,6,1330928.24,8.33,8.33,63.0,False,False
ST017,175,6,1286168.93,7.29,7.29,58.8,False,False
ST017,176,6,1178066.39,5.77,5.77,51.1,False,False
ST017,177,6,1154142.4,6.16,6.16,70.3,False,False
ST017,178,6,1183916.38,7.05,7.05,59.3,False,False
ST017,179,6,1405119.12,13.77,13.01,75.2,False,False
ST017,180,6,1309597.53,8.81,8.81,64.7,False,False
ST017,181,6,1276104.47,8.0,8.0,68.1,False,False
ST017,182,6,1317643.42,9.92,9.92,65.9,False,False
ST017,183,6,1236184.49,6.58,6.58,59.9,False,False
ST017,184,6,1335896.68,7.8,7.8,65.3,False,False
ST017,185,6,1290676.84,8.48,8.48,57.9,False,False
ST017,186,6,1308659.83,9.51,9.05,66.0,False,False
ST017,187,6,1138908.2,6.06,6.06,53.3,False,False
ST017,188,6,1279449.99,8.35,8.35,57.1,False,False
ST017,189,6,1312514.37,10.33,9.83,68.8,False,False
ST017,190,6,1414436.63,10.19,10.19,59.7,False,False
ST017,191,6,1345223.59,9.76,9.76,71.5,False,False
ST017,192,6,1347997.41,8.87,8.87,66.1,False,False
ST017,193,6,1357420.4,11.62,11.01,65.5,False,False
ST017,194,6,1367957.32,11.11,11.11,61.1,False,False
ST017,195,6,1292816.34,7.78,7.78,73.3,False,False
ST017,196,6,1330199.7,9.44,9.17,66.4,False,False
ST017,197,6,1439683.21,12.46,12.46,75.4,False,False
ST017,198,6,1085567.9,6.35,6.35,62.5,False,False
ST017,199,6,1425826.28,15.69,13.48,81.2,False,False
ST017,200,6,1354325.75,9.53,9.53,66.6,False,False
ST017,201,6,1617811.59,24.68,20.64,83.0,False,False
ST017,202,6,1272747.66,7.26,7.26,70.0,False,False
ST017,203,6,1030470.33,4.16,4.16,55.6,False,False
ST017,204,6,1506959.66,14.09,14.09,60.7,False,False
ST017,205,6,1412293.39,15.7,13.22,70.2,False,False
ST017,206,6,1620067.23,21.87,20.64,81.0,False,False
ST017,207,6,1279798.7,8.07,7.69,74.6,False,False
ST017,208,6,1397567.72,11.45,10.83,78.4,False,False
ST017,209,6,1285428.42,8.31,8.31,63.4,False,False
ST017,210,6,1557807.06,16.88,16.88,81.2,False,False
ST017,211,6,1462753.49,15.71,14.22,78.6,False,False
ST017,212,6,1317508.99,8.98,8.98,74.3,False,False
ST017,213,6,1525603.37,14.52,14.52,76.4,False,False
ST017,214,6,1228366.23,8.58,8.32,61.4,False,False
ST017,215,6,1325245.74,8.77,8.77,60.6,False,False
ST017,216,6,1297889.64,9.2,9.2,71.8,False,False
ST017,217,6,990268.69,3.91,3.91,49.0,False,True
ST017,218,6,1258429.55,9.34,9.34,60.1,False,False
ST017,219,6,1181088.8,6.4,6.4,68.8,False,False
ST017,220,6,1192982.93,7.47,7.47,72.0,False,False
ST017,221,6,1438195.16,11.88,11.88,76.2,False,False
ST017,222,6,1130497.81,5.77,5.77,69.6,False,False
ST017,223,6,1314873.05,8.36,8.36,72.5,False,False
ST017,224,6,1068622.5,4.46,4.46,62.3,False,False
ST017,225,6,1226925.57,8.83,8.83,62.6,False,False
ST017,226,6,1308899.91,7.35,7.35,68.1,False,False
ST017,227,6,1447307.19,11.29,11.29,66.9,False,False
ST017,228,6,1342612.46,9.72,9.72,61.8,False,False
ST017,229,6,1124687.67,5.8,5.8,59.7,False,False
ST017,230,6,1283666.03,9.1,9.1,61.9,False,False
ST017,231,6,1144477.4,5.73,5.73,69.5,False,False
ST017,232,6,1111306.93,5.03,5.03,69.1,False,False
ST017,233,6,1429337.91,10.17,10.17,66.8,False,False
ST017,234,6,1441108.88,17.08,14.57,81.5,False,False
ST017,235,6,1613433.17,21.47,19.63,81.7,False,False
ST017,236,6,1115805.43,4.92,4.92,71.0,False,False
ST017,237,6,1436398.92,13.85,13.17,74.7,False,False
ST017,238,6,1404073.94,12.75,11.76,81.1,False,False
ST017,239,6,1330891.43,10.37,10.37,69.0,False,False
ST017,240,6,1251037.04,7.12,7.12,67.3,False,False
ST017,241,6,1119760.22,5.92,5.92,66.6,False,False
ST017,242,6,1298925.84,8.97,8.97,71.1,False,False
ST017,243,6,1087748.86,5.5,5.5,69.6,False,False
ST017,244,6,1200826.4,8.1,8.1,63.1,False,False
ST017,245,6,1485546.3,12.43,12.43,86.7,False,False
ST017,246,6,1094888.55,5.56,5.56,64.2,False,False
ST017,247,6,1382596.45,9.77,9.77,62.9,False,False
ST017,248,6,1038803.19,4.1,4.1,64.5,False,False
ST017,249,6,1031945.81,4.73,4.73,67.3,False,False
ST017,250,6,1309224.17,8.37,8.37,60.8,False,False
ST017,251,6,1404067.41,9.21,9.21,72.2,False,False
ST017,252,6,1310009.51,7.73,7.73,63.3,False,False
ST017,253,6,1217419.47,8.7,8.41,74.1,False,False
ST017,254,6,1154962.99,6.14,6.14,64.9,False,False
ST017,255,6,1448282.6,10.47,10.47,67.3,False,False
ST017,256,6,1272330.67,7.44,7.44,67.1,False,False
ST017,257,6,1322945.37,11.53,11.2,70.2,False,False
ST017,258,6,1315653.57,10.59,10.13,64.6,False,False
ST017,259,6,1509101.55,13.0,13.0,74.1,False,False
ST017,260,6,1245283.59,6.35,6.35,55.7,False,False
ST017,261,6,1351501.97,11.67,11.67,71.3,False,False
ST017,262,6,1218773.84,7.11,7.11,59.7,False,False
ST017,263,6,1051359.92,4.66,4.66,60.0,False,False
ST017,264,6,1446454.02,13.61,13.61,67.6,False,False
ST017,265,6,1448245.7,10.27,10.27,56.9,False,False
ST017,266,6,1343981.6,8.53,8.53,67.9,False,False
ST017,267,6,1210739.19,8.59,8.31,67.1,False,False
ST017,268,6,1448778.16,13.78,12.84,71.9,False,False
ST017,269,6,1339054.72,13.18,11.6,78.0,False,False
ST017,270,6,1411987.21,11.68,11.68,65.9,False,False
ST017,271,6,1464886.55,16.58,15.3,81.8,False,False
ST017,272,6,1396532.83,13.91,13.42,81.2,False,False
ST017,273,6,1229290.5,6.85,6.85,67.8,False,False
ST017,274,6,1147311.28,5.67,5.67,55.9,False,False
ST017,275,6,1443293.85,15.88,14.79,83.1,False,False
ST017,276,6,1413061.34,11.72,11.72,74.3,False,False
ST017,277,6,1189294.75,5.97,5.97,61.2,False,False
ST017,278,6,1326011.78,8.5,8.5,69.4,False,False
ST017,279,6,1425874.5,11.33,11.33,64.2,False,False
ST017,280,6,1572524.03,18.66,18.66,75.4,False,False
ST017,281,6,1440455.98,11.29,11.29,66.4,False,False
ST017,282,6,1412250.18,12.63,11.38,62.7,False,False
ST017,283,6,1327813.52,8.79,8.79,64.6,False,False
ST017,284,6,1447683.24,15.53,14.38,72.2,False,False
ST017,285,6,1347973.52,11.43,11.43,64.7,False,False
ST017,286,6,1431991.85,10.9,10.9,77.0,False,False
ST017,287,6,1533509.94,14.51,14.51,79.0,False,False
ST017,288,6,1355394.16,10.84,10.82,65.0,False,False
ST017,289,6,1223002.71,7.46,7.46,63.2,False,False
ST017,290,6,1297573.98,10.72,10.39,65.3,False,False
ST017,291,6,1404511.87,11.64,11.64,69.4,False,False
ST017,292,6,1358798.34,10.21,10.21,77.3,False,False
ST017,293,6,1176325.94,6.75,6.75,64.8,False,False
ST017,294,6,1438278.91,13.68,13.68,80.7,False,False
ST017,295,6,1497174.63,13.1,13.1,79.4,False,False
ST017,296,6,1237734.44,6.51,6.51,67.8,False,False
ST017,297,6,1305192.24,9.98,9.98,71.4,False,False
ST017,298,6,1103735.2,5.91,5.91,60.8,False,False
ST017,299,6,1608500.13,20.51,18.74,85.5,False,False
ST017,300,6,1337052.84,12.8,11.01,71.8,False,False
ST017,301,6,1151045.41,6.64,6.64,71.7,False,False
ST017,302,6,1613832.97,26.38,20.64,78.9,False,False
ST017,303,6,1328817.8,11.14,11.14,70.6,False,False
ST017,304,6,1156396.99,6.72,6.72,63.6,False,False
ST017,305,6,1149380.09,6.07,6.07,62.9,False,False
ST017,306,6,1542206.88,13.96,13.96,64.4,False,False
ST017,307,6,1250700.45,7.38,7.38,63.1,False,False
ST017,308,6,1026097.94,4.25,4.25,52.4,False,False
ST017,309,6,1211687.76,6.09,6.09,57.5,False,False
ST017,310,6,1249259.01,6.44,6.44,66.8,False,False
ST017,311,6,1403054.85,14.39,13.38,66.9,False,False
ST017,312,6,1350381.06,9.79,9.79,72.2,False,False
ST017,313,6,1479280.98,12.49,12.49,74.6,False,False
ST017,314,6,1182774.9,7.76,7.76,64.3,False,False
ST017,315,6,1381589.46,12.28,12.28,72.6,False,False
ST017,316,6,1140791.08,5.64,5.64,50.3,False,False
ST017,317,6,1344385.96,11.0,10.44,65.8,False,False
ST017,318,6,1244181.08,7.52,7.52,55.2,False,False
ST017,319,6,1495884.16,16.05,16.05,78.5,False,False
ST017,320,6,1464740.9,12.37,12.37,64.5,False,False
ST017,321,6,1467115.55,10.83,10.83,77.7,False,False
ST017,322,6,1388687.63,12.34,11.59,76.6,False,False
ST017,323,6,1400150.0,9.6,9.6,63.0,False,False
ST017,324,6,1423990.18,13.32,13.32,68.3,False,False
ST017,325,6,1447234.82,13.63,13.63,71.1,False,False
ST017,326,6,1596855.73,18.94,18.94,73.9,False,False
ST017,327,6,1401000.52,12.66,12.66,70.3,False,False
ST017,328,6,1604465.4,25.85,20.64,81.9,False,False
ST017,329,6,1227035.9,6.32,6.32,60.5,False,False
ST017,330,6,1174976.67,6.49,6.49,51.5,False,False
ST017,331,6,1267501.97,9.96,9.92,55.2,False,False
ST017,332,6,1418837.92,11.79,11.79,67.3,False,False
ST017,333,6,1473469.01,13.01,12.21,77.4,False,False
ST017,334,6,1250235.23,6.54,6.54,64.8,False,False
ST017,335,6,1513350.91,13.41,13.41,73.7,False,False
ST017,336,6,1051571.66,4.32,4.32,57.2,False,False
ST017,337,6,1204973.09,7.37,7.37,57.6,False,False
ST017,338,6,1397681.55,12.7,12.7,76.1,False,False
ST017,339,6,1432643.77,10.85,10.85,67.7,False,False
ST017,340,6,1578904.41,22.63,18.55,74.8,False,False
ST017,341,6,1409620.79,11.96,11.96,67.1,False,False
ST017,342,6,1460287.61,15.16,14.92,67.6,False,False
ST017,343,6,1244962.69,8.27,8.27,72.9,False,False
ST017,344,6,1454233.73,12.3,12.3,73.5,False,False
ST017,345,6,1341032.23,8.56,8.56,69.2,False,False
ST017,346,6,1507605.89,15.87,15.87,74.2,False,False
ST017,347,6,1282338.11,9.11,9.11,58.8,False,False
ST017,348,6,1455035.47,11.35,11.35,65.0,False,False
ST017,349,6,1440636.85,13.63,13.63,76.6,False,False
ST017,350,6,1530536.29,17.65,16.32,86.2,False,False
ST017,351,6,1061620.52,4.54,4.54,62.8,False,False
ST017,352,6,1214393.85,6.99,6.99,67.6,False,False
ST017,353,6,1564054.13,24.5,17.32,74.3,False,False
ST017,354,6,1322519.69,8.53,8.53,73.6,False,False
ST017,355,6,1092047.76,5.31,5.31,67.9,False,False
ST017,356,6,1310658.47,8.04,8.04,67.5,False,False
ST017,357,6,1341773.73,8.08,8.08,60.0,False,False
ST017,358,6,1429060.91,12.08,12.08,73.5,False,False
ST017,359,6,1239382.51,9.69,9.34,69.9,False,False
ST017,360,6,1424639.35,10.61,10.61,69.8,False,False
ST017,361,6,1230660.88,6.33,6.33,60.7,False,False
ST017,362,6,1291512.27,11.82,10.61,74.0,False,False
ST017,363,6,1248324.81,7.38,7.38,68.3,False,False
ST017,364,6,1581526.12,23.18,18.52,81.7,False,False
ST017,365,6,1367521.69,9.14,9.14,66.2,False,False
ST017,366,6,1362014.1,8.65,8.65,65.3,False,False
ST017,367,6,1153035.55,7.66,7.52,72.6,False,False
ST017,368,6,1229667.25,7.95,7.95,73.1,False,False
ST017,369,6,1445392.65,11.11,11.11,82.6,False,False
ST017,370,6,1304119.98,9.23,9.23,64.6,False,False
ST017,371,6,1361709.51,9.87,9.87,71.3,False,False
ST017,372,6,1369113.1,11.88,11.63,67.9,False,False
ST017,373,6,1333692.92,10.1,9.57,70.3,False,False
ST017,374,6,1178082.15,5.83,5.83,58.5,False,False
ST017,375,6,1322149.96,8.21,8.21,71.0,False,False
ST017,376,6,1032298.65,4.22,4.22,60.1,False,False
ST017,377,6,1327533.86,10.31,10.31,71.9,False,False
ST017,378,6,1136399.15,5.9,5.9,68.0,False,False
ST017,379,6,1294155.7,8.95,8.95,61.5,False,False
ST017,380,6,1197892.08,6.96,6.96,61.7,False,False
ST017,381,6,1483755.8,14.82,14.82,64.5,False,False
ST017,382,6,1185990.67,6.14,6.14,59.8,False,False
ST017,383,6,1162842.03,5.86,5.86,67.5,False,False
ST017,384,6,1352279.77,11.16,11.16,70.0,False,False
ST017,385,6,1250234.24,8.55,8.55,57.0,False,False
ST017,386,6,1076247.57,5.44,5.44,64.8,False,False
ST017,387,6,1493035.91,17.3,16.58,81.2,False,False
ST017,388,6,1271360.93,7.61,7.61,76.0,False,False
ST017,389,6,1615296.47,23.45,20.64,76.7,False,False
ST017,390,6,1427077.02,10.85,10.85,71.3,False,False
ST017,391,6,1334305.22,8.38,8.38,66.8,False,False
ST017,392,6,1057171.34,4.45,4.45,55.7,False,False
ST017,393,6,1321681.35,10.33,10.33,75.9,False,False
ST017,394,6,1224352.32,8.6,8.6,65.6,False,False
ST017,395,6,1508868.73,12.03,12.03,66.9,False,False
ST017,396,6,1343478.74,9.53,9.53,63.9,False,False
ST017,397,6,1302418.72,10.39,9.94,60.4,False,False
ST017,398,6,1355157.33,9.66,9.66,71.0,False,False
ST017,399,6,1390997.98,13.2,13.2,79.0,False,False
ST017,400,6,1534366.68,12.56,12.56,73.7,False,False
ST017,401,6,1256748.97,9.53,9.12,67.4,False,False
ST017,402,6,1488826.24,13.3,13.3,69.7,False,False
ST017,403,6,1324801.37,10.12,10.12,67.3,False,False
ST017,404,6,1458828.21,13.82,13.82,82.3,False,False
ST017,405,6,1324742.74,10.3,9.85,71.5,False,False
ST017,406,6,1317634.74,9.34,9.34,59.0,False,False
ST017,407,6,1252954.43,8.8,8.8,63.9,False,False
ST017,408,6,1452026.94,16.87,14.38,84.6,False,False
ST017,409,6,1452210.03,10.97,10.97,70.5,False,False
ST017,410,6,1179052.48,6.51,6.51,51.9,False,False
ST017,411,6,1521006.02,13.03,13.03,65.4,False,False
ST017,412,6,1518238.55,17.46,16.75,78.3,False,False
ST017,413,6,1243025.26,9.03,8.99,64.9,False,False
ST017,414,6,1444691.43,14.84,13.45,84.1,False,False
ST017,415,6,1372880.58,12.45,11.59,69.0,False,False
ST017,416,6,1484551.12,13.71,13.42,79.2,False,False
ST017,417,6,1337996.66,9.13,9.13,62.8,False,False
ST017,418,6,1317046.75,8.06,8.06,64.0,False,False
ST017,419,6,1130217.05,5.49,5.49,56.6,False,False
ST017,420,6,1406526.02,10.95,10.95,75.6,False,False
ST017,421,6,1271232.71,11.12,10.46,62.9,False,False
ST017,422,6,1310614.16,7.93,7.93,54.7,False,False
ST017,423,6,1270971.29,8.12,8.12,63.7,False,False
ST017,424,6,1178452.9,6.14,6.14,64.2,False,False
ST017,425,6,1508745.18,14.49,13.38,80.6,False,False
ST017,426,6,1161388.34,6.86,6.86,62.6,False,False
ST017,427,6,1512277.92,13.71,13.71,72.0,False,False
ST017,428,6,1297107.75,9.29,9.29,61.4,False,False
ST017,429,6,1240486.69,6.75,6.75,54.5,False,False
ST017,430,6,1069975.88,4.73,4.73,50.6,False,False
ST017,431,6,1196834.47,5.98,5.98,72.6,False,False
ST017,432,6,1242012.12,9.17,8.86,59.4,False,False
ST017,433,6,1498186.29,16.79,15.3,74.2,False,False
ST017,434,6,1225875.12,7.93,7.93,59.9,False,False
ST017,435,6,1138221.16,5.25,5.25,67.5,False,False
ST017,436,6,1308638.59,7.82,7.82,62.0,False,False
ST017,437,6,1127327.44,5.3,5.3,65.6,False,False
ST017,438,6,1246340.96,6.57,6.57,58.5,False,False
ST017,439,6,1422881.49,9.9,9.9,66.7,False,False
ST017,440,6,1318364.84,8.12,8.12,56.0,False,False
ST017,441,6,1489113.94,16.09,16.09,71.3,False,False
ST017,442,6,1303401.18,8.99,8.99,65.9,False,False
ST017,443,6,1122326.89,5.72,5.72,61.3,False,False
ST017,444,6,1064376.85,4.44,4.44,55.6,False,False
ST017,445,6,1528431.32,14.54,14.54,73.7,False,False
ST017,446,6,1208868.52,8.09,8.09,55.8,False,False
ST017,447,6,1315679.2,9.72,9.72,68.1,False,False
ST017,448,6,1510224.26,16.97,15.39,82.5,False,False
ST017,449,6,1365391.02,10.97,10.97,62.6,False,False
ST017,450,6,1185475.33,7.53,7.45,72.0,False,False
ST017,451,6,1476784.54,17.79,16.09,74.3,False,False
ST017,452,6,1296879.44,9.77,9.77,72.8,False,False
ST017,453,6,1414753.22,9.53,9.53,47.8,False,True
ST017,454,6,1215907.54,9.23,8.83,65.1,False,False
ST017,455,6,1169910.42,5.77,5.77,59.7,False,False
ST017,456,6,1587675.26,20.54,20.54,84.3,False,False
ST017,457,6,1413413.09,12.0,11.34,72.8,False,False
ST017,458,6,1305614.82,9.15,9.15,60.7,False,False
ST017,459,6,1546578.2,16.85,16.85,75.8,False,False
ST017,460,6,1241162.53,7.06,7.06,65.9,False,False
ST017,461,6,1257808.02,8.44,8.44,63.5,False,False
ST017,462,6,1302079.35,7.22,7.22,53.8,False,False
ST017,463,6,1413026.5,10.6,10.54,77.8,False,False
ST017,464,6,1372160.8,11.21,11.21,62.2,False,False
ST017,465,6,1335829.98,9.25,9.25,66.4,False,False
ST017,466,6,1489837.85,14.26,14.26,73.7,False,False
ST017,467,6,1357908.64,9.79,9.79,68.6,False,False
ST017,468,6,1062152.81,4.65,4.65,62.4,False,False
ST017,469,6,1444229.65,10.48,10.48,71.5,False,False
ST017,470,6,1143127.55,5.87,5.87,57.2,False,False
ST017,471,6,1410978.35,13.43,12.37,76.6,False,False
ST017,472,6,1398746.52,10.2,10.2,64.0,False,False
ST017,473,6,1527344.78,18.16,17.18,85.4,False,False
ST017,474,6,1497508.98,15.56,15.56,80.1,False,False
ST017,475,6,1251239.49,10.09,9.43,73.3,False,False
ST017,476,6,1411021.45,16.02,13.38,83.3,False,False
ST017,477,6,1179147.33,6.24,6.24,68.9,False,False
ST017,478,6,1314822.12,10.25,10.25,61.8,False,False
ST017,479,6,1515568.02,14.09,14.09,79.2,False,False
ST017,480,6,1231485.02,6.06,6.06,61.5,False,False
ST017,481,6,1482090.34,10.51,10.51,61.5,False,False
ST017,482,6,1398390.06,10.18,10.18,67.8,False,False
ST017,483,6,1539931.87,16.74,16.74,90.1,False,False
ST017,484,6,1563783.39,17.32,17.32,81.2,False,False
ST017,485,6,1529442.36,19.26,17.48,77.0,False,False
ST017,486,6,1210322.72,7.3,7.3,54.9,False,False
ST017,487,6,1472093.72,12.85,12.85,79.9,False,False
ST017,488,6,1474240.45,11.8,11.8,73.0,False,False
ST017,489,6,1278619.75,9.55,9.55,76.4,False,False
ST017,490,6,1207631.7,7.87,7.71,71.3,False,False
ST017,491,6,1382108.46,12.63,11.7,74.7,False,False
ST017,492,6,1388818.94,11.56,10.94,70.7,False,False
ST017,493,6,1317011.43,8.65,8.65,65.3,False,False
ST017,494,6,1403629.51,12.03,12.03,61.1,False,False
ST017,495,6,1365337.62,10.95,10.95,65.2,False,False
ST017,496,6,1268715.52,8.61,8.61,59.5,False,False
ST017,497,6,1016740.44,4.03,4.03,66.8,False,False
ST017,498,6,1141406.29,5.43,5.43,65.1,False,False
ST017,499,6,1388273.5,11.26,11.26,78.4,False,False
ST017,500,6,1064013.3,5.34,5.34,52.4,False,False
ST017,501,6,1291039.0,8.27,8.27,59.2,False,False
ST017,502,6,1261266.75,7.09,7.09,56.8,False,False
ST017,503,6,1298540.44,8.94,8.94,60.3,False,False
ST017,504,6,1226453.04,6.7,6.7,58.2,False,False
ST017,505,6,1371626.45,8.52,8.52,70.8,False,False
ST017,506,6,1375979.09,13.56,11.91,76.5,False,False
ST017,507,6,1375029.24,11.62,11.45,66.7,False,False
ST017,508,6,1562591.3,16.75,16.75,74.7,False,False
ST017,509,6,1329383.28,9.75,9.29,78.2,False,False
ST017,510,6,1197105.15,6.53,6.53,57.4,False,False
ST017,511,6,1562660.16,16.87,16.87,72.3,False,False
ST017,512,6,1490540.15,14.17,14.17,73.6,False,False
ST017,513,6,1377156.79,8.88,8.88,69.1,False,False
ST017,514,6,1448281.51,13.85,13.85,77.8,False,False
ST017,515,6,1366712.67,10.14,10.14,75.9,False,False
ST017,516,6,1611501.04,20.46,20.11,85.4,False,False
ST017,517,6,1613907.17,18.87,18.87,82.4,False,False
ST017,518,6,1265152.01,7.01,7.01,68.6,False,False
ST017,519,6,1400528.77,12.46,11.71,69.2,False,False
ST017,520,6,1212186.22,8.41,8.2,65.3,False,False
ST017,521,6,1310541.2,9.61,9.61,69.4,False,False
ST017,522,6,1188422.62,8.78,8.23,58.0,False,False
ST017,523,6,1357360.3,10.92,10.29,73.0,False,False
ST017,524,6,1425137.74,10.2,10.2,67.4,False,False
ST017,525,6,1441159.38,10.65,10.65,76.0,False,False
ST017,526,6,1479259.35,14.63,14.63,81.0,False,False
ST017,527,6,1340729.15,13.96,11.75,68.6,False,False
ST017,528,6,1466424.04,13.97,12.88,77.3,False,False
ST017,529,6,1347970.44,9.75,9.75,71.3,False,False
ST017,530,6,1278271.66,10.24,9.81,71.0,False,False
ST017,531,6,1073159.89,4.98,4.98,65.4,False,False
ST017,532,6,1397711.23,8.61,8.61,76.1,False,False
ST017,533,6,1312632.98,11.3,10.9,72.1,False,False
ST017,534,6,1235674.83,6.84,6.84,57.9,False,False
ST017,535,6,1310311.57,10.69,9.68,65.2,False,False
ST017,536,6,1333475.14,7.88,7.88,68.2,False,False
ST017,537,6,1241481.71,6.96,6.96,51.0,False,False
ST017,538,6,1203031.2,8.53,8.31,65.1,False,False
ST017,539,6,1393813.48,10.64,10.64,80.8,False,False
ST017,540,6,1185536.7,6.82,6.82,62.8,False,False
ST017,541,6,1154925.5,5.67,5.67,69.3,False,False
ST017,542,6,1167878.45,5.58,5.58,66.0,False,False
ST017,543,6,1537388.34,23.0,17.96,77.8,False,False
ST017,544,6,1406192.03,12.05,12.05,72.2,False,False
ST017,545,6,1317234.97,10.13,10.13,70.6,False,False
ST017,546,6,1096851.15,5.97,5.97,66.8,False,False
ST017,547,6,1281675.89,7.69,7.69,67.1,False,False
ST017,548,6,1451631.48,13.03,13.03,68.5,False,False
ST017,549,6,1424712.72,12.12,12.12,76.5,False,False
ST017,550,6,1334592.63,10.62,10.22,71.4,False,False
ST017,551,6,1492160.5,16.12,14.72,77.8,False,False
ST017,552,6,1204225.25,6.6,6.6,62.8,False,False
ST017,553,6,1400718.19,9.25,9.25,62.4,False,False
ST017,554,6,1425220.62,12.15,12.15,63.6,False,False
ST017,555,6,1254149.88,9.29,9.29,74.2,False,False
ST017,556,6,1267268.45,7.25,7.25,55.5,False,False
ST017,557,6,1224348.78,7.11,7.11,67.1,False,False
ST017,558,6,1524148.83,15.79,14.38,88.5,False,False
ST017,559,6,1316423.28,10.54,10.02,67.6,False,False
ST017,560,6,1648846.65,21.12,20.64,82.6,False,False
ST017,561,6,1197759.23,6.46,6.46,65.6,False,False
ST017,562,6,1426980.06,12.76,12.76,75.4,False,False
ST017,563,6,1349361.86,8.79,8.79,69.2,False,False
ST017,564,6,1356592.37,14.02,12.28,79.2,False,False
ST017,565,6,1125813.72,5.44,5.44,59.5,False,False
ST017,566,6,1306206.1,7.13,7.13,69.6,False,False
ST017,567,6,1157724.57,6.77,6.75,68.3,False,False
ST017,568,6,1426699.62,11.51,11.51,68.8,False,False
ST017,569,6,1285037.41,7.91,7.91,68.6,False,False
ST017,570,6,1523924.34,16.12,14.85,80.5,False,False
ST017,571,6,1296688.81,8.14,8.14,55.3,False,False
ST017,572,6,1442424.64,12.47,12.47,72.9,False,False
ST017,573,6,1318804.32,8.02,8.02,56.1,False,False
ST017,574,6,1476177.44,14.77,14.77,72.7,False,False
ST017,575,6,1350741.49,12.53,10.98,69.5,False,False
ST017,576,6,1374739.06,11.07,11.07,78.1,False,False
ST017,577,6,1240432.71,8.82,8.82,63.6,False,False
ST017,578,6,1398585.3,10.59,10.59,76.8,False,False
ST017,579,6,1467353.16,11.96,11.96,65.6,False,False
ST017,580,6,1166645.62,6.88,6.88,64.6,False,False
ST017,581,6,1464961.44,11.39,11.39,66.0,False,False
ST017,582,6,1363052.06,9.17,9.17,65.6,False,False
ST017,583,6,1349766.64,10.44,10.44,75.8,False,False
ST017,584,6,1309754.07,9.43,9.08,72.4,False,False
ST017,585,6,1361999.6,10.08,10.08,57.8,False,False
ST017,586,6,1530609.57,16.54,16.54,76.9,False,False
ST017,587,6,1585928.16,19.16,17.96,76.6,False,False
ST017,588,6,1384742.45,9.15,9.15,63.4,False,False
ST017,589,6,1438545.68,12.02,12.02,71.9,False,False
ST017,590,6,1345945.06,10.14,10.14,61.6,False,False
ST017,591,6,1190840.57,6.15,6.15,58.9,False,False
ST017,592,6,1402131.71,11.68,11.68,69.3,False,False
ST017,593,6,1058157.52,4.98,4.98,57.3,False,False
ST017,594,6,1430996.52,12.87,12.87,74.3,False,False
ST017,595,6,1511000.63,15.05,15.05,85.6,False,False
ST017,596,6,1416599.7,15.03,14.59,81.2,False,False
ST017,597,6,1430456.99,12.82,12.82,76.4,False,False
ST017,598,6,1420311.66,11.35,11.35,69.5,False,False
ST017,599,6,1353609.35,11.49,11.49,69.3,False,False
ST017,600,6,1282753.27,7.52,7.52,62.4,False,False
ST017,601,6,1175902.37,7.42,7.29,59.2,False,False
ST017,602,6,1215780.69,6.61,6.61,60.8,False,False
ST017,603,6,1340198.9,8.98,8.98,72.2,False,False
ST017,604,6,1375735.72,12.26,12.26,77.9,False,False
ST017,605,6,1584455.31,17.8,17.8,90.8,False,False
ST017,606,6,1247361.56,7.66,7.66,68.3,False,False
ST017,607,6,1086684.91,4.99,4.99,65.6,False,False
ST017,608,6,1158439.77,7.0,7.0,57.0,False,False
ST017,609,6,1501424.24,15.09,15.09,69.1,False,False
ST017,610,6,1281749.42,7.59,7.59,64.6,False,False
ST017,611,6,1373166.95,9.99,9.99,70.9,False,False
ST017,612,6,1397639.77,12.04,11.91,78.9,False,False
ST017,613,6,1471669.4,11.81,11.81,77.3,False,False
ST017,614,6,1345347.09,10.99,10.43,71.6,False,False
ST017,615,6,1353503.13,9.6,9.6,72.1,False,False
ST017,616,6,1409463.77,14.0,13.68,77.7,False,False
ST017,617,6,1164149.2,5.96,5.96,53.2,False,False
ST017,618,6,1521803.34,14.85,14.85,83.9,False,False
ST017,619,6,1297260.85,7.59,7.59,66.3,False,False
ST017,620,6,1444930.25,12.34,12.34,80.6,False,False
ST017,621,6,1192085.8,6.3,6.3,69.3,False,False
ST017,622,6,1067747.37,5.02,5.02,56.1,False,False
ST017,623,6,1243571.15,6.74,6.74,51.6,False,False
ST017,624,6,1090631.72,4.87,4.87,66.7,False,False
ST017,625,6,1026215.81,4.08,4.08,67.0,False,False
ST017,626,6,1428390.61,11.82,11.82,67.4,False,False
ST017,627,6,1142633.8,7.23,7.07,58.2,False,False
ST017,628,6,1201136.04,6.16,6.16,67.2,False,False
ST017,629,6,1336377.25,12.32,11.65,76.1,False,False
ST017,630,6,1193154.88,7.26,7.2,56.7,False,False
ST017,631,6,1133387.5,7.61,7.61,68.2,False,False
ST017,632,6,1515508.34,13.36,13.36,64.8,False,False
ST017,633,6,1248604.11,7.76,7.76,62.8,False,False
ST017,634,6,1240574.75,6.77,6.77,60.7,False,False
ST017,635,6,1023003.11,4.04,4.04,53.4,False,False
ST017,636,6,1106135.49,5.19,5.19,68.0,False,False
ST017,637,6,1404383.43,9.71,9.71,62.0,False,False
ST017,638,6,1267935.59,8.98,8.98,71.7,False,False
ST017,639,6,1412241.99,11.53,11.53,68.3,False,False
ST017,640,6,1394732.59,11.88,11.88,75.7,False,False
ST017,641,6,1332671.98,10.58,9.96,70.6,False,False
ST017,642,6,1517395.91,14.9,14.9,70.5,False,False
ST017,643,6,1248483.59,7.92,7.92,59.0,False,False
ST017,644,6,1158163.87,6.68,6.68,62.2,False,False
ST017,645,6,1418505.06,13.92,12.99,84.0,False,False
ST017,646,6,1258127.65,10.14,9.29,65.5,False,False
ST017,647,6,1359969.84,8.91,8.91,67.8,False,False
ST017,648,6,1406462.01,11.4,10.76,69.8,False,False
ST017,649,6,1271919.26,8.43,8.43,64.9,False,False
ST017,650,6,1383808.13,10.95,10.95,61.4,False,False
ST017,651,6,1416465.98,11.14,11.14,67.2,False,False
ST017,652,6,1376217.78,9.42,9.42,59.3,False,False
ST017,653,6,1422364.96,13.07,13.07,73.7,False,False
ST017,654,6,1440744.62,11.82,11.82,77.6,False,False
ST017,655,6,1238332.67,6.48,6.48,51.9,False,False
ST017,656,6,1368152.5,10.85,10.85,74.5,False,False
ST017,657,6,1239441.43,8.06,8.06,65.7,False,False
ST017,658,6,1205904.9,6.21,6.21,68.9,False,False
ST017,659,6,1393273.87,10.58,10.58,70.7,False,False
ST017,660,6,1391245.83,11.13,11.13,65.2,False,False
ST017,661,6,1099444.62,5.22,5.22,59.2,False,False
ST017,662,6,1281888.45,8.86,8.86,66.8,False,False
ST017,663,6,1002935.83,3.96,3.96,54.4,False,False
ST017,664,6,1445164.22,13.6,13.6,72.6,False,False
ST017,665,6,1403677.91,12.05,12.05,65.9,False,False
ST017,666,6,1007799.7,4.06,4.06,58.2,False,False
ST017,667,6,1398457.81,10.19,10.19,70.3,False,False
ST017,668,6,1263826.14,6.83,6.83,69.1,False,False
ST017,669,6,1281484.01,9.7,9.56,58.9,False,False
ST017,670,6,1588573.53,17.58,17.58,80.1,False,False
ST017,671,6,1382924.74,8.95,8.95,77.9,False,False
ST017,672,6,1344391.46,9.43,9.43,59.2,False,False
ST017,673,6,1269089.32,7.69,7.69,62.8,False,False
ST017,674,6,1426553.25,11.85,11.85,68.2,False,False
ST017,675,6,1586017.97,18.17,18.17,88.3,False,False
ST017,676,6,1408449.6,14.08,13.14,72.7,False,False
ST017,677,6,1502972.52,13.0,13.0,72.9,False,False
ST017,678,6,1377065.08,9.0,9.0,67.0,False,False
ST017,679,6,1209526.41,6.81,6.81,63.6,False,False
ST017,680,6,1409656.47,12.46,12.46,58.9,False,False
ST017,681,6,1452930.03,11.87,11.87,73.4,False,False
ST017,682,6,1335534.65,9.98,9.98,65.5,False,False
ST017,683,6,1095212.21,5.16,5.16,68.0,False,False
ST017,684,6,1523375.55,16.32,16.32,79.6,False,False
ST017,685,6,1200685.83,6.61,6.61,55.7,False,False
ST017,686,6,1316718.86,10.31,10.31,75.6,False,False
ST017,687,6,1561665.45,17.29,17.29,84.5,False,False
ST017,688,6,1339704.13,9.09,9.09,70.3,False,False
ST017,689,6,1314322.79,9.32,9.32,68.7,False,False
ST017,690,6,1179343.73,7.6,7.54,67.7,False,False
ST017,691,6,1420374.48,12.21,12.21,73.6,False,False
ST017,692,6,1459278.17,14.15,14.15,70.7,False,False
ST017,693,6,1479726.75,12.05,12.05,74.1,False,False
ST017,694,6,1295512.53,8.87,8.87,61.5,False,False
ST017,695,6,1428633.24,14.92,12.87,67.7,False,False
ST017,696,6,1511304.65,15.24,15.24,69.7,False,False
ST017,697,6,1311994.64,8.26,8.26,61.8,False,False
ST017,698,6,1342155.51,12.53,12.06,72.1,False,False
ST017,699,6,1361818.0,9.03,9.03,64.0,False,False
ST017,700,6,1300080.09,10.4,9.92,64.1,False,False
ST017,701,6,1206069.37,8.19,8.02,63.8,False,False
ST017,702,6,1550528.45,20.17,18.78,81.6,False,False
ST017,703,6,1233887.57,10.08,9.69,74.6,False,False
ST017,704,6,1518169.08,14.77,14.77,87.4,False,False
ST017,705,6,1381535.0,9.61,9.61,63.4,False,False
ST017,706,6,1413550.98,10.54,10.54,63.5,False,False
ST017,707,6,1466313.03,15.93,14.23,71.5,False,False
ST017,708,6,1303888.7,10.52,10.52,79.7,False,False
ST017,709,6,1486033.84,15.84,14.53,77.5,False,False
ST017,710,6,1265303.53,7.04,7.04,61.3,False,False
ST017,711,6,1562550.22,17.06,17.06,86.3,False,False
ST017,712,6,1222545.4,7.65,7.65,63.7,False,False
ST017,713,6,1475364.31,11.73,11.73,76.3,False,False
ST017,714,6,1281066.86,9.44,9.0,65.2,False,False
ST017,715,6,1067575.05,4.46,4.46,59.9,False,False
ST017,716,6,1287126.34,7.38,7.38,73.7,False,False
ST017,717,6,1571320.34,27.6,18.73,90.5,False,False
ST017,718,6,1201447.21,7.98,7.73,67.4,False,False
ST017,719,6,1143402.79,6.87,6.87,64.4,False,False
ST017,720,6,1368997.54,9.97,9.97,71.1,False,False
ST017,721,6,1466656.53,14.07,13.05,69.7,False,False
ST017,722,6,1371818.42,10.4,10.4,62.1,False,False
ST017,723,6,1439706.43,12.18,12.18,75.0,False,False
ST017,724,6,1493732.54,14.88,14.88,76.3,False,False
ST017,725,6,1407810.41,12.14,11.47,69.0,False,False
ST017,726,6,1337113.6,8.94,8.94,62.5,False,False
ST017,727,6,1560421.37,21.86,18.24,87.3,False,False
ST017,728,6,1432689.98,9.68,9.68,63.8,False,False
ST017,729,6,1401414.92,12.53,11.83,72.3,False,False
ST017,730,6,1216272.8,7.61,7.42,51.6,False,False
ST017,731,6,1394971.52,9.65,9.65,63.6,False,False
ST017,732,6,1286043.7,6.74,6.74,66.0,False,False
ST017,733,6,1350965.8,10.44,10.44,71.1,False,False
ST017,734,6,1301340.78,7.72,7.72,73.4,False,False
ST017,735,6,1474301.37,15.31,14.95,77.8,False,False
ST017,736,6,1295844.88,6.99,6.99,60.7,False,False
ST017,737,6,1512537.03,17.35,16.93,74.1,False,False
ST017,738,6,1183984.05,5.7,5.7,70.0,False,False
ST017,739,6,1468816.41,13.03,13.03,81.8,False,False
ST017,740,6,1205304.54,7.11,7.11,54.9,False,False
ST017,741,6,1108581.47,6.66,6.6,62.9,False,False
ST017,742,6,1339144.68,11.66,11.27,71.2,False,False
ST017,743,6,1386168.38,13.3,11.62,85.4,False,False
ST017,744,6,1310425.05,9.79,9.79,63.1,False,False
ST017,745,6,1032804.11,4.12,4.12,61.6,False,False
ST017,746,6,1176565.11,5.83,5.83,59.8,False,False
ST017,747,6,1244846.48,7.12,7.12,60.0,False,False
ST017,748,6,1218405.44,7.45,7.45,67.6,False,False
ST017,749,6,1131008.72,5.24,5.24,59.1,False,False
ST017,750,6,1313279.84,9.89,9.8,69.9,False,False
ST017,751,6,1385091.02,10.31,10.31,64.8,False,False
ST017,752,6,1462832.49,12.4,12.4,75.4,False,False
ST017,753,6,1448606.03,10.26,10.26,63.9,False,False
ST017,754,6,1354960.35,8.26,8.26,61.7,False,False
ST017,755,6,1216637.44,8.7,8.7,63.7,False,False
ST017,756,6,1248837.69,8.06,8.06,72.9,False,False
ST017,757,6,1423884.94,10.17,10.17,69.1,False,False
ST017,758,6,1268894.28,8.85,8.85,60.4,False,False
ST017,759,6,1283417.52,7.99,7.99,68.6,False,False
ST017,760,6,1276860.42,9.92,9.85,65.6,False,False
ST017,761,6,1253040.77,7.43,7.43,66.7,False,False
ST017,762,6,1315484.04,9.42,9.05,65.9,False,False
ST017,763,6,1304878.62,9.23,8.88,63.3,False,False
ST017,764,6,1296541.91,7.48,7.48,68.4,False,False
ST017,765,6,1537063.41,13.49,13.49,64.4,False,False
ST017,766,6,1201717.61,6.22,6.22,56.9,False,False
ST017,767,6,1424938.99,10.65,10.65,65.8,False,False
ST017,768,6,1362309.13,12.42,12.42,76.3,False,False
ST017,769,6,1307858.59,10.02,9.5,74.7,False,False
ST017,770,6,1349608.85,10.89,10.89,71.3,False,False
ST017,771,6,1378261.17,9.45,9.45,72.3,False,False
ST017,772,6,1313386.4,9.57,9.57,63.0,False,False
ST017,773,6,1247555.49,6.7,6.7,56.4,False,False
ST017,774,6,1168407.66,6.96,6.85,54.0,False,False
ST017,775,6,1368033.01,10.49,10.49,64.1,False,False
ST017,776,6,1188641.78,6.72,6.72,64.8,False,False
ST017,777,6,1249199.48,8.29,8.29,63.9,False,False
ST017,778,6,1239542.15,8.11,8.11,73.5,False,False
ST017,779,6,1494988.03,13.29,13.29,73.7,False,False
ST017,780,6,1198244.73,6.19,6.19,66.9,False,False
ST017,781,6,1269759.38,7.64,7.64,65.6,False,False
ST017,782,6,1188386.89,5.73,5.73,59.8,False,False
ST017,783,6,1288549.04,7.15,7.15,62.4,False,False
ST017,784,6,1158905.94,6.68,6.68,58.9,False,False
ST017,785,6,1170406.43,6.22,6.22,70.4,False,False
ST017,786,6,1360229.6,8.35,8.35,70.0,False,False
ST017,787,6,1177676.58,7.14,7.02,73.7,False,False
ST017,788,6,1241622.19,7.21,7.21,61.5,False,False
ST017,789,6,1012682.48,4.27,4.27,53.5,False,False
ST017,790,6,1431595.63,12.01,12.01,71.8,False,False
ST017,791,6,1332947.25,9.67,9.67,70.9,False,False
ST017,792,6,1495718.0,14.72,14.72,80.5,False,False
ST017,793,6,1186510.72,6.16,6.16,61.6,False,False
ST017,794,6,1494923.83,14.89,14.89,76.7,False,False
ST017,795,6,1439612.89,10.54,10.54,67.1,False,False
ST017,796,6,1235782.16,8.72,8.37,77.5,False,False
ST017,797,6,1337237.26,9.36,9.36,73.3,False,False
ST017,798,6,1436434.15,14.35,14.35,70.5,False,False
ST017,799,6,1471865.5,13.96,12.92,83.6,False,False
ST017,800,6,1342177.96,10.25,10.25,75.3,False,False
ST017,801,6,1304567.9,9.25,9.25,68.8,False,False
ST017,802,6,1243293.66,8.76,8.76,70.5,False,False
ST017,803,6,1371886.23,9.98,9.98,64.8,False,False
ST017,804,6,1097648.73,5.14,5.14,64.0,False,False
ST017,805,6,1378093.32,10.09,10.09,62.2,False,False
ST017,806,6,1551909.45,16.41,16.41,82.7,False,False
ST017,807,6,1225699.25,8.32,8.18,62.9,False,False
ST017,808,6,1374566.83,9.75,9.75,68.9,False,False
ST017,809,6,1195148.2,7.19,7.06,66.3,False,False
ST017,810,6,1483835.74,13.79,13.79,82.3,False,False
ST017,811,6,1340784.97,9.25,9.25,73.9,False,False
ST017,812,6,1053919.28,4.72,4.72,59.6,False,False
ST017,813,6,1367728.62,10.83,10.83,71.4,False,False
ST017,814,6,1398248.42,9.83,9.83,71.4,False,False
ST017,815,6,1342250.5,8.25,8.25,73.6,False,False
ST017,816,6,1013285.63,4.91,4.91,53.1,False,False
ST017,817,6,1622212.1,24.73,20.64,81.8,False,False
ST017,818,6,1268741.26,7.05,7.05,56.6,False,False
ST017,819,6,1387474.67,12.84,12.02,71.3,False,False
ST017,820,6,1493378.88,14.49,13.43,71.9,False,False
ST017,821,6,1433376.54,12.26,12.26,75.0,False,False
ST017,822,6,1448241.24,13.13,12.93,72.8,False,False
ST017,823,6,1292397.78,8.09,8.09,65.9,False,False
ST017,824,6,1166792.4,5.88,5.88,55.4,False,False
ST017,825,6,1431143.5,12.48,12.48,80.9,False,False
ST017,826,6,1266318.73,8.27,8.27,60.5,False,False
ST017,827,6,1419134.13,11.59,11.59,69.5,False,False
ST017,828,6,1188636.57,8.43,8.21,73.6,False,False
ST017,829,6,1376075.37,9.84,9.84,72.2,False,False
ST017,830,6,1178714.75,7.21,7.21,65.3,False,False
ST017,831,6,1246917.8,8.53,8.25,71.8,False,False
ST017,832,6,1313090.21,10.69,10.47,66.4,False,False
ST017,833,6,1375287.23,10.26,10.26,53.7,False,False
ST017,834,6,1242883.88,7.03,7.03,67.8,False,False
ST017,835,6,1395807.77,11.97,11.97,74.0,False,False
ST017,836,6,1263575.86,7.03,7.03,72.8,False,False
ST017,837,6,1243382.51,6.48,6.48,67.1,False,False
ST017,838,6,1646139.29,29.98,20.63,83.7,False,False
ST017,839,6,1144983.81,6.58,6.58,49.7,False,True
ST017,840,6,1438777.29,12.4,12.4,76.5,False,False
ST017,841,6,1401893.52,11.6,11.6,73.2,False,False
ST017,842,6,1089068.71,4.49,4.49,59.9,False,False
ST017,843,6,1023829.31,4.04,4.04,50.6,False,False
ST017,844,6,1356816.64,8.84,8.84,67.1,False,False
ST017,845,6,1343479.56,10.2,10.2,75.6,False,False
ST017,846,6,1447884.53,15.67,14.51,81.2,False,False
ST017,847,6,1382526.26,11.37,11.37,79.0,False,False
ST017,848,6,1313298.41,7.5,7.5,65.7,False,False
ST017,849,6,1140059.73,6.01,6.01,58.1,False,False
ST017,850,6,1430457.45,10.14,10.14,72.7,False,False
ST017,851,6,1440084.11,11.74,11.74,75.8,False,False
ST017,852,6,1398988.01,10.7,10.7,70.6,False,False
ST017,853,6,1500337.79,16.66,16.66,69.8,False,False
ST017,854,6,1412007.99,10.49,10.49,64.8,False,False
ST017,855,6,1318104.48,7.29,7.29,62.0,False,False
ST017,856,6,1270828.21,7.69,7.69,66.5,False,False
ST017,857,6,1391133.83,10.37,10.37,63.2,False,False
ST017,858,6,1287956.53,8.63,8.38,71.4,False,False
ST017,859,6,1427862.54,12.22,12.22,73.5,False,False
ST017,860,6,1296981.59,8.56,8.56,59.4,False,False
ST017,861,6,1341889.81,10.67,10.67,70.3,False,False
ST017,862,6,1361195.11,12.67,11.86,75.3,False,False
ST017,863,6,1467919.83,11.78,11.78,58.1,False,False
ST017,864,6,1244466.35,7.18,7.18,62.4,False,False
ST017,865,6,1295443.07,7.75,7.75,66.8,False,False
ST017,866,6,1274594.95,8.52,8.52,71.0,False,False
ST017,867,6,1458971.26,18.85,14.86,88.7,False,False
ST017,868,6,1355879.84,9.58,9.58,70.4,False,False
ST017,869,6,1175138.73,5.98,5.98,64.6,False,False
ST017,870,6,1242591.13,8.1,8.1,70.9,False,False
ST017,871,6,1354789.97,12.39,12.08,70.9,False,False
ST017,872,6,1482868.69,14.46,14.46,78.2,False,False
ST017,873,6,1209409.77,7.1,7.1,72.1,False,False
ST017,874,6,1365562.73,11.42,11.34,68.2,False,False
ST017,875,6,1198517.1,7.65,7.65,60.3,False,False
ST017,876,6,1352994.88,9.73,9.73,69.5,False,False
ST017,877,6,1397248.09,11.17,10.49,76.3,False,False
ST017,878,6,1297295.18,9.38,9.38,72.9,False,False
ST017,879,6,1511647.6,14.78,14.47,81.3,False,False
ST017,880,6,1334111.7,9.73,9.73,65.9,False,False
ST017,881,6,1345976.46,10.6,10.6,66.6,False,False
ST017,882,6,1641256.1,29.23,20.64,75.7,False,False
ST017,883,6,1335617.79,10.08,10.08,65.6,False,False
ST017,884,6,1344466.62,8.27,8.27,65.4,False,False
ST017,885,6,1403007.1,12.1,11.75,77.4,False,False
ST017,886,6,1436903.49,12.22,12.22,70.6,False,False
ST017,887,6,1186944.78,6.85,6.85,73.3,False,False
ST017,888,6,1398390.49,11.52,11.52,79.1,False,False
ST017,889,6,1494642.38,12.7,12.7,80.4,False,False
ST017,890,6,1135764.24,7.17,7.12,75.3,False,False
ST017,891,6,1346955.36,9.57,9.57,70.7,False,False
ST017,892,6,1484789.75,13.3,13.3,71.7,False,False
ST017,893,6,1356705.35,8.28,8.28,61.4,False,False
ST017,894,6,1333249.73,12.22,11.3,72.7,False,False
ST017,895,6,1587400.75,19.17,19.17,81.5,False,False
ST017,896,6,1348083.7,9.23,9.23,75.6,False,False
ST017,897,6,1173852.41,6.21,6.21,57.2,False,False
ST017,898,6,1371269.96,9.9,9.9,76.8,False,False
ST017,899,6,1550103.3,19.21,17.59,79.1,False,False
ST017,900,6,1338648.12,10.23,10.23,71.2,False,False
ST017,901,6,1249987.27,7.69,7.69,75.5,False,False
ST017,902,6,1475691.58,14.1,14.1,69.5,False,False
ST017,903,6,1184999.77,7.31,7.27,56.5,False,False
ST017,904,6,1431712.07,16.1,14.12,79.3,False,False
ST017,905,6,1485511.06,13.25,13.25,68.7,False,False
ST017,906,6,1540553.2,18.44,18.44,72.1,False,False
ST017,907,6,1133877.01,5.93,5.93,59.5,False,False
ST017,908,6,1496082.18,16.27,14.97,71.8,False,False
ST017,909,6,1265394.14,9.22,9.22,70.4,False,False
ST017,910,6,1283963.97,9.07,9.07,63.1,False,False
ST017,911,6,1077016.84,5.61,5.61,53.6,False,False
ST017,912,6,1458184.31,13.44,13.44,69.6,False,False
ST017,913,6,1536353.51,14.19,14.19,70.5,False,False
ST017,914,6,1271055.08,9.97,9.6,68.9,False,False
ST017,915,6,1441467.99,12.19,12.19,70.1,False,False
ST017,916,6,1473246.3,13.27,13.27,74.8,False,False
ST017,917,6,1499603.08,14.04,14.04,78.0,False,False
ST017,918,6,1439276.53,11.39,11.39,60.2,False,False
ST017,919,6,1373408.19,9.62,9.62,65.7,False,False
ST017,920,6,1450213.85,15.46,14.73,84.1,False,False
ST017,921,6,1371419.13,10.86,10.86,75.2,False,False
ST017,922,6,1396230.03,14.09,12.14,67.3,False,False
ST017,923,6,1447507.03,15.87,13.83,77.0,False,False
ST017,924,6,1445847.49,12.05,12.05,64.1,False,False
ST017,925,6,1219885.15,6.87,6.87,65.6,False,False
ST017,926,6,1141616.57,6.75,6.67,65.9,False,False
ST017,927,6,1173643.62,5.94,5.94,59.0,False,False
ST017,928,6,1370428.2,10.18,10.18,71.8,False,False
ST017,929,6,1195380.79,6.08,6.08,74.6,False,False
ST017,930,6,1343499.98,8.75,8.75,63.1,False,False
ST017,931,6,1516240.03,16.87,15.58,65.4,False,False
ST017,932,6,1379623.56,9.31,9.31,69.2,False,False
ST017,933,6,1109960.34,5.61,5.61,61.2,False,False
ST017,934,6,1132339.62,5.99,5.99,71.7,False,False
ST017,935,6,1128196.65,5.72,5.72,56.8,False,False
ST017,936,6,1454876.38,12.31,12.31,66.9,False,False
ST017,937,6,1336953.85,8.3,8.3,72.0,False,False
ST017,938,6,1600308.27,18.24,18.24,75.2,False,False
ST017,939,6,1111872.27,5.69,5.69,68.7,False,False
ST017,940,6,1369223.5,9.71,9.71,74.1,False,False
ST017,941,6,1538207.65,14.63,14.63,72.0,False,False
ST017,942,6,1395313.02,13.94,13.82,75.1,False,False
ST017,943,6,1294163.13,8.32,8.32,65.0,False,False
ST017,944,6,1201886.35,6.17,6.17,69.5,False,False
ST017,945,6,1348126.67,10.76,10.75,59.7,False,False
ST017,946,6,1344120.81,11.37,10.84,74.7,False,False
ST017,947,6,1492163.47,13.61,13.61,81.1,False,False
ST017,948,6,1453612.5,13.82,13.82,81.1,False,False
ST017,949,6,1345041.48,9.52,9.52,66.4,False,False
ST017,950,6,1457137.37,13.55,12.59,76.4,False,False
ST017,951,6,1479987.36,16.64,15.25,87.1,False,False
ST017,952,6,1460601.1,12.02,12.02,70.6,False,False
ST017,953,6,1284791.7,7.7,7.7,59.3,False,False
ST017,954,6,1412335.91,9.19,9.19,68.1,False,False
ST017,955,6,1496822.59,10.92,10.92,64.3,False,False
ST017,956,6,1365855.24,12.36,11.58,73.4,False,False
ST017,957,6,1197646.12,6.5,6.5,62.4,False,False
ST017,958,6,1615469.74,20.37,20.37,76.0,False,False
ST017,959,6,1260099.44,9.22,8.86,66.0,False,False
ST017,960,6,1283182.67,9.46,9.46,75.4,False,False
ST017,961,6,1292733.09,11.02,10.41,68.6,False,False
ST017,962,6,1135490.47,5.02,5.02,63.6,False,False
ST017,963,6,1363305.6,10.21,10.21,57.7,False,False
ST017,964,6,1538283.11,19.82,18.17,81.6,False,False
ST017,965,6,1088757.82,5.73,5.73,64.0,False,False
ST017,966,6,1186764.51,7.47,7.47,62.6,False,False
ST017,967,6,1556370.37,18.46,18.46,79.0,False,False
ST017,968,6,1367467.55,14.23,12.43,77.6,False,False
ST017,969,6,1425139.44,16.79,14.62,75.1,False,False
ST017,970,6,1407346.32,11.1,11.1,77.4,False,False
ST017,971,6,1315091.89,8.34,8.34,55.3,False,False
ST017,972,6,1113527.17,5.13,5.13,60.5,False,False
ST017,973,6,1260323.36,8.38,8.21,52.6,False,False
ST017,974,6,1445366.96,12.51,11.77,70.2,False,False
ST017,975,6,1145149.1,6.59,6.59,62.1,False,False
ST017,976,6,1228009.61,8.71,8.39,69.7,False,False
ST017,977,6,1087416.87,4.74,4.74,48.1,False,True
ST017,978,6,1573617.96,23.53,19.46,83.8,False,False
ST017,979,6,1302917.1,8.12,8.12,65.4,False,False
ST017,980,6,1438474.07,11.92,11.92,71.1,False,False
ST017,981,6,1312846.67,9.56,9.56,75.7,False,False
ST017,982,6,1190216.16,6.55,6.55,62.2,False,False
ST017,983,6,1467135.65,12.96,12.96,75.6,False,False
ST017,984,6,1292948.22,7.26,7.26,66.6,False,False
ST017,985,6,1364448.78,14.29,13.38,76.4,False,False
ST017,986,6,1250624.61,8.02,7.91,62.1,False,False
ST017,987,6,1216488.69,7.56,7.56,62.2,False,False
ST017,988,6,1273600.38,7.04,7.04,70.2,False,False
ST017,989,6,1427023.46,11.48,11.48,65.2,False,False
ST017,990,6,1434177.21,13.5,13.5,63.9,False,False
ST017,991,6,1314529.65,11.25,10.79,73.5,False,False
ST017,992,6,1323097.63,8.13,8.13,64.8,False,False
ST017,993,6,995928.7,3.93,3.93,58.7,False,False
ST017,994,6,1357712.55,13.56,11.89,67.8,False,False
ST017,995,6,1283725.91,8.23,8.23,58.1,False,False
ST017,996,6,1247419.62,7.68,7.68,69.0,False,False
ST017,997,6,1175041.32,7.53,7.37,63.3,False,False
ST017,998,6,1129722.74,5.59,5.59,63.3,False,False
ST017,999,6,1606656.37,20.1,20.1,78.3,False,False
ST017,1000,6,1543019.15,16.8,16.8,82.2,False,False
ST018,1,6,0.0,0.0,0.0,38.1,True,True
ST018,2,6,0.0,0.0,0.0,46.6,True,True
ST018,3,6,0.0,0.0,0.0,41.6,True,True
ST018,4,6,0.0,0.0,0.0,40.9,True,True
ST018,5,6,0.0,0.0,0.0,50.5,True,False
ST018,6,6,0.0,0.0,0.0,45.1,True,True
ST018,7,6,0.0,0.0,0.0,37.9,True,True
ST018,8,6,0.0,0.0,0.0,47.4,True,True
ST018,9,6,0.0,0.0,0.0,53.3,True,False
ST018,10,6,0.0,0.0,0.0,38.8,True,True
ST018,11,6,0.0,0.0,0.0,43.7,True,True
ST018,12,6,0.0,0.0,0.0,44.1,True,True
ST018,13,6,0.0,0.0,0.0,37.0,True,True
ST018,14,6,0.0,0.0,0.0,42.5,True,True
ST018,15,6,0.0,0.0,0.0,45.4,True,True
ST018,16,6,0.0,0.0,0.0,42.1,True,True
ST018,17,6,0.0,0.0,0.0,51.9,True,False
ST018,18,6,0.0,0.0,0.0,48.6,True,True
ST018,19,6,0.0,0.0,0.0,46.1,True,True
ST018,20,6,0.0,0.0,0.0,46.5,True,True
ST018,21,6,0.0,0.0,0.0,48.4,True,True
ST018,22,6,0.0,0.0,0.0,47.3,True,True
ST018,23,6,0.0,0.0,0.0,43.5,True,True
ST018,24,6,0.0,0.0,0.0,47.1,True,True
ST018,25,6,0.0,0.0,0.0,46.4,True,True
ST018,26,6,0.0,0.0,0.0,36.5,True,True
ST018,27,6,0.0,0.0,0.0,42.6,True,True
ST018,28,6,0.0,0.0,0.0,53.1,True,False
ST018,29,6,0.0,0.0,0.0,39.4,True,True
ST018,30,6,0.0,0.0,0.0,53.5,True,False
ST018,31,6,0.0,0.0,0.0,43.0,True,True
ST018,32,6,0.0,0.0,0.0,36.1,True,True
ST018,33,6,0.0,0.0,0.0,44.2,True,True
ST018,34,6,0.0,0.0,0.0,48.9,True,True
ST018,35,6,0.0,0.0,0.0,47.4,True,True
ST018,36,6,0.0,0.0,0.0,45.6,True,True
ST018,37,6,0.0,0.0,0.0,41.1,True,True
ST018,38,6,0.0,0.0,0.0,48.5,True,True
ST018,39,6,0.0,0.0,0.0,42.8,True,True
ST018,40,6,0.0,0.0,0.0,41.1,True,True
ST018,41,6,0.0,0.0,0.0,49.7,True,True
ST018,42,6,0.0,0.0,0.0,50.8,True,False
ST018,43,6,0.0,0.0,0.0,46.2,True,True
ST018,44,6,0.0,0.0,0.0,37.7,True,True
ST018,45,6,0.0,0.0,0.0,45.1,True,True
ST018,46,6,0.0,0.0,0.0,40.3,True,True
ST018,47,6,0.0,0.0,0.0,47.2,True,True
ST018,48,6,0.0,0.0,0.0,45.7,True,True
ST018,49,6,0.0,0.0,0.0,44.6,True,True
ST018,50,6,0.0,0.0,0.0,43.7,True,True
ST018,51,6,0.0,0.0,0.0,42.4,True,True
ST018,52,6,0.0,0.0,0.0,43.6,True,True
ST018,53,6,0.0,0.0,0.0,39.3,True,True
ST018,54,6,0.0,0.0,0.0,44.7,True,True
ST018,55,6,0.0,0.0,0.0,39.2,True,True
ST018,56,6,0.0,0.0,0.0,36.3,True,True
ST018,57,6,0.0,0.0,0.0,42.8,True,True
ST018,58,6,0.0,0.0,0.0,45.0,True,True
ST018,59,6,0.0,0.0,0.0,45.6,True,True
ST018,60,6,0.0,0.0,0.0,48.4,True,True
ST018,61,6,0.0,0.0,0.0,45.3,True,True
ST018,62,6,0.0,0.0,0.0,45.8,True,True
ST018,63,6,0.0,0.0,0.0,44.9,True,True
ST018,64,6,0.0,0.0,0.0,47.5,True,True
ST018,65,6,0.0,0.0,0.0,38.5,True,True
ST018,66,6,0.0,0.0,0.0,39.5,True,True
ST018,67,6,0.0,0.0,0.0,54.7,True,False
ST018,68,6,0.0,0.0,0.0,48.9,True,True
ST018,69,6,0.0,0.0,0.0,35.2,True,True
ST018,70,6,0.0,0.0,0.0,45.0,True,True
ST018,71,6,0.0,0.0,0.0,44.5,True,True
ST018,72,6,0.0,0.0,0.0,38.0,True,True
ST018,73,6,0.0,0.0,0.0,40.7,True,True
ST018,74,6,0.0,0.0,0.0,40.8,True,True
ST018,75,6,0.0,0.0,0.0,48.3,True,True
ST018,76,6,0.0,0.0,0.0,45.9,True,True
ST018,77,6,0.0,0.0,0.0,44.5,True,True
ST018,78,6,0.0,0.0,0.0,42.5,True,True
ST018,79,6,0.0,0.0,0.0,45.3,True,True
ST018,80,6,0.0,0.0,0.0,35.1,True,True
ST018,81,6,0.0,0.0,0.0,40.4,True,True
ST018,82,6,0.0,0.0,0.0,46.0,True,True
ST018,83,6,0.0,0.0,0.0,41.6,True,True
ST018,84,6,0.0,0.0,0.0,49.5,True,True
ST018,85,6,0.0,0.0,0.0,42.4,True,True
ST018,86,6,0.0,0.0,0.0,37.6,True,True
ST018,87,6,0.0,0.0,0.0,37.1,True,True
ST018,88,6,0.0,0.0,0.0,40.2,True,True
ST018,89,6,0.0,0.0,0.0,50.5,True,False
ST018,90,6,0.0,0.0,0.0,53.5,True,False
ST018,91,6,0.0,0.0,0.0,41.6,True,True
ST018,92,6,0.0,0.0,0.0,43.2,True,True
ST018,93,6,0.0,0.0,0.0,31.2,True,True
ST018,94,6,0.0,0.0,0.0,45.0,True,True
ST018,95,6,0.0,0.0,0.0,44.7,True,True
ST018,96,6,0.0,0.0,0.0,54.0,True,False
ST018,97,6,0.0,0.0,0.0,42.9,True,True
ST018,98,6,0.0,0.0,0.0,39.1,True,True
ST018,99,6,0.0,0.0,0.0,40.8,True,True
ST018,100,6,0.0,0.0,0.0,39.9,True,True
ST018,101,6,0.0,0.0,0.0,43.1,True,True
ST018,102,6,0.0,0.0,0.0,45.0,True,True
ST018,103,6,0.0,0.0,0.0,40.6,True,True
ST018,104,6,0.0,0.0,0.0,45.9,True,True
ST018,105,6,0.0,0.0,0.0,37.8,True,True
ST018,106,6,0.0,0.0,0.0,43.6,True,True
ST018,107,6,0.0,0.0,0.0,43.9,True,True
ST018,108,6,0.0,0.0,0.0,43.5,True,True
ST018,109,6,0.0,0.0,0.0,41.2,True,True
ST018,110,6,0.0,0.0,0.0,42.7,True,True
ST018,111,6,0.0,0.0,0.0,49.0,True,True
ST018,112,6,0.0,0.0,0.0,45.5,True,True
ST018,113,6,0.0,0.0,0.0,47.5,True,True
ST018,114,6,0.0,0.0,0.0,43.9,True,True
ST018,115,6,0.0,0.0,0.0,48.6,True,True
ST018,116,6,0.0,0.0,0.0,47.8,True,True
ST018,117,6,0.0,0.0,0.0,44.5,True,True
ST018,118,6,0.0,0.0,0.0,46.0,True,True
ST018,119,6,0.0,0.0,0.0,46.1,True,True
ST018,120,6,0.0,0.0,0.0,41.9,True,True
ST018,121,6,0.0,0.0,0.0,51.4,True,False
ST018,122,6,0.0,0.0,0.0,52.6,True,False
ST018,123,6,0.0,0.0,0.0,46.8,True,True
ST018,124,6,0.0,0.0,0.0,46.5,True,True
ST018,125,6,0.0,0.0,0.0,39.6,True,True
ST018,126,6,0.0,0.0,0.0,37.9,True,True
ST018,127,6,0.0,0.0,0.0,38.1,True,True
ST018,128,6,0.0,0.0,0.0,44.1,True,True
ST018,129,6,0.0,0.0,0.0,42.2,True,True
ST018,130,6,0.0,0.0,0.0,49.5,True,True
ST018,131,6,0.0,0.0,0.0,45.7,True,True
ST018,132,6,0.0,0.0,0.0,58.2,True,False
ST018,133,6,0.0,0.0,0.0,46.7,True,True
ST018,134,6,0.0,0.0,0.0,39.1,True,True
ST018,135,6,0.0,0.0,0.0,49.7,True,True
ST018,136,6,0.0,0.0,0.0,53.8,True,False
ST018,137,6,0.0,0.0,0.0,42.0,True,True
ST018,138,6,0.0,0.0,0.0,37.5,True,True
ST018,139,6,0.0,0.0,0.0,46.8,True,True
ST018,140,6,0.0,0.0,0.0,52.4,True,False
ST018,141,6,0.0,0.0,0.0,48.8,True,True
ST018,142,6,0.0,0.0,0.0,39.9,True,True
ST018,143,6,0.0,0.0,0.0,36.8,True,True
ST018,144,6,0.0,0.0,0.0,42.0,True,True
ST018,145,6,0.0,0.0,0.0,41.0,True,True
ST018,146,6,0.0,0.0,0.0,47.5,True,True
ST018,147,6,0.0,0.0,0.0,40.7,True,True
ST018,148,6,0.0,0.0,0.0,45.0,True,True
ST018,149,6,0.0,0.0,0.0,40.6,True,True
ST018,150,6,0.0,0.0,0.0,50.0,True,False
ST018,151,6,0.0,0.0,0.0,42.4,True,True
ST018,152,6,0.0,0.0,0.0,46.9,True,True
ST018,153,6,0.0,0.0,0.0,43.3,True,True
ST018,154,6,0.0,0.0,0.0,39.1,True,True
ST018,155,6,0.0,0.0,0.0,44.2,True,True
ST018,156,6,0.0,0.0,0.0,40.8,True,True
ST018,157,6,0.0,0.0,0.0,42.2,True,True
ST018,158,6,0.0,0.0,0.0,44.0,True,True
ST018,159,6,0.0,0.0,0.0,42.0,True,True
ST018,160,6,0.0,0.0,0.0,39.1,True,True
ST018,161,6,0.0,0.0,0.0,42.5,True,True
ST018,162,6,0.0,0.0,0.0,40.9,True,True
ST018,163,6,0.0,0.0,0.0,40.4,True,True
ST018,164,6,0.0,0.0,0.0,48.2,True,True
ST018,165,6,0.0,0.0,0.0,41.2,True,True
ST018,166,6,0.0,0.0,0.0,32.9,True,True
ST018,167,6,0.0,0.0,0.0,48.3,True,True
ST018,168,6,0.0,0.0,0.0,44.1,True,True
ST018,169,6,0.0,0.0,0.0,43.6,True,True
ST018,170,6,0.0,0.0,0.0,41.9,True,True
ST018,171,6,0.0,0.0,0.0,49.2,True,True
ST018,172,6,0.0,0.0,0.0,47.3,True,True
ST018,173,6,0.0,0.0,0.0,41.8,True,True
ST018,174,6,0.0,0.0,0.0,33.9,True,True
ST018,175,6,0.0,0.0,0.0,41.0,True,True
ST018,176,6,0.0,0.0,0.0,32.9,True,True
ST018,177,6,0.0,0.0,0.0,32.7,True,True
ST018,178,6,0.0,0.0,0.0,47.8,True,True
ST018,179,6,0.0,0.0,0.0,49.6,True,True
ST018,180,6,0.0,0.0,0.0,41.7,True,True
ST018,181,6,0.0,0.0,0.0,45.3,True,True
ST018,182,6,0.0,0.0,0.0,47.0,True,True
ST018,183,6,0.0,0.0,0.0,40.7,True,True
ST018,184,6,0.0,0.0,0.0,44.5,True,True
ST018,185,6,0.0,0.0,0.0,43.1,True,True
ST018,186,6,0.0,0.0,0.0,40.9,True,True
ST018,187,6,0.0,0.0,0.0,44.7,True,True
ST018,188,6,0.0,0.0,0.0,45.2,True,True
ST018,189,6,0.0,0.0,0.0,47.5,True,True
ST018,190,6,0.0,0.0,0.0,46.2,True,True
ST018,191,6,0.0,0.0,0.0,42.0,True,True
ST018,192,6,0.0,0.0,0.0,37.5,True,True
ST018,193,6,0.0,0.0,0.0,39.2,True,True
ST018,194,6,0.0,0.0,0.0,47.7,True,True
ST018,195,6,0.0,0.0,0.0,46.0,True,True
ST018,196,6,0.0,0.0,0.0,42.5,True,True
ST018,197,6,0.0,0.0,0.0,46.4,True,True
ST018,198,6,0.0,0.0,0.0,51.8,True,False
ST018,199,6,0.0,0.0,0.0,46.4,True,True
ST018,200,6,0.0,0.0,0.0,43.8,True,True
ST018,201,6,0.0,0.0,0.0,38.2,True,True
ST018,202,6,0.0,0.0,0.0,38.4,True,True
ST018,203,6,0.0,0.0,0.0,44.0,True,True
ST018,204,6,0.0,0.0,0.0,41.6,True,True
ST018,205,6,0.0,0.0,0.0,51.6,True,False
ST018,206,6,0.0,0.0,0.0,53.3,True,False
ST018,207,6,0.0,0.0,0.0,42.3,True,True
ST018,208,6,0.0,0.0,0.0,52.1,True,False
ST018,209,6,0.0,0.0,0.0,41.2,True,True
ST018,210,6,0.0,0.0,0.0,36.7,True,True
ST018,211,6,0.0,0.0,0.0,46.4,True,True
ST018,212,6,0.0,0.0,0.0,43.0,True,True
ST018,213,6,0.0,0.0,0.0,38.0,True,True
ST018,214,6,0.0,0.0,0.0,44.6,True,True
ST018,215,6,0.0,0.0,0.0,33.6,True,True
ST018,216,6,0.0,0.0,0.0,43.7,True,True
ST018,217,6,0.0,0.0,0.0,41.4,True,True
ST018,218,6,0.0,0.0,0.0,40.3,True,True
ST018,219,6,0.0,0.0,0.0,46.8,True,True
ST018,220,6,0.0,0.0,0.0,42.4,True,True
ST018,221,6,0.0,0.0,0.0,41.0,True,True
ST018,222,6,0.0,0.0,0.0,34.0,True,True
ST018,223,6,0.0,0.0,0.0,38.4,True,True
ST018,224,6,0.0,0.0,0.0,37.6,True,True
ST018,225,6,0.0,0.0,0.0,42.0,True,True
ST018,226,6,0.0,0.0,0.0,43.7,True,True
ST018,227,6,0.0,0.0,0.0,39.3,True,True
ST018,228,6,0.0,0.0,0.0,37.8,True,True
ST018,229,6,0.0,0.0,0.0,45.8,True,True
ST018,230,6,0.0,0.0,0.0,36.0,True,True
ST018,231,6,0.0,0.0,0.0,32.0,True,True
ST018,232,6,0.0,0.0,0.0,36.0,True,True
ST018,233,6,0.0,0.0,0.0,46.7,True,True
ST018,234,6,0.0,0.0,0.0,43.8,True,True
ST018,235,6,0.0,0.0,0.0,36.0,True,True
ST018,236,6,0.0,0.0,0.0,43.7,True,True
ST018,237,6,0.0,0.0,0.0,40.3,True,True
ST018,238,6,0.0,0.0,0.0,50.5,True,False
ST018,239,6,0.0,0.0,0.0,41.0,True,True
ST018,240,6,0.0,0.0,0.0,40.4,True,True
ST018,241,6,0.0,0.0,0.0,46.1,True,True
ST018,242,6,0.0,0.0,0.0,38.6,True,True
ST018,243,6,0.0,0.0,0.0,44.6,True,True
ST018,244,6,0.0,0.0,0.0,41.4,True,True
ST018,245,6,0.0,0.0,0.0,37.1,True,True
ST018,246,6,0.0,0.0,0.0,34.5,True,True
ST018,247,6,0.0,0.0,0.0,37.5,True,True
ST018,248,6,0.0,0.0,0.0,45.8,True,True
ST018,249,6,0.0,0.0,0.0,48.2,True,True
ST018,250,6,0.0,0.0,0.0,40.2,True,True
ST018,251,6,0.0,0.0,0.0,41.9,True,True
ST018,252,6,0.0,0.0,0.0,38.9,True,True
ST018,253,6,0.0,0.0,0.0,40.4,True,True
ST018,254,6,0.0,0.0,0.0,41.5,True,True
ST018,255,6,0.0,0.0,0.0,51.9,True,False
ST018,256,6,0.0,0.0,0.0,42.6,True,True
ST018,257,6,0.0,0.0,0.0,49.4,True,True
ST018,258,6,0.0,0.0,0.0,37.6,True,True
ST018,259,6,0.0,0.0,0.0,47.0,True,True
ST018,260,6,0.0,0.0,0.0,44.9,True,True
ST018,261,6,0.0,0.0,0.0,39.0,True,True
ST018,262,6,0.0,0.0,0.0,42.3,True,True
ST018,263,6,0.0,0.0,0.0,37.1,True,True
ST018,264,6,0.0,0.0,0.0,48.9,True,True
ST018,265,6,0.0,0.0,0.0,43.9,True,True
ST018,266,6,0.0,0.0,0.0,43.7,True,True
ST018,267,6,0.0,0.0,0.0,41.9,True,True
ST018,268,6,0.0,0.0,0.0,45.5,True,True
ST018,269,6,0.0,0.0,0.0,33.6,True,True
ST018,270,6,0.0,0.0,0.0,41.3,True,True
ST018,271,6,0.0,0.0,0.0,43.1,True,True
ST018,272,6,0.0,0.0,0.0,39.3,True,True
ST018,273,6,0.0,0.0,0.0,42.1,True,True
ST018,274,6,0.0,0.0,0.0,43.6,True,True
ST018,275,6,0.0,0.0,0.0,42.1,True,True
ST018,276,6,0.0,0.0,0.0,50.2,True,False
ST018,277,6,0.0,0.0,0.0,44.8,True,True
ST018,278,6,0.0,0.0,0.0,41.9,True,True
ST018,279,6,0.0,0.0,0.0,35.8,True,True
ST018,280,6,0.0,0.0,0.0,47.3,True,True
ST018,281,6,0.0,0.0,0.0,47.7,True,True
ST018,282,6,0.0,0.0,0.0,49.5,True,True
ST018,283,6,0.0,0.0,0.0,40.1,True,True
ST018,284,6,0.0,0.0,0.0,38.8,True,True
ST018,285,6,0.0,0.0,0.0,41.3,True,True
ST018,286,6,0.0,0.0,0.0,36.5,True,True
ST018,287,6,0.0,0.0,0.0,45.7,True,True
ST018,288,6,0.0,0.0,0.0,46.3,True,True
ST018,289,6,0.0,0.0,0.0,47.4,True,True
ST018,290,6,0.0,0.0,0.0,50.5,True,False
ST018,291,6,0.0,0.0,0.0,42.5,True,True
ST018,292,6,0.0,0.0,0.0,45.4,True,True
ST018,293,6,0.0,0.0,0.0,50.0,True,False
ST018,294,6,0.0,0.0,0.0,39.3,True,True
ST018,295,6,0.0,0.0,0.0,47.6,True,True
ST018,296,6,0.0,0.0,0.0,34.4,True,True
ST018,297,6,0.0,0.0,0.0,42.3,True,True
ST018,298,6,0.0,0.0,0.0,45.3,True,True
ST018,299,6,0.0,0.0,0.0,42.3,True,True
ST018,300,6,0.0,0.0,0.0,46.2,True,True
ST018,301,6,0.0,0.0,0.0,50.0,True,False
ST018,302,6,0.0,0.0,0.0,41.7,True,True
ST018,303,6,0.0,0.0,0.0,47.0,True,True
ST018,304,6,0.0,0.0,0.0,47.8,True,True
ST018,305,6,0.0,0.0,0.0,47.6,True,True
ST018,306,6,0.0,0.0,0.0,41.5,True,True
ST018,307,6,0.0,0.0,0.0,41.4,True,True
ST018,308,6,0.0,0.0,0.0,36.5,True,True
ST018,309,6,0.0,0.0,0.0,39.4,True,True
ST018,310,6,0.0,0.0,0.0,46.7,True,True
ST018,311,6,0.0,0.0,0.0,38.3,True,True
ST018,312,6,0.0,0.0,0.0,39.2,True,True
ST018,313,6,0.0,0.0,0.0,51.4,True,False
ST018,314,6,0.0,0.0,0.0,41.4,True,True
ST018,315,6,0.0,0.0,0.0,41.4,True,True
ST018,316,6,0.0,0.0,0.0,36.0,True,True
ST018,317,6,0.0,0.0,0.0,41.4,True,True
ST018,318,6,0.0,0.0,0.0,35.9,True,True
ST018,319,6,0.0,0.0,0.0,42.1,True,True
ST018,320,6,0.0,0.0,0.0,41.5,True,True
ST018,321,6,0.0,0.0,0.0,40.4,True,True
ST018,322,6,0.0,0.0,0.0,38.6,True,True
ST018,323,6,0.0,0.0,0.0,45.3,True,True
ST018,324,6,0.0,0.0,0.0,46.4,True,True
ST018,325,6,0.0,0.0,0.0,38.0,True,True
ST018,326,6,0.0,0.0,0.0,39.9,True,True
ST018,327,6,0.0,0.0,0.0,45.8,True,True
ST018,328,6,0.0,0.0,0.0,40.9,True,True
ST018,329,6,0.0,0.0,0.0,48.4,True,True
ST018,330,6,0.0,0.0,0.0,42.8,True,True
ST018,331,6,0.0,0.0,0.0,37.6,True,True
ST018,332,6,0.0,0.0,0.0,41.6,True,True
ST018,333,6,0.0,0.0,0.0,38.3,True,True
ST018,334,6,0.0,0.0,0.0,38.4,True,True
ST018,335,6,0.0,0.0,0.0,43.5,True,True
ST018,336,6,0.0,0.0,0.0,50.2,True,False
ST018,337,6,0.0,0.0,0.0,43.1,True,True
ST018,338,6,0.0,0.0,0.0,38.8,True,True
ST018,339,6,0.0,0.0,0.0,36.0,True,True
ST018,340,6,0.0,0.0,0.0,46.1,True,True
ST018,341,6,0.0,0.0,0.0,44.1,True,True
ST018,342,6,0.0,0.0,0.0,47.3,True,True
ST018,343,6,0.0,0.0,0.0,42.5,True,True
ST018,344,6,0.0,0.0,0.0,40.7,True,True
ST018,345,6,0.0,0.0,0.0,39.3,True,True
ST018,346,6,0.0,0.0,0.0,44.4,True,True
ST018,347,6,0.0,0.0,0.0,33.5,True,True
ST018,348,6,0.0,0.0,0.0,49.3,True,True
ST018,349,6,0.0,0.0,0.0,49.4,True,True
ST018,350,6,0.0,0.0,0.0,42.4,True,True
ST018,351,6,0.0,0.0,0.0,36.4,True,True
ST018,352,6,0.0,0.0,0.0,48.2,True,True
ST018,353,6,0.0,0.0,0.0,41.5,True,True
ST018,354,6,0.0,0.0,0.0,39.2,True,True
ST018,355,6,0.0,0.0,0.0,40.9,True,True
ST018,356,6,0.0,0.0,0.0,38.2,True,True
ST018,357,6,0.0,0.0,0.0,45.3,True,True
ST018,358,6,0.0,0.0,0.0,36.8,True,True
ST018,359,6,0.0,0.0,0.0,37.6,True,True
ST018,360,6,0.0,0.0,0.0,46.5,True,True
ST018,361,6,0.0,0.0,0.0,43.1,True,True
ST018,362,6,0.0,0.0,0.0,46.1,True,True
ST018,363,6,0.0,0.0,0.0,40.3,True,True
ST018,364,6,0.0,0.0,0.0,41.5,True,True
ST018,365,6,0.0,0.0,0.0,33.7,True,True
ST018,366,6,0.0,0.0,0.0,44.3,True,True
ST018,367,6,0.0,0.0,0.0,52.5,True,False
ST018,368,6,0.0,0.0,0.0,41.6,True,True
ST018,369,6,0.0,0.0,0.0,37.3,True,True
ST018,370,6,0.0,0.0,0.0,35.6,True,True
ST018,371,6,0.0,0.0,0.0,53.4,True,False
ST018,372,6,0.0,0.0,0.0,48.5,True,True
ST018,373,6,0.0,0.0,0.0,45.6,True,True
ST018,374,6,0.0,0.0,0.0,44.0,True,True
ST018,375,6,0.0,0.0,0.0,44.2,True,True
ST018,376,6,0.0,0.0,0.0,39.8,True,True
ST018,377,6,0.0,0.0,0.0,44.3,True,True
ST018,378,6,0.0,0.0,0.0,39.8,True,True
ST018,379,6,0.0,0.0,0.0,38.6,True,True
ST018,380,6,0.0,0.0,0.0,35.1,True,True
ST018,381,6,0.0,0.0,0.0,41.4,True,True
ST018,382,6,0.0,0.0,0.0,31.9,True,True
ST018,383,6,0.0,0.0,0.0,38.3,True,True
ST018,384,6,0.0,0.0,0.0,35.5,True,True
ST018,385,6,0.0,0.0,0.0,43.2,True,True
ST018,386,6,0.0,0.0,0.0,42.1,True,True
ST018,387,6,0.0,0.0,0.0,51.3,True,False
ST018,388,6,0.0,0.0,0.0,40.1,True,True
ST018,389,6,0.0,0.0,0.0,36.6,True,True
ST018,390,6,0.0,0.0,0.0,43.0,True,True
ST018,391,6,0.0,0.0,0.0,44.6,True,True
ST018,392,6,0.0,0.0,0.0,44.3,True,True
ST018,393,6,0.0,0.0,0.0,49.1,True,True
ST018,394,6,0.0,0.0,0.0,35.1,True,True
ST018,395,6,0.0,0.0,0.0,46.2,True,True
ST018,396,6,0.0,0.0,0.0,40.0,True,True
ST018,397,6,0.0,0.0,0.0,55.9,True,False
ST018,398,6,0.0,0.0,0.0,43.6,True,True
ST018,399,6,0.0,0.0,0.0,51.8,True,False
ST018,400,6,0.0,0.0,0.0,41.6,True,True
ST018,401,6,0.0,0.0,0.0,47.8,True,True
ST018,402,6,0.0,0.0,0.0,53.3,True,False
ST018,403,6,0.0,0.0,0.0,44.7,True,True
ST018,404,6,0.0,0.0,0.0,41.1,True,True
ST018,405,6,0.0,0.0,0.0,48.5,True,True
ST018,406,6,0.0,0.0,0.0,45.4,True,True
ST018,407,6,0.0,0.0,0.0,36.4,True,True
ST018,408,6,0.0,0.0,0.0,51.6,True,False
ST018,409,6,0.0,0.0,0.0,47.5,True,True
ST018,410,6,0.0,0.0,0.0,39.6,True,True
ST018,411,6,0.0,0.0,0.0,45.3,True,True
ST018,412,6,0.0,0.0,0.0,41.6,True,True
ST018,413,6,0.0,0.0,0.0,49.5,True,True
ST018,414,6,0.0,0.0,0.0,43.4,True,True
ST018,415,6,0.0,0.0,0.0,51.6,True,False
ST018,416,6,0.0,0.0,0.0,46.0,True,True
ST018,417,6,0.0,0.0,0.0,34.4,True,True
ST018,418,6,0.0,0.0,0.0,37.6,True,True
ST018,419,6,0.0,0.0,0.0,51.7,True,False
ST018,420,6,0.0,0.0,0.0,38.6,True,True
ST018,421,6,0.0,0.0,0.0,47.5,True,True
ST018,422,6,0.0,0.0,0.0,51.2,True,False
ST018,423,6,0.0,0.0,0.0,48.1,True,True
ST018,424,6,0.0,0.0,0.0,47.0,True,True
ST018,425,6,0.0,0.0,0.0,46.4,True,True
ST018,426,6,0.0,0.0,0.0,38.4,True,True
ST018,427,6,0.0,0.0,0.0,44.2,True,True
ST018,428,6,0.0,0.0,0.0,37.5,True,True
ST018,429,6,0.0,0.0,0.0,42.2,True,True
ST018,430,6,0.0,0.0,0.0,41.6,True,True
ST018,431,6,0.0,0.0,0.0,41.6,True,True
ST018,432,6,0.0,0.0,0.0,42.7,True,True
ST018,433,6,0.0,0.0,0.0,40.4,True,True
ST018,434,6,0.0,0.0,0.0,41.6,True,True
ST018,435,6,0.0,0.0,0.0,43.4,True,True
ST018,436,6,0.0,0.0,0.0,43.4,True,True
ST018,437,6,0.0,0.0,0.0,43.7,True,True
ST018,438,6,0.0,0.0,0.0,43.1,True,True
ST018,439,6,0.0,0.0,0.0,46.2,True,True
ST018,440,6,0.0,0.0,0.0,43.6,True,True
ST018,441,6,0.0,0.0,0.0,43.2,True,True
ST018,442,6,0.0,0.0,0.0,39.3,True,True
ST018,443,6,0.0,0.0,0.0,37.6,True,True
ST018,444,6,0.0,0.0,0.0,35.8,True,True
ST018,445,6,0.0,0.0,0.0,45.5,True,True
ST018,446,6,0.0,0.0,0.0,48.9,True,True
ST018,447,6,0.0,0.0,0.0,44.3,True,True
ST018,448,6,0.0,0.0,0.0,43.3,True,True
ST018,449,6,0.0,0.0,0.0,35.3,True,True
ST018,450,6,0.0,0.0,0.0,40.8,True,True
ST018,451,6,0.0,0.0,0.0,44.0,True,True
ST018,452,6,0.0,0.0,0.0,42.3,True,True
ST018,453,6,0.0,0.0,0.0,47.9,True,True
ST018,454,6,0.0,0.0,0.0,44.8,True,True
ST018,455,6,0.0,0.0,0.0,40.3,True,True
ST018,456,6,0.0,0.0,0.0,44.9,True,True
ST018,457,6,0.0,0.0,0.0,41.5,True,True
ST018,458,6,0.0,0.0,0.0,43.1,True,True
ST018,459,6,0.0,0.0,0.0,42.0,True,True
ST018,460,6,0.0,0.0,0.0,45.7,True,True
ST018,461,6,0.0,0.0,0.0,39.4,True,True
ST018,462,6,0.0,0.0,0.0,42.9,True,True
ST018,463,6,0.0,0.0,0.0,46.3,True,True
ST018,464,6,0.0,0.0,0.0,47.7,True,True
ST018,465,6,0.0,0.0,0.0,43.1,True,True
ST018,466,6,0.0,0.0,0.0,52.0,True,False
ST018,467,6,0.0,0.0,0.0,40.2,True,True
ST018,468,6,0.0,0.0,0.0,32.1,True,True
ST018,469,6,0.0,0.0,0.0,34.3,True,True
ST018,470,6,0.0,0.0,0.0,39.8,True,True
ST018,471,6,0.0,0.0,0.0,31.9,True,True
ST018,472,6,0.0,0.0,0.0,48.8,True,True
ST018,473,6,0.0,0.0,0.0,36.5,True,True
ST018,474,6,0.0,0.0,0.0,47.7,True,True
ST018,475,6,0.0,0.0,0.0,42.7,True,True
ST018,476,6,0.0,0.0,0.0,39.9,True,True
ST018,477,6,0.0,0.0,0.0,39.4,True,True
ST018,478,6,0.0,0.0,0.0,44.2,True,True
ST018,479,6,0.0,0.0,0.0,41.2,True,True
ST018,480,6,0.0,0.0,0.0,42.7,True,True
ST018,481,6,0.0,0.0,0.0,43.0,True,True
ST018,482,6,0.0,0.0,0.0,39.5,True,True
ST018,483,6,0.0,0.0,0.0,33.8,True,True
ST018,484,6,0.0,0.0,0.0,49.3,True,True
ST018,485,6,0.0,0.0,0.0,37.3,True,True
ST018,486,6,0.0,0.0,0.0,46.9,True,True
ST018,487,6,0.0,0.0,0.0,44.7,True,True
ST018,488,6,0.0,0.0,0.0,42.3,True,True
ST018,489,6,0.0,0.0,0.0,36.8,True,True
ST018,490,6,0.0,0.0,0.0,42.6,True,True
ST018,491,6,0.0,0.0,0.0,50.5,True,False
ST018,492,6,0.0,0.0,0.0,38.7,True,True
ST018,493,6,0.0,0.0,0.0,39.7,True,True
ST018,494,6,0.0,0.0,0.0,42.3,True,True
ST018,495,6,0.0,0.0,0.0,38.2,True,True
ST018,496,6,0.0,0.0,0.0,41.0,True,True
ST018,497,6,0.0,0.0,0.0,44.2,True,True
ST018,498,6,0.0,0.0,0.0,48.5,True,True
ST018,499,6,0.0,0.0,0.0,48.2,True,True
ST018,500,6,0.0,0.0,0.0,43.9,True,True
ST018,501,6,0.0,0.0,0.0,49.6,True,True
ST018,502,6,0.0,0.0,0.0,35.4,True,True
ST018,503,6,0.0,0.0,0.0,44.9,True,True
ST018,504,6,0.0,0.0,0.0,38.9,True,True
ST018,505,6,0.0,0.0,0.0,43.2,True,True
ST018,506,6,0.0,0.0,0.0,49.7,True,True
ST018,507,6,0.0,0.0,0.0,31.7,True,True
ST018,508,6,0.0,0.0,0.0,45.6,True,True
ST018,509,6,0.0,0.0,0.0,42.1,True,True
ST018,510,6,0.0,0.0,0.0,39.2,True,True
ST018,511,6,0.0,0.0,0.0,45.9,True,True
ST018,512,6,0.0,0.0,0.0,36.7,True,True
ST018,513,6,0.0,0.0,0.0,48.8,True,True
ST018,514,6,0.0,0.0,0.0,39.6,True,True
ST018,515,6,0.0,0.0,0.0,46.5,True,True
ST018,516,6,0.0,0.0,0.0,49.7,True,True
ST018,517,6,0.0,0.0,0.0,51.2,True,False
ST018,518,6,0.0,0.0,0.0,41.9,True,True
ST018,519,6,0.0,0.0,0.0,39.4,True,True
ST018,520,6,0.0,0.0,0.0,48.1,True,True
ST018,521,6,0.0,0.0,0.0,35.8,True,True
ST018,522,6,0.0,0.0,0.0,42.6,True,True
ST018,523,6,0.0,0.0,0.0,38.6,True,True
ST018,524,6,0.0,0.0,0.0,50.2,True,False
ST018,525,6,0.0,0.0,0.0,48.7,True,True
ST018,526,6,0.0,0.0,0.0,35.5,True,True
ST018,527,6,0.0,0.0,0.0,44.5,True,True
ST018,528,6,0.0,0.0,0.0,48.3,True,True
ST018,529,6,0.0,0.0,0.0,39.0,True,True
ST018,530,6,0.0,0.0,0.0,44.9,True,True
ST018,531,6,0.0,0.0,0.0,42.5,True,True
ST018,532,6,0.0,0.0,0.0,43.1,True,True
ST018,533,6,0.0,0.0,0.0,43.2,True,True
ST018,534,6,0.0,0.0,0.0,44.7,True,True
ST018,535,6,0.0,0.0,0.0,47.5,True,True
ST018,536,6,0.0,0.0,0.0,39.5,True,True
ST018,537,6,0.0,0.0,0.0,40.4,True,True
ST018,538,6,0.0,0.0,0.0,46.8,True,True
ST018,539,6,0.0,0.0,0.0,39.4,True,True
ST018,540,6,0.0,0.0,0.0,39.2,True,True
ST018,541,6,0.0,0.0,0.0,44.2,True,True
ST018,542,6,0.0,0.0,0.0,44.3,True,True
ST018,543,6,0.0,0.0,0.0,53.0,True,False
ST018,544,6,0.0,0.0,0.0,45.5,True,True
ST018,545,6,0.0,0.0,0.0,33.9,True,True
ST018,546,6,0.0,0.0,0.0,46.4,True,True
ST018,547,6,0.0,0.0,0.0,47.9,True,True
ST018,548,6,0.0,0.0,0.0,47.6,True,True
ST018,549,6,0.0,0.0,0.0,42.8,True,True
ST018,550,6,0.0,0.0,0.0,29.0,True,True
ST018,551,6,0.0,0.0,0.0,45.9,True,True
ST018,552,6,0.0,0.0,0.0,40.0,True,True
ST018,553,6,0.0,0.0,0.0,49.7,True,True
ST018,554,6,0.0,0.0,0.0,37.6,True,True
ST018,555,6,0.0,0.0,0.0,45.2,True,True
ST018,556,6,0.0,0.0,0.0,47.8,True,True
ST018,557,6,0.0,0.0,0.0,36.7,True,True
ST018,558,6,0.0,0.0,0.0,45.1,True,True
ST018,559,6,0.0,0.0,0.0,40.9,True,True
ST018,560,6,0.0,0.0,0.0,42.3,True,True
ST018,561,6,0.0,0.0,0.0,40.9,True,True
ST018,562,6,0.0,0.0,0.0,39.0,True,True
ST018,563,6,0.0,0.0,0.0,47.7,True,True
ST018,564,6,0.0,0.0,0.0,39.4,True,True
ST018,565,6,0.0,0.0,0.0,38.1,True,True
ST018,566,6,0.0,0.0,0.0,34.5,True,True
ST018,567,6,0.0,0.0,0.0,34.4,True,True
ST018,568,6,0.0,0.0,0.0,46.4,True,True
ST018,569,6,0.0,0.0,0.0,43.8,True,True
ST018,570,6,0.0,0.0,0.0,41.9,True,True
ST018,571,6,0.0,0.0,0.0,46.3,True,True
ST018,572,6,0.0,0.0,0.0,38.0,True,True
ST018,573,6,0.0,0.0,0.0,43.1,True,True
ST018,574,6,0.0,0.0,0.0,45.9,True,True
ST018,575,6,0.0,0.0,0.0,51.7,True,False
ST018,576,6,0.0,0.0,0.0,35.9,True,True
ST018,577,6,0.0,0.0,0.0,37.7,True,True
ST018,578,6,0.0,0.0,0.0,50.4,True,False
ST018,579,6,0.0,0.0,0.0,45.5,True,True
ST018,580,6,0.0,0.0,0.0,36.8,True,True
ST018,581,6,0.0,0.0,0.0,50.4,True,False
ST018,582,6,0.0,0.0,0.0,42.4,True,True
ST018,583,6,0.0,0.0,0.0,45.1,True,True
ST018,584,6,0.0,0.0,0.0,44.5,True,True
ST018,585,6,0.0,0.0,0.0,44.5,True,True
ST018,586,6,0.0,0.0,0.0,44.1,True,True
ST018,587,6,0.0,0.0,0.0,40.9,True,True
ST018,588,6,0.0,0.0,0.0,42.0,True,True
ST018,589,6,0.0,0.0,0.0,52.8,True,False
ST018,590,6,0.0,0.0,0.0,42.8,True,True
ST018,591,6,0.0,0.0,0.0,40.6,True,True
ST018,592,6,0.0,0.0,0.0,46.2,True,True
ST018,593,6,0.0,0.0,0.0,43.2,True,True
ST018,594,6,0.0,0.0,0.0,45.8,True,True
ST018,595,6,0.0,0.0,0.0,52.6,True,False
ST018,596,6,0.0,0.0,0.0,41.7,True,True
ST018,597,6,0.0,0.0,0.0,45.9,True,True
ST018,598,6,0.0,0.0,0.0,44.1,True,True
ST018,599,6,0.0,0.0,0.0,37.5,True,True
ST018,600,6,0.0,0.0,0.0,41.8,True,True
ST018,601,6,0.0,0.0,0.0,41.7,True,True
ST018,602,6,0.0,0.0,0.0,40.9,True,True
ST018,603,6,0.0,0.0,0.0,48.7,True,True
ST018,604,6,0.0,0.0,0.0,40.1,True,True
ST018,605,6,0.0,0.0,0.0,47.8,True,True
ST018,606,6,0.0,0.0,0.0,45.6,True,True
ST018,607,6,0.0,0.0,0.0,53.0,True,False
ST018,608,6,0.0,0.0,0.0,43.0,True,True
ST018,609,6,0.0,0.0,0.0,53.0,True,False
ST018,610,6,0.0,0.0,0.0,47.9,True,True
ST018,611,6,0.0,0.0,0.0,39.9,True,True
ST018,612,6,0.0,0.0,0.0,41.3,True,True
ST018,613,6,0.0,0.0,0.0,44.3,True,True
ST018,614,6,0.0,0.0,0.0,42.9,True,True
ST018,615,6,0.0,0.0,0.0,50.1,True,False
ST018,616,6,0.0,0.0,0.0,35.6,True,True
ST018,617,6,0.0,0.0,0.0,49.1,True,True
ST018,618,6,0.0,0.0,0.0,39.1,True,True
ST018,619,6,0.0,0.0,0.0,35.5,True,True
ST018,620,6,0.0,0.0,0.0,48.8,True,True
ST018,621,6,0.0,0.0,0.0,40.2,True,True
ST018,622,6,0.0,0.0,0.0,38.0,True,True
ST018,623,6,0.0,0.0,0.0,40.9,True,True
ST018,624,6,0.0,0.0,0.0,41.2,True,True
ST018,625,6,0.0,0.0,0.0,44.1,True,True
ST018,626,6,0.0,0.0,0.0,37.8,True,True
ST018,627,6,0.0,0.0,0.0,44.9,True,True
ST018,628,6,0.0,0.0,0.0,39.3,True,True
ST018,629,6,0.0,0.0,0.0,52.9,True,False
ST018,630,6,0.0,0.0,0.0,29.7,True,True
ST018,631,6,0.0,0.0,0.0,40.6,True,True
ST018,632,6,0.0,0.0,0.0,40.4,True,True
ST018,633,6,0.0,0.0,0.0,47.6,True,True
ST018,634,6,0.0,0.0,0.0,39.4,True,True
ST018,635,6,0.0,0.0,0.0,39.7,True,True
ST018,636,6,0.0,0.0,0.0,46.5,True,True
ST018,637,6,0.0,0.0,0.0,46.1,True,True
ST018,638,6,0.0,0.0,0.0,35.6,True,True
ST018,639,6,0.0,0.0,0.0,42.0,True,True
ST018,640,6,0.0,0.0,0.0,51.0,True,False
ST018,641,6,0.0,0.0,0.0,43.9,True,True
ST018,642,6,0.0,0.0,0.0,37.0,True,True
ST018,643,6,0.0,0.0,0.0,38.6,True,True
ST018,644,6,0.0,0.0,0.0,42.2,True,True
ST018,645,6,0.0,0.0,0.0,44.2,True,True
ST018,646,6,0.0,0.0,0.0,44.3,True,True
ST018,647,6,0.0,0.0,0.0,37.4,True,True
ST018,648,6,0.0,0.0,0.0,51.3,True,False
ST018,649,6,0.0,0.0,0.0,53.8,True,False
ST018,650,6,0.0,0.0,0.0,38.2,True,True
ST018,651,6,0.0,0.0,0.0,44.3,True,True
ST018,652,6,0.0,0.0,0.0,36.2,True,True
ST018,653,6,0.0,0.0,0.0,42.2,True,True
ST018,654,6,0.0,0.0,0.0,47.2,True,True
ST018,655,6,0.0,0.0,0.0,47.0,True,True
ST018,656,6,0.0,0.0,0.0,47.0,True,True
ST018,657,6,0.0,0.0,0.0,51.9,True,False
ST018,658,6,0.0,0.0,0.0,38.7,True,True
ST018,659,6,0.0,0.0,0.0,39.0,True,True
ST018,660,6,0.0,0.0,0.0,45.3,True,True
ST018,661,6,0.0,0.0,0.0,41.9,True,True
ST018,662,6,0.0,0.0,0.0,45.7,True,True
ST018,663,6,0.0,0.0,0.0,42.3,True,True
ST018,664,6,0.0,0.0,0.0,38.4,True,True
ST018,665,6,0.0,0.0,0.0,31.6,True,True
ST018,666,6,0.0,0.0,0.0,41.2,True,True
ST018,667,6,0.0,0.0,0.0,44.6,True,True
ST018,668,6,0.0,0.0,0.0,43.6,True,True
ST018,669,6,0.0,0.0,0.0,41.7,True,True
ST018,670,6,0.0,0.0,0.0,39.3,True,True
ST018,671,6,0.0,0.0,0.0,42.9,True,True
ST018,672,6,0.0,0.0,0.0,37.6,True,True
ST018,673,6,0.0,0.0,0.0,42.6,True,True
ST018,674,6,0.0,0.0,0.0,40.2,True,True
ST018,675,6,0.0,0.0,0.0,44.1,True,True
ST018,676,6,0.0,0.0,0.0,41.7,True,True
ST018,677,6,0.0,0.0,0.0,41.4,True,True
ST018,678,6,0.0,0.0,0.0,36.6,True,True
ST018,679,6,0.0,0.0,0.0,48.2,True,True
ST018,680,6,0.0,0.0,0.0,44.2,True,True
ST018,681,6,0.0,0.0,0.0,47.1,True,True
ST018,682,6,0.0,0.0,0.0,45.3,True,True
ST018,683,6,0.0,0.0,0.0,43.1,True,True
ST018,684,6,0.0,0.0,0.0,47.0,True,True
ST018,685,6,0.0,0.0,0.0,47.6,True,True
ST018,686,6,0.0,0.0,0.0,46.1,True,True
ST018,687,6,0.0,0.0,0.0,41.1,True,True
ST018,688,6,0.0,0.0,0.0,38.5,True,True
ST018,689,6,0.0,0.0,0.0,41.9,True,True
ST018,690,6,0.0,0.0,0.0,41.2,True,True
ST018,691,6,0.0,0.0,0.0,47.8,True,True
ST018,692,6,0.0,0.0,0.0,37.1,True,True
ST018,693,6,0.0,0.0,0.0,40.5,True,True
ST018,694,6,0.0,0.0,0.0,37.0,True,True
ST018,695,6,0.0,0.0,0.0,39.4,True,True
ST018,696,6,0.0,0.0,0.0,44.6,True,True
ST018,697,6,0.0,0.0,0.0,41.4,True,True
ST018,698,6,0.0,0.0,0.0,45.7,True,True
ST018,699,6,0.0,0.0,0.0,48.9,True,True
ST018,700,6,0.0,0.0,0.0,43.5,True,True
ST018,701,6,0.0,0.0,0.0,45.2,True,True
ST018,702,6,0.0,0.0,0.0,42.3,True,True
ST018,703,6,0.0,0.0,0.0,46.0,True,True
ST018,704,6,0.0,0.0,0.0,32.6,True,True
ST018,705,6,0.0,0.0,0.0,40.5,True,True
ST018,706,6,0.0,0.0,0.0,34.8,True,True
ST018,707,6,0.0,0.0,0.0,47.0,True,True
ST018,708,6,0.0,0.0,0.0,33.7,True,True
ST018,709,6,0.0,0.0,0.0,45.2,True,True
ST018,710,6,0.0,0.0,0.0,47.3,True,True
ST018,711,6,0.0,0.0,0.0,44.1,True,True
ST018,712,6,0.0,0.0,0.0,41.0,True,True
ST018,713,6,0.0,0.0,0.0,43.3,True,True
ST018,714,6,0.0,0.0,0.0,41.6,True,True
ST018,715,6,0.0,0.0,0.0,40.1,True,True
ST018,716,6,0.0,0.0,0.0,42.6,True,True
ST018,717,6,0.0,0.0,0.0,48.9,True,True
ST018,718,6,0.0,0.0,0.0,44.3,True,True
ST018,719,6,0.0,0.0,0.0,38.4,True,True
ST018,720,6,0.0,0.0,0.0,44.6,True,True
ST018,721,6,0.0,0.0,0.0,42.0,True,True
ST018,722,6,0.0,0.0,0.0,37.8,True,True
ST018,723,6,0.0,0.0,0.0,34.3,True,True
ST018,724,6,0.0,0.0,0.0,42.2,True,True
ST018,725,6,0.0,0.0,0.0,39.9,True,True
ST018,726,6,0.0,0.0,0.0,52.6,True,False
ST018,727,6,0.0,0.0,0.0,39.2,True,True
ST018,728,6,0.0,0.0,0.0,43.6,True,True
ST018,729,6,0.0,0.0,0.0,45.8,True,True
ST018,730,6,0.0,0.0,0.0,39.1,True,True
ST018,731,6,0.0,0.0,0.0,43.4,True,True
ST018,732,6,0.0,0.0,0.0,43.7,True,True
ST018,733,6,0.0,0.0,0.0,43.2,True,True
ST018,734,6,0.0,0.0,0.0,39.8,True,True
ST018,735,6,0.0,0.0,0.0,45.0,True,True
ST018,736,6,0.0,0.0,0.0,48.5,True,True
ST018,737,6,0.0,0.0,0.0,40.3,True,True
ST018,738,6,0.0,0.0,0.0,43.0,True,True
ST018,739,6,0.0,0.0,0.0,46.6,True,True
ST018,740,6,0.0,0.0,0.0,48.2,True,True
ST018,741,6,0.0,0.0,0.0,47.0,True,True
ST018,742,6,0.0,0.0,0.0,39.3,True,True
ST018,743,6,0.0,0.0,0.0,44.0,True,True
ST018,744,6,0.0,0.0,0.0,44.8,True,True
ST018,745,6,0.0,0.0,0.0,37.5,True,True
ST018,746,6,0.0,0.0,0.0,51.9,True,False
ST018,747,6,0.0,0.0,0.0,42.4,True,True
ST018,748,6,0.0,0.0,0.0,41.6,True,True
ST018,749,6,0.0,0.0,0.0,44.1,True,True
ST018,750,6,0.0,0.0,0.0,41.5,True,True
ST018,751,6,0.0,0.0,0.0,45.1,True,True
ST018,752,6,0.0,0.0,0.0,40.1,True,True
ST018,753,6,0.0,0.0,0.0,43.9,True,True
ST018,754,6,0.0,0.0,0.0,44.9,True,True
ST018,755,6,0.0,0.0,0.0,39.2,True,True
ST018,756,6,0.0,0.0,0.0,41.3,True,True
ST018,757,6,0.0,0.0,0.0,40.9,True,True
ST018,758,6,0.0,0.0,0.0,43.0,True,True
ST018,759,6,0.0,0.0,0.0,48.8,True,True
ST018,760,6,0.0,0.0,0.0,48.2,True,True
ST018,761,6,0.0,0.0,0.0,40.2,True,True
ST018,762,6,0.0,0.0,0.0,40.2,True,True
ST018,763,6,0.0,0.0,0.0,46.8,True,True
ST018,764,6,0.0,0.0,0.0,43.9,True,True
ST018,765,6,0.0,0.0,0.0,47.9,True,True
ST018,766,6,0.0,0.0,0.0,39.5,True,True
ST018,767,6,0.0,0.0,0.0,41.4,True,True
ST018,768,6,0.0,0.0,0.0,36.6,True,True
ST018,769,6,0.0,0.0,0.0,46.1,True,True
ST018,770,6,0.0,0.0,0.0,45.1,True,True
ST018,771,6,0.0,0.0,0.0,33.9,True,True
ST018,772,6,0.0,0.0,0.0,53.3,True,False
ST018,773,6,0.0,0.0,0.0,44.7,True,True
ST018,774,6,0.0,0.0,0.0,40.2,True,True
ST018,775,6,0.0,0.0,0.0,37.4,True,True
ST018,776,6,0.0,0.0,0.0,42.7,True,True
ST018,777,6,0.0,0.0,0.0,44.2,True,True
ST018,778,6,0.0,0.0,0.0,33.3,True,True
ST018,779,6,0.0,0.0,0.0,38.9,True,True
ST018,780,6,0.0,0.0,0.0,43.2,True,True
ST018,781,6,0.0,0.0,0.0,35.6,True,True
ST018,782,6,0.0,0.0,0.0,39.0,True,True
ST018,783,6,0.0,0.0,0.0,52.0,True,False
ST018,784,6,0.0,0.0,0.0,43.6,True,True
ST018,785,6,0.0,0.0,0.0,41.3,True,True
ST018,786,6,0.0,0.0,0.0,44.9,True,True
ST018,787,6,0.0,0.0,0.0,49.1,True,True
ST018,788,6,0.0,0.0,0.0,44.7,True,True
ST018,789,6,0.0,0.0,0.0,48.0,True,True
ST018,790,6,0.0,0.0,0.0,42.5,True,True
ST018,791,6,0.0,0.0,0.0,45.3,True,True
ST018,792,6,0.0,0.0,0.0,40.5,True,True
ST018,793,6,0.0,0.0,0.0,45.5,True,True
ST018,794,6,0.0,0.0,0.0,44.6,True,True
ST018,795,6,0.0,0.0,0.0,50.0,True,False
ST018,796,6,0.0,0.0,0.0,47.0,True,True
ST018,797,6,0.0,0.0,0.0,46.1,True,True
ST018,798,6,0.0,0.0,0.0,41.8,True,True
ST018,799,6,0.0,0.0,0.0,40.5,True,True
ST018,800,6,0.0,0.0,0.0,42.6,True,True
ST018,801,6,0.0,0.0,0.0,46.0,True,True
ST018,802,6,0.0,0.0,0.0,40.2,True,True
ST018,803,6,0.0,0.0,0.0,46.2,True,True
ST018,804,6,0.0,0.0,0.0,44.7,True,True
ST018,805,6,0.0,0.0,0.0,39.6,True,True
ST018,806,6,0.0,0.0,0.0,38.2,True,True
ST018,807,6,0.0,0.0,0.0,38.9,True,True
ST018,808,6,0.0,0.0,0.0,38.3,True,True
ST018,809,6,0.0,0.0,0.0,39.5,True,True
ST018,810,6,0.0,0.0,0.0,34.3,True,True
ST018,811,6,0.0,0.0,0.0,43.4,True,True
ST018,812,6,0.0,0.0,0.0,43.2,True,True
ST018,813,6,0.0,0.0,0.0,48.3,True,True
ST018,814,6,0.0,0.0,0.0,40.9,True,True
ST018,815,6,0.0,0.0,0.0,46.5,True,True
ST018,816,6,0.0,0.0,0.0,44.4,True,True
ST018,817,6,0.0,0.0,0.0,43.8,True,True
ST018,818,6,0.0,0.0,0.0,52.1,True,False
ST018,819,6,0.0,0.0,0.0,51.8,True,False
ST018,820,6,0.0,0.0,0.0,49.4,True,True
ST018,821,6,0.0,0.0,0.0,47.9,True,True
ST018,822,6,0.0,0.0,0.0,46.2,True,True
ST018,823,6,0.0,0.0,0.0,39.9,True,True
ST018,824,6,0.0,0.0,0.0,46.6,True,True
ST018,825,6,0.0,0.0,0.0,38.9,True,True
ST018,826,6,0.0,0.0,0.0,42.0,True,True
ST018,827,6,0.0,0.0,0.0,45.1,True,True
ST018,828,6,0.0,0.0,0.0,32.6,True,True
ST018,829,6,0.0,0.0,0.0,42.4,True,True
ST018,830,6,0.0,0.0,0.0,47.9,True,True
ST018,831,6,0.0,0.0,0.0,44.6,True,True
ST018,832,6,0.0,0.0,0.0,44.1,True,True
ST018,833,6,0.0,0.0,0.0,38.8,True,True
ST018,834,6,0.0,0.0,0.0,49.1,True,True
ST018,835,6,0.0,0.0,0.0,35.0,True,True
ST018,836,6,0.0,0.0,0.0,36.6,True,True
ST018,837,6,0.0,0.0,0.0,48.2,True,True
ST018,838,6,0.0,0.0,0.0,47.6,True,True
ST018,839,6,0.0,0.0,0.0,41.2,True,True
ST018,840,6,0.0,0.0,0.0,44.9,True,True
ST018,841,6,0.0,0.0,0.0,35.8,True,True
ST018,842,6,0.0,0.0,0.0,43.2,True,True
ST018,843,6,0.0,0.0,0.0,43.2,True,True
ST018,844,6,0.0,0.0,0.0,48.6,True,True
ST018,845,6,0.0,0.0,0.0,47.0,True,True
ST018,846,6,0.0,0.0,0.0,53.9,True,False
ST018,847,6,0.0,0.0,0.0,45.8,True,True
ST018,848,6,0.0,0.0,0.0,41.3,True,True
ST018,849,6,0.0,0.0,0.0,42.3,True,True
ST018,850,6,0.0,0.0,0.0,43.0,True,True
ST018,851,6,0.0,0.0,0.0,43.5,True,True
ST018,852,6,0.0,0.0,0.0,44.4,True,True
ST018,853,6,0.0,0.0,0.0,41.6,True,True
ST018,854,6,0.0,0.0,0.0,46.0,True,True
ST018,855,6,0.0,0.0,0.0,45.0,True,True
ST018,856,6,0.0,0.0,0.0,46.4,True,True
ST018,857,6,0.0,0.0,0.0,44.5,True,True
ST018,858,6,0.0,0.0,0.0,49.5,True,True
ST018,859,6,0.0,0.0,0.0,42.2,True,True
ST018,860,6,0.0,0.0,0.0,43.2,True,True
ST018,861,6,0.0,0.0,0.0,43.5,True,True
ST018,862,6,0.0,0.0,0.0,40.3,True,True
ST018,863,6,0.0,0.0,0.0,46.0,True,True
ST018,864,6,0.0,0.0,0.0,50.8,True,False
ST018,865,6,0.0,0.0,0.0,45.8,True,True
ST018,866,6,0.0,0.0,0.0,41.6,True,True
ST018,867,6,0.0,0.0,0.0,35.9,True,True
ST018,868,6,0.0,0.0,0.0,48.2,True,True
ST018,869,6,0.0,0.0,0.0,50.1,True,False
ST018,870,6,0.0,0.0,0.0,38.3,True,True
ST018,871,6,0.0,0.0,0.0,49.1,True,True
ST018,872,6,0.0,0.0,0.0,40.5,True,True
ST018,873,6,0.0,0.0,0.0,37.1,True,True
ST018,874,6,0.0,0.0,0.0,42.4,True,True
ST018,875,6,0.0,0.0,0.0,42.9,True,True
ST018,876,6,0.0,0.0,0.0,46.2,True,True
ST018,877,6,0.0,0.0,0.0,47.6,True,True
ST018,878,6,0.0,0.0,0.0,47.5,True,True
ST018,879,6,0.0,0.0,0.0,46.7,True,True
ST018,880,6,0.0,0.0,0.0,42.3,True,True
ST018,881,6,0.0,0.0,0.0,38.8,True,True
ST018,882,6,0.0,0.0,0.0,49.6,True,True
ST018,883,6,0.0,0.0,0.0,43.4,True,True
ST018,884,6,0.0,0.0,0.0,48.7,True,True
ST018,885,6,0.0,0.0,0.0,45.4,True,True
ST018,886,6,0.0,0.0,0.0,39.8,True,True
ST018,887,6,0.0,0.0,0.0,45.3,True,True
ST018,888,6,0.0,0.0,0.0,41.7,True,True
ST018,889,6,0.0,0.0,0.0,34.9,True,True
ST018,890,6,0.0,0.0,0.0,47.9,True,True
ST018,891,6,0.0,0.0,0.0,45.4,True,True
ST018,892,6,0.0,0.0,0.0,45.2,True,True
ST018,893,6,0.0,0.0,0.0,48.1,True,True
ST018,894,6,0.0,0.0,0.0,38.9,True,True
ST018,895,6,0.0,0.0,0.0,43.3,True,True
ST018,896,6,0.0,0.0,0.0,40.2,True,True
ST018,897,6,0.0,0.0,0.0,54.3,True,False
ST018,898,6,0.0,0.0,0.0,39.2,True,True
ST018,899,6,0.0,0.0,0.0,37.9,True,True
ST018,900,6,0.0,0.0,0.0,44.4,True,True
ST018,901,6,0.0,0.0,0.0,40.8,True,True
ST018,902,6,0.0,0.0,0.0,41.8,True,True
ST018,903,6,0.0,0.0,0.0,47.1,True,True
ST018,904,6,0.0,0.0,0.0,44.9,True,True
ST018,905,6,0.0,0.0,0.0,44.3,True,True
ST018,906,6,0.0,0.0,0.0,40.5,True,True
ST018,907,6,0.0,0.0,0.0,40.3,True,True
ST018,908,6,0.0,0.0,0.0,42.6,True,True
ST018,909,6,0.0,0.0,0.0,31.6,True,True
ST018,910,6,0.0,0.0,0.0,43.9,True,True
ST018,911,6,0.0,0.0,0.0,40.3,True,True
ST018,912,6,0.0,0.0,0.0,46.6,True,True
ST018,913,6,0.0,0.0,0.0,44.8,True,True
ST018,914,6,0.0,0.0,0.0,46.2,True,True
ST018,915,6,0.0,0.0,0.0,40.4,True,True
ST018,916,6,0.0,0.0,0.0,36.8,True,True
ST018,917,6,0.0,0.0,0.0,46.0,True,True
ST018,918,6,0.0,0.0,0.0,43.7,True,True
ST018,919,6,0.0,0.0,0.0,41.3,True,True
ST018,920,6,0.0,0.0,0.0,45.0,True,True
ST018,921,6,0.0,0.0,0.0,40.9,True,True
ST018,922,6,0.0,0.0,0.0,43.6,True,True
ST018,923,6,0.0,0.0,0.0,42.9,True,True
ST018,924,6,0.0,0.0,0.0,47.7,True,True
ST018,925,6,0.0,0.0,0.0,35.9,True,True
ST018,926,6,0.0,0.0,0.0,49.4,True,True
ST018,927,6,0.0,0.0,0.0,49.6,True,True
ST018,928,6,0.0,0.0,0.0,44.5,True,True
ST018,929,6,0.0,0.0,0.0,54.4,True,False
ST018,930,6,0.0,0.0,0.0,53.2,True,False
ST018,931,6,0.0,0.0,0.0,44.0,True,True
ST018,932,6,0.0,0.0,0.0,42.7,True,True
ST018,933,6,0.0,0.0,0.0,49.1,True,True
ST018,934,6,0.0,0.0,0.0,43.4,True,True
ST018,935,6,0.0,0.0,0.0,48.5,True,True
ST018,936,6,0.0,0.0,0.0,49.1,True,True
ST018,937,6,0.0,0.0,0.0,43.7,True,True
ST018,938,6,0.0,0.0,0.0,41.4,True,True
ST018,939,6,0.0,0.0,0.0,41.2,True,True
ST018,940,6,0.0,0.0,0.0,46.8,True,True
ST018,941,6,0.0,0.0,0.0,46.8,True,True
ST018,942,6,0.0,0.0,0.0,39.5,True,True
ST018,943,6,0.0,0.0,0.0,40.5,True,True
ST018,944,6,0.0,0.0,0.0,43.7,True,True
ST018,945,6,0.0,0.0,0.0,41.4,True,True
ST018,946,6,0.0,0.0,0.0,41.3,True,True
ST018,947,6,0.0,0.0,0.0,37.5,True,True
ST018,948,6,0.0,0.0,0.0,43.5,True,True
ST018,949,6,0.0,0.0,0.0,42.0,True,True
ST018,950,6,0.0,0.0,0.0,43.8,True,True
ST018,951,6,0.0,0.0,0.0,40.0,True,True
ST018,952,6,0.0,0.0,0.0,46.9,True,True
ST018,953,6,0.0,0.0,0.0,33.5,True,True
ST018,954,6,0.0,0.0,0.0,42.0,True,True
ST018,955,6,0.0,0.0,0.0,45.3,True,True
ST018,956,6,0.0,0.0,0.0,37.3,True,True
ST018,957,6,0.0,0.0,0.0,44.4,True,True
ST018,958,6,0.0,0.0,0.0,46.2,True,True
ST018,959,6,0.0,0.0,0.0,40.5,True,True
ST018,960,6,0.0,0.0,0.0,44.0,True,True
ST018,961,6,0.0,0.0,0.0,45.9,True,True
ST018,962,6,0.0,0.0,0.0,33.5,True,True
ST018,963,6,0.0,0.0,0.0,44.9,True,True
ST018,964,6,0.0,0.0,0.0,38.4,True,True
ST018,965,6,0.0,0.0,0.0,39.9,True,True
ST018,966,6,0.0,0.0,0.0,36.6,True,True
ST018,967,6,0.0,0.0,0.0,46.0,True,True
ST018,968,6,0.0,0.0,0.0,45.0,True,True
ST018,969,6,0.0,0.0,0.0,44.4,True,True
ST018,970,6,0.0,0.0,0.0,47.2,True,True
ST018,971,6,0.0,0.0,0.0,46.3,True,True
ST018,972,6,0.0,0.0,0.0,42.2,True,True
ST018,973,6,0.0,0.0,0.0,41.8,True,True
ST018,974,6,0.0,0.0,0.0,34.8,True,True
ST018,975,6,0.0,0.0,0.0,43.9,True,True
ST018,976,6,0.0,0.0,0.0,47.4,True,True
ST018,977,6,0.0,0.0,0.0,36.4,True,True
ST018,978,6,0.0,0.0,0.0,48.3,True,True
ST018,979,6,0.0,0.0,0.0,44.6,True,True
ST018,980,6,0.0,0.0,0.0,42.4,True,True
ST018,981,6,0.0,0.0,0.0,44.2,True,True
ST018,982,6,0.0,0.0,0.0,49.0,True,True
ST018,983,6,0.0,0.0,0.0,41.2,True,True
ST018,984,6,0.0,0.0,0.0,52.3,True,False
ST018,985,6,0.0,0.0,0.0,43.5,True,True
ST018,986,6,0.0,0.0,0.0,38.4,True,True
ST018,987,6,0.0,0.0,0.0,35.8,True,True
ST018,988,6,0.0,0.0,0.0,39.2,True,True
ST018,989,6,0.0,0.0,0.0,51.8,True,False
ST018,990,6,0.0,0.0,0.0,47.8,True,True
ST018,991,6,0.0,0.0,0.0,40.4,True,True
ST018,992,6,0.0,0.0,0.0,42.6,True,True
ST018,993,6,0.0,0.0,0.0,50.5,True,False
ST018,994,6,0.0,0.0,0.0,36.1,True,True
ST018,995,6,0.0,0.0,0.0,50.1,True,False
ST018,996,6,0.0,0.0,0.0,39.5,True,True
ST018,997,6,0.0,0.0,0.0,35.2,True,True
ST018,998,6,0.0,0.0,0.0,41.5,True,True
ST018,999,6,0.0,0.0,0.0,45.5,True,True
ST018,1000,6,0.0,0.0,0.0,42.0,True,True
